ISO-10303-21;
HEADER;
FILE_DESCRIPTION (( 'STEP AP203' ),
    '1' );
FILE_NAME ('ºÐ×Ó^L-1K1W1007851A.STEP',
    '2026-07-02T14:45:46',
    ( 'OxMarco' ),
    ( 'OxMarco' ),
    'SwSTEP 2.0',
    'SolidWorks 2025',
    '' );
FILE_SCHEMA (( 'CONFIG_CONTROL_DESIGN' ));
ENDSEC;

DATA;
#1 = ORIENTED_EDGE ( 'NONE', *, *, #11509, .T. ) ;
#2 = DIRECTION ( 'NONE',  ( -0.000000000000000000, -1.000000000000000000, -0.000000000000000000 ) ) ;
#3 = VECTOR ( 'NONE', #4984, 1000.000000000000000 ) ;
#4 = VERTEX_POINT ( 'NONE', #9366 ) ;
#5 = LINE ( 'NONE', #1109, #8861 ) ;
#6 = ORIENTED_EDGE ( 'NONE', *, *, #1087, .F. ) ;
#7 = EDGE_CURVE ( 'NONE', #5564, #3688, #9236, .T. ) ;
#8 = CARTESIAN_POINT ( 'NONE',  ( 69.94999999999997442, 48.70000000000000995, 4.999999999999998224 ) ) ;
#9 = CARTESIAN_POINT ( 'NONE',  ( 25.74999999999999289, 32.25000000000000000, -1.600000000000000311 ) ) ;
#10 = DIRECTION ( 'NONE',  ( -6.484876772350056834E-16, -1.000000000000000000, 0.000000000000000000 ) ) ;
#11 = CIRCLE ( 'NONE', #8525, 1.500000000000001332 ) ;
#12 = EDGE_CURVE ( 'NONE', #6810, #8020, #7867, .T. ) ;
#13 = VERTEX_POINT ( 'NONE', #7283 ) ;
#14 = DIRECTION ( 'NONE',  ( 1.000000000000000000, 0.000000000000000000, 0.000000000000000000 ) ) ;
#15 = CARTESIAN_POINT ( 'NONE',  ( 68.75000000000000000, 40.52874832153299423, 3.323999333381999488 ) ) ;
#16 = ORIENTED_EDGE ( 'NONE', *, *, #9187, .F. ) ;
#17 = PLANE ( 'NONE',  #8084 ) ;
#18 = ORIENTED_EDGE ( 'NONE', *, *, #6653, .F. ) ;
#19 = CARTESIAN_POINT ( 'NONE',  ( 24.30000000000000426, 55.74999999999999289, 1.100000659999999852 ) ) ;
#20 = ORIENTED_EDGE ( 'NONE', *, *, #1157, .F. ) ;
#21 = EDGE_LOOP ( 'NONE', ( #11150, #7389, #5625, #6709, #2936, #8657, #8137, #10168 ) ) ;
#22 = CARTESIAN_POINT ( 'NONE',  ( 70.25000000000000000, 73.75000000000000000, 3.404999829744057127 ) ) ;
#23 = VECTOR ( 'NONE', #8283, 1000.000000000000000 ) ;
#24 = DIRECTION ( 'NONE',  ( 1.000000000000000000, 1.299418334065024626E-16, 0.000000000000000000 ) ) ;
#25 = EDGE_LOOP ( 'NONE', ( #2047, #5880, #10205, #10971 ) ) ;
#26 = VECTOR ( 'NONE', #12009, 1000.000000000000000 ) ;
#27 = CARTESIAN_POINT ( 'NONE',  ( 69.59999999999999432, 29.00000000000000000, 9.999999999999998224 ) ) ;
#28 = CARTESIAN_POINT ( 'NONE',  ( 31.74999999999998579, 73.75000000000000000, 4.500000000000003553 ) ) ;
#29 = ADVANCED_FACE ( 'NONE', ( #11320 ), #11249, .F. ) ;
#30 = CARTESIAN_POINT ( 'NONE',  ( 71.79999999999999716, 32.25000000000000000, -67.93053710242747911 ) ) ;
#31 = EDGE_CURVE ( 'NONE', #8601, #11256, #12170, .T. ) ;
#32 = LINE ( 'NONE', #7962, #6032 ) ;
#33 = ORIENTED_EDGE ( 'NONE', *, *, #772, .T. ) ;
#34 = AXIS2_PLACEMENT_3D ( 'NONE', #6087, #10042, #8290 ) ;
#35 = VERTEX_POINT ( 'NONE', #1368 ) ;
#36 = VERTEX_POINT ( 'NONE', #5333 ) ;
#38 = PLANE ( 'NONE',  #1783 ) ;
#37 = VECTOR ( 'NONE', #8840, 1000.000000000000000 ) ;
#39 = ADVANCED_FACE ( 'NONE', ( #9302 ), #4955, .T. ) ;
#40 = CARTESIAN_POINT ( 'NONE',  ( 77.69999999999998863, 33.00749664306601261, -0.3000000000000012101 ) ) ;
#41 = UNCERTAINTY_MEASURE_WITH_UNIT (LENGTH_MEASURE( 1.000000000000000082E-05 ), #12188, 'distance_accuracy_value', 'NONE');
#42 = ORIENTED_EDGE ( 'NONE', *, *, #12864, .T. ) ;
#43 = EDGE_CURVE ( 'NONE', #6232, #7156, #5787, .T. ) ;
#44 = DIRECTION ( 'NONE',  ( 0.000000000000000000, 1.000000000000000000, 0.000000000000000000 ) ) ;
#45 = DIRECTION ( 'NONE',  ( 0.000000000000000000, -1.000000000000000000, 0.000000000000000000 ) ) ;
#46 = LINE ( 'NONE', #3902, #11712 ) ;
#47 = ADVANCED_FACE ( 'NONE', ( #3711 ), #1619, .F. ) ;
#48 = AXIS2_PLACEMENT_3D ( 'NONE', #1776, #5370, #9341 ) ;
#49 = DIRECTION ( 'NONE',  ( 0.000000000000000000, 0.000000000000000000, 1.000000000000000000 ) ) ;
#50 = CIRCLE ( 'NONE', #8358, 3.000000000000002665 ) ;
#51 = EDGE_CURVE ( 'NONE', #4242, #7123, #8271, .T. ) ;
#52 = CARTESIAN_POINT ( 'NONE',  ( 25.74999999999999289, 47.54999999999999716, 2.100000660000000519 ) ) ;
#53 = FACE_BOUND ( 'NONE', #2817, .T. ) ;
#54 = ADVANCED_FACE ( 'NONE', ( #12625 ), #8510, .F. ) ;
#55 = CARTESIAN_POINT ( 'NONE',  ( 58.64999999999999147, 25.75000000000000000, 0.02537095144379032663 ) ) ;
#56 = DIRECTION ( 'NONE',  ( 0.000000000000000000, 0.000000000000000000, -1.000000000000000000 ) ) ;
#57 = ORIENTED_EDGE ( 'NONE', *, *, #10804, .F. ) ;
#58 = DIRECTION ( 'NONE',  ( 0.000000000000000000, 0.000000000000000000, 1.000000000000000000 ) ) ;
#59 = DIRECTION ( 'NONE',  ( 0.000000000000000000, 0.000000000000000000, -1.000000000000000000 ) ) ;
#60 = CARTESIAN_POINT ( 'NONE',  ( -3.222557468481259850E-15, 24.79999999999999005, -5.000000000000000000 ) ) ;
#61 = ORIENTED_EDGE ( 'NONE', *, *, #11007, .T. ) ;
#62 = ADVANCED_BREP_SHAPE_REPRESENTATION ( '\X2\76d25b50\X0\^L-1K1W1007851A', ( #5138, #9859, #3433 ), #4224 ) ;
#63 = VECTOR ( 'NONE', #6412, 1000.000000000000000 ) ;
#64 = AXIS2_PLACEMENT_3D ( 'NONE', #511, #8573, #1679 ) ;
#65 = CARTESIAN_POINT ( 'NONE',  ( 70.49999999999998579, 32.67905841137542922, 0.000000000000000000 ) ) ;
#66 = VERTEX_POINT ( 'NONE', #9492 ) ;
#67 = CARTESIAN_POINT ( 'NONE',  ( 39.24999955999999912, 36.24999955999999912, -4.000000000000000000 ) ) ;
#68 = ORIENTED_EDGE ( 'NONE', *, *, #169, .T. ) ;
#69 = CARTESIAN_POINT ( 'NONE',  ( 33.24999999999997158, 74.75000000000000000, 4.499999999999999112 ) ) ;
#70 = VERTEX_POINT ( 'NONE', #6761 ) ;
#71 = DIRECTION ( 'NONE',  ( 0.000000000000000000, 1.172110456741089772E-16, -1.000000000000000000 ) ) ;
#72 = CARTESIAN_POINT ( 'NONE',  ( 25.74999999999998934, 69.74999999999998579, -67.93053710242747911 ) ) ;
#73 = VECTOR ( 'NONE', #3244, 1000.000000000000000 ) ;
#74 = AXIS2_PLACEMENT_3D ( 'NONE', #9693, #9757, #906 ) ;
#75 = FACE_OUTER_BOUND ( 'NONE', #937, .T. ) ;
#76 = ORIENTED_EDGE ( 'NONE', *, *, #11815, .F. ) ;
#77 = PLANE ( 'NONE',  #10473 ) ;
#78 = EDGE_CURVE ( 'NONE', #5326, #3875, #4612, .T. ) ;
#79 = CARTESIAN_POINT ( 'NONE',  ( 77.69999999999998863, 24.29999999999999716, 6.699999999999978861 ) ) ;
#80 = VECTOR ( 'NONE', #12662, 1000.000000000000000 ) ;
#81 = AXIS2_PLACEMENT_3D ( 'NONE', #4842, #5681, #5562 ) ;
#82 = ORIENTED_EDGE ( 'NONE', *, *, #12142, .T. ) ;
#83 = AXIS2_PLACEMENT_3D ( 'NONE', #7114, #10162, #9128 ) ;
#84 = DIRECTION ( 'NONE',  ( 0.000000000000000000, 0.000000000000000000, 1.000000000000000000 ) ) ;
#85 = EDGE_LOOP ( 'NONE', ( #11482, #6600, #12792, #10556 ) ) ;
#86 = CARTESIAN_POINT ( 'NONE',  ( 59.69999999999997442, 36.95000000000000284, 4.999999999999998224 ) ) ;
#87 = EDGE_LOOP ( 'NONE', ( #9672, #2360, #6346, #5258 ) ) ;
#88 = AXIS2_PLACEMENT_3D ( 'NONE', #2579, #10518, #6552 ) ;
#89 = ORIENTED_EDGE ( 'NONE', *, *, #1073, .T. ) ;
#90 = EDGE_CURVE ( 'NONE', #7562, #3492, #9533, .T. ) ;
#91 = CARTESIAN_POINT ( 'NONE',  ( 31.74999999999998579, 72.75000000000000000, 4.499999999999999112 ) ) ;
#92 = AXIS2_PLACEMENT_3D ( 'NONE', #5289, #9322, #4185 ) ;
#93 = VECTOR ( 'NONE', #8062, 1000.000000000000000 ) ;
#94 = DIRECTION ( 'NONE',  ( -1.299418334065024626E-16, 1.000000000000000000, 0.000000000000000000 ) ) ;
#95 = DIRECTION ( 'NONE',  ( 0.000000000000000000, -0.000000000000000000, 1.000000000000000000 ) ) ;
#96 = PLANE ( 'NONE',  #4686 ) ;
#97 = EDGE_CURVE ( 'NONE', #4892, #7546, #10734, .T. ) ;
#98 = CARTESIAN_POINT ( 'NONE',  ( 28.30000000000000071, 73.69999999999998863, 9.500000000000005329 ) ) ;
#99 = ORIENTED_EDGE ( 'NONE', *, *, #9424, .T. ) ;
#100 = AXIS2_PLACEMENT_3D ( 'NONE', #8814, #6730, #11483 ) ;
#101 = CIRCLE ( 'NONE', #1364, 0.7500000000000006661 ) ;
#102 = EDGE_LOOP ( 'NONE', ( #8974, #10724 ) ) ;
#103 = ORIENTED_EDGE ( 'NONE', *, *, #5415, .F. ) ;
#104 = PLANE ( 'NONE',  #2409 ) ;
#105 = LINE ( 'NONE', #11166, #8968 ) ;
#106 = ORIENTED_EDGE ( 'NONE', *, *, #2822, .T. ) ;
#107 = LINE ( 'NONE', #3956, #5330 ) ;
#108 = CIRCLE ( 'NONE', #7996, 0.5000000000000004441 ) ;
#109 = CYLINDRICAL_SURFACE ( 'NONE', #2957, 0.5000000000000004441 ) ;
#110 = CARTESIAN_POINT ( 'NONE',  ( 55.64999999999999147, 24.49999999999999289, 0.02537095144378989295 ) ) ;
#111 = AXIS2_PLACEMENT_3D ( 'NONE', #1524, #9462, #1333 ) ;
#112 = DIRECTION ( 'NONE',  ( -0.7071067811865474617, -0.7071067811865474617, 0.000000000000000000 ) ) ;
#113 = EDGE_CURVE ( 'NONE', #384, #3535, #7660, .T. ) ;
#114 = FACE_BOUND ( 'NONE', #21, .T. ) ;
#115 = LINE ( 'NONE', #5975, #12814 ) ;
#117 = FACE_OUTER_BOUND ( 'NONE', #10766, .T. ) ;
#116 = VECTOR ( 'NONE', #9590, 1000.000000000000000 ) ;
#118 = PLANE ( 'NONE',  #10687 ) ;
#119 = AXIS2_PLACEMENT_3D ( 'NONE', #3714, #5590, #6627 ) ;
#120 = CARTESIAN_POINT ( 'NONE',  ( 52.19999999999998153, 69.95000000000000284, 6.499999999999999112 ) ) ;
#121 = ORIENTED_EDGE ( 'NONE', *, *, #10459, .T. ) ;
#122 = EDGE_CURVE ( 'NONE', #6328, #11701, #7024, .T. ) ;
#123 = EDGE_CURVE ( 'NONE', #9569, #12006, #12430, .T. ) ;
#124 = LINE ( 'NONE', #9818, #12261 ) ;
#125 = CARTESIAN_POINT ( 'NONE',  ( 51.19999999999998863, 33.00749664306601261, 3.323999333381998600 ) ) ;
#126 = CIRCLE ( 'NONE', #6151, 1.000000000000000888 ) ;
#127 = VERTEX_POINT ( 'NONE', #3651 ) ;
#128 = CARTESIAN_POINT ( 'NONE',  ( 28.74999999999999289, 73.25000000000000000, -5.000000000000000000 ) ) ;
#129 = ORIENTED_EDGE ( 'NONE', *, *, #11169, .T. ) ;
#130 = AXIS2_PLACEMENT_3D ( 'NONE', #2834, #8748, #4529 ) ;
#131 = AXIS2_PLACEMENT_3D ( 'NONE', #710, #3582, #1623 ) ;
#132 = ADVANCED_FACE ( 'NONE', ( #4545 ), #834, .F. ) ;
#133 = EDGE_CURVE ( 'NONE', #12348, #11139, #8644, .T. ) ;
#134 = EDGE_CURVE ( 'NONE', #8077, #11670, #5525, .T. ) ;
#135 = DIRECTION ( 'NONE',  ( 0.000000000000000000, 0.7071067811865474617, 0.7071067811865474617 ) ) ;
#136 = CARTESIAN_POINT ( 'NONE',  ( 39.24999955999999912, 64.25000043999999377, -3.100000000000000533 ) ) ;
#137 = ORIENTED_EDGE ( 'NONE', *, *, #11251, .F. ) ;
#138 = LINE ( 'NONE', #3122, #5067 ) ;
#139 = VERTEX_POINT ( 'NONE', #8574 ) ;
#140 = AXIS2_PLACEMENT_3D ( 'NONE', #8251, #10065, #8111 ) ;
#141 = VECTOR ( 'NONE', #5915, 1000.000000000000000 ) ;
#142 = CARTESIAN_POINT ( 'NONE',  ( 74.13799999999999102, 65.71099999999999852, -3.000000000000000000 ) ) ;
#143 = EDGE_LOOP ( 'NONE', ( #4199, #1523, #10901, #1806 ) ) ;
#144 = CARTESIAN_POINT ( 'NONE',  ( 62.75000043999999377, 39.24999955999999912, -5.000000000000000000 ) ) ;
#145 = DIRECTION ( 'NONE',  ( -1.000000000000000000, 0.000000000000000000, 0.000000000000000000 ) ) ;
#146 = PLANE ( 'NONE',  #11905 ) ;
#147 = FACE_BOUND ( 'NONE', #4191, .T. ) ;
#148 = EDGE_LOOP ( 'NONE', ( #9888, #6719, #6105, #7767, #12365 ) ) ;
#149 = PLANE ( 'NONE',  #10043 ) ;
#150 = DIRECTION ( 'NONE',  ( 1.000000000000000000, 0.000000000000000000, 0.000000000000000000 ) ) ;
#151 = VERTEX_POINT ( 'NONE', #11514 ) ;
#152 = DIRECTION ( 'NONE',  ( 1.000000000000000000, 0.000000000000000000, 0.000000000000000000 ) ) ;
#153 = EDGE_LOOP ( 'NONE', ( #10335, #3180, #9628, #6655 ) ) ;
#154 = DIRECTION ( 'NONE',  ( 0.000000000000000000, -0.000000000000000000, -1.000000000000000000 ) ) ;
#155 = EDGE_LOOP ( 'NONE', ( #4847, #89 ) ) ;
#156 = ORIENTED_EDGE ( 'NONE', *, *, #6407, .T. ) ;
#157 = APPROVAL ( #651, 'æœª' ) ;
#158 = CARTESIAN_POINT ( 'NONE',  ( 37.24999955999998491, 39.24999955999999912, -5.000000000000000000 ) ) ;
#159 = ORIENTED_EDGE ( 'NONE', *, *, #10344, .F. ) ;
#160 = DIRECTION ( 'NONE',  ( -1.000000000000000000, 0.000000000000000000, 0.000000000000000000 ) ) ;
#161 = CARTESIAN_POINT ( 'NONE',  ( 70.94999999999997442, 48.20000000000000995, 7.999999999999998224 ) ) ;
#162 = CARTESIAN_POINT ( 'NONE',  ( 50.19999999999998153, 69.95000000000000284, 6.499999999999999112 ) ) ;
#163 = DIRECTION ( 'NONE',  ( -0.000000000000000000, -0.000000000000000000, 1.000000000000000000 ) ) ;
#164 = ORIENTED_EDGE ( 'NONE', *, *, #4268, .T. ) ;
#165 = ORIENTED_EDGE ( 'NONE', *, *, #1471, .F. ) ;
#166 = VERTEX_POINT ( 'NONE', #7602 ) ;
#167 = DIRECTION ( 'NONE',  ( 0.000000000000000000, -0.000000000000000000, -1.000000000000000000 ) ) ;
#168 = CARTESIAN_POINT ( 'NONE',  ( 76.25000000000000000, 39.77874832153298712, 3.252531611353764340 ) ) ;
#169 = EDGE_CURVE ( 'NONE', #3535, #4841, #3253, .T. ) ;
#170 = FACE_OUTER_BOUND ( 'NONE', #5044, .T. ) ;
#171 = CARTESIAN_POINT ( 'NONE',  ( 55.14999999999999147, 25.75000000000000000, 0.5253709514437903128 ) ) ;
#172 = DIRECTION ( 'NONE',  ( 0.000000000000000000, 0.000000000000000000, -1.000000000000000000 ) ) ;
#173 = CARTESIAN_POINT ( 'NONE',  ( 49.19999999999998153, 75.25000000000000000, 8.499999999999998224 ) ) ;
#174 = FACE_BOUND ( 'NONE', #7521, .T. ) ;
#175 = ORIENTED_EDGE ( 'NONE', *, *, #7504, .F. ) ;
#176 = FACE_OUTER_BOUND ( 'NONE', #7386, .T. ) ;
#177 = CARTESIAN_POINT ( 'NONE',  ( 50.44999999999998153, 36.45000000000000284, 8.499999999999998224 ) ) ;
#178 = DIRECTION ( 'NONE',  ( 0.000000000000000000, 0.000000000000000000, -1.000000000000000000 ) ) ;
#179 = ORIENTED_EDGE ( 'NONE', *, *, #3803, .F. ) ;
#180 = VECTOR ( 'NONE', #9116, 1000.000000000000000 ) ;
#181 = CARTESIAN_POINT ( 'NONE',  ( 70.94999999999997442, 58.19999999999998863, 4.999999999999998224 ) ) ;
#182 = LINE ( 'NONE', #1221, #4085 ) ;
#183 = LINE ( 'NONE', #3183, #8578 ) ;
#184 = EDGE_CURVE ( 'NONE', #8340, #12839, #10591, .T. ) ;
#185 = EDGE_CURVE ( 'NONE', #11402, #4705, #1681, .T. ) ;
#186 = DIRECTION ( 'NONE',  ( -1.000000000000000000, 0.000000000000000000, 0.000000000000000000 ) ) ;
#187 = CARTESIAN_POINT ( 'NONE',  ( 0.000000000000000000, 77.19999999999998863, 9.999999999999998224 ) ) ;
#188 = VERTEX_POINT ( 'NONE', #5655 ) ;
#189 = DIRECTION ( 'NONE',  ( -0.000000000000000000, 1.000000000000000000, 0.000000000000000000 ) ) ;
#190 = ORIENTED_EDGE ( 'NONE', *, *, #9097, .F. ) ;
#191 = CARTESIAN_POINT ( 'NONE',  ( 25.84999999999998721, 28.74999999999999645, -1.600000000000000311 ) ) ;
#192 = ORIENTED_EDGE ( 'NONE', *, *, #9750, .T. ) ;
#193 = DIRECTION ( 'NONE',  ( 0.000000000000000000, 0.000000000000000000, -1.000000000000000000 ) ) ;
#194 = CARTESIAN_POINT ( 'NONE',  ( 76.03895576983454418, 33.00749664306601261, 13.86814535675424764 ) ) ;
#195 = EDGE_CURVE ( 'NONE', #8987, #12839, #1750, .T. ) ;
#196 = CIRCLE ( 'NONE', #6014, 1.000000000000000000 ) ;
#197 = CARTESIAN_POINT ( 'NONE',  ( 28.74999999999999289, 76.25000000000000000, -5.000000000000000000 ) ) ;
#198 = EDGE_CURVE ( 'NONE', #12707, #10762, #115, .T. ) ;
#199 = CARTESIAN_POINT ( 'NONE',  ( 39.24999955999999912, 39.24999955999999912, -5.000000000000000000 ) ) ;
#200 = EDGE_CURVE ( 'NONE', #1985, #9962, #2015, .T. ) ;
#201 = VERTEX_POINT ( 'NONE', #12821 ) ;
#202 = EDGE_CURVE ( 'NONE', #11350, #9624, #4702, .T. ) ;
#203 = DIRECTION ( 'NONE',  ( 0.000000000000000000, -0.000000000000000000, 1.000000000000000000 ) ) ;
#204 = DIRECTION ( 'NONE',  ( -1.000000000000000000, -1.299418334065024626E-16, 0.000000000000000000 ) ) ;
#205 = AXIS2_PLACEMENT_3D ( 'NONE', #1567, #5535, #9498 ) ;
#206 = ORIENTED_EDGE ( 'NONE', *, *, #6841, .F. ) ;
#207 = DIRECTION ( 'NONE',  ( 1.299418334065024873E-16, -1.000000000000000000, 0.000000000000000000 ) ) ;
#208 = ORIENTED_EDGE ( 'NONE', *, *, #11491, .F. ) ;
#209 = LINE ( 'NONE', #11346, #4885 ) ;
#210 = ORIENTED_EDGE ( 'NONE', *, *, #2910, .T. ) ;
#211 = ORIENTED_EDGE ( 'NONE', *, *, #2832, .F. ) ;
#212 = EDGE_LOOP ( 'NONE', ( #8136, #11577, #8990, #7233 ) ) ;
#213 = FACE_OUTER_BOUND ( 'NONE', #7647, .T. ) ;
#214 = VECTOR ( 'NONE', #1929, 1000.000000000000000 ) ;
#215 = VERTEX_POINT ( 'NONE', #9876 ) ;
#216 = VECTOR ( 'NONE', #11049, 1000.000000000000000 ) ;
#217 = LINE ( 'NONE', #9916, #12351 ) ;
#218 = EDGE_CURVE ( 'NONE', #948, #711, #7188, .T. ) ;
#219 = CARTESIAN_POINT ( 'NONE',  ( 43.19999999999998153, 37.95000000000000284, 7.999999999999998224 ) ) ;
#220 = DIRECTION ( 'NONE',  ( -0.000000000000000000, -1.000000000000000000, -0.000000000000000000 ) ) ;
#221 = DIRECTION ( 'NONE',  ( -0.000000000000000000, -0.000000000000000000, -1.000000000000000000 ) ) ;
#222 = ORIENTED_EDGE ( 'NONE', *, *, #2673, .T. ) ;
#223 = AXIS2_PLACEMENT_3D ( 'NONE', #4523, #8424, #12405 ) ;
#224 = VERTEX_POINT ( 'NONE', #3841 ) ;
#225 = FACE_BOUND ( 'NONE', #4234, .T. ) ;
#226 = ORIENTED_EDGE ( 'NONE', *, *, #6206, .T. ) ;
#227 = VERTEX_POINT ( 'NONE', #975 ) ;
#228 = CARTESIAN_POINT ( 'NONE',  ( 61.64999999999999147, 25.75000000000000000, 0.5253709514437903128 ) ) ;
#229 = FACE_OUTER_BOUND ( 'NONE', #5151, .T. ) ;
#230 = VECTOR ( 'NONE', #7820, 1000.000000000000000 ) ;
#231 = DIRECTION ( 'NONE',  ( 0.000000000000000000, -0.000000000000000000, -1.000000000000000000 ) ) ;
#232 = DIRECTION ( 'NONE',  ( -1.000000000000000000, 0.000000000000000000, 0.000000000000000000 ) ) ;
#233 = LINE ( 'NONE', #7201, #12555 ) ;
#234 = FACE_BOUND ( 'NONE', #2853, .T. ) ;
#235 = DIRECTION ( 'NONE',  ( 1.000000000000000000, 1.299418334065024133E-16, -0.000000000000000000 ) ) ;
#236 = ORIENTED_EDGE ( 'NONE', *, *, #8317, .F. ) ;
#237 = VECTOR ( 'NONE', #9070, 1000.000000000000000 ) ;
#238 = EDGE_CURVE ( 'NONE', #11070, #11520, #3106, .T. ) ;
#239 = CARTESIAN_POINT ( 'NONE',  ( 48.74999999999999289, 67.25000043999999377, -3.100000000000000533 ) ) ;
#240 = DIRECTION ( 'NONE',  ( 0.000000000000000000, 1.000000000000000000, 0.000000000000000000 ) ) ;
#241 = CARTESIAN_POINT ( 'NONE',  ( 72.63799999999999102, 66.46100000000001273, 2.255601768855265199 ) ) ;
#242 = ORIENTED_EDGE ( 'NONE', *, *, #1618, .F. ) ;
#243 = ORIENTED_EDGE ( 'NONE', *, *, #10860, .F. ) ;
#244 = DIRECTION ( 'NONE',  ( 0.000000000000000000, -1.000000000000000000, -0.000000000000000000 ) ) ;
#245 = DIRECTION ( 'NONE',  ( -1.000000000000000000, 0.000000000000000000, 0.000000000000000000 ) ) ;
#246 = AXIS2_PLACEMENT_3D ( 'NONE', #6554, #3570, #8567 ) ;
#247 = CIRCLE ( 'NONE', #3164, 1.500000000000001332 ) ;
#248 = LINE ( 'NONE', #7339, #12325 ) ;
#249 = ORIENTED_EDGE ( 'NONE', *, *, #6716, .F. ) ;
#250 = DIRECTION ( 'NONE',  ( -1.000000000000000000, 0.000000000000000000, 0.000000000000000000 ) ) ;
#251 = DIRECTION ( 'NONE',  ( 1.000000000000000000, 0.000000000000000000, -0.000000000000000000 ) ) ;
#252 = ORIENTED_EDGE ( 'NONE', *, *, #6716, .T. ) ;
#253 = AXIS2_PLACEMENT_3D ( 'NONE', #11961, #12215, #11104 ) ;
#254 = CARTESIAN_POINT ( 'NONE',  ( 62.64999999999998437, 25.75000000000000000, 6.000000000000000000 ) ) ;
#255 = ORIENTED_EDGE ( 'NONE', *, *, #3945, .F. ) ;
#256 = CARTESIAN_POINT ( 'NONE',  ( 27.35000000000000142, 34.25000000000000000, -1.599999999999997202 ) ) ;
#257 = ORIENTED_EDGE ( 'NONE', *, *, #12777, .F. ) ;
#258 = FACE_OUTER_BOUND ( 'NONE', #5014, .T. ) ;
#259 = FACE_BOUND ( 'NONE', #6470, .T. ) ;
#260 = CARTESIAN_POINT ( 'NONE',  ( 48.74999999999999289, 27.35000000000000497, -4.000000000000000000 ) ) ;
#261 = EDGE_CURVE ( 'NONE', #3350, #1584, #7073, .T. ) ;
#262 = CARTESIAN_POINT ( 'NONE',  ( 55.14999999999999147, 24.49999999999999289, 5.999999999999999112 ) ) ;
#263 = ORIENTED_EDGE ( 'NONE', *, *, #4414, .F. ) ;
#264 = AXIS2_PLACEMENT_3D ( 'NONE', #6449, #6703, #12500 ) ;
#265 = CARTESIAN_POINT ( 'NONE',  ( 31.74999999999997158, 68.75000000000000000, 4.499999999999999112 ) ) ;
#266 = ORIENTED_EDGE ( 'NONE', *, *, #3386, .F. ) ;
#267 = PLANE ( 'NONE',  #10895 ) ;
#268 = PLANE ( 'NONE',  #4337 ) ;
#269 = ORIENTED_EDGE ( 'NONE', *, *, #4537, .T. ) ;
#270 = CARTESIAN_POINT ( 'NONE',  ( 28.30000000000001137, 28.29999999999999005, -5.000000000000000000 ) ) ;
#271 = ORIENTED_EDGE ( 'NONE', *, *, #10309, .F. ) ;
#272 = DIRECTION ( 'NONE',  ( 1.000000000000000000, 0.000000000000000000, 0.000000000000000000 ) ) ;
#273 = ORIENTED_EDGE ( 'NONE', *, *, #4498, .T. ) ;
#274 = ORIENTED_EDGE ( 'NONE', *, *, #11669, .T. ) ;
#275 = AXIS2_PLACEMENT_3D ( 'NONE', #8379, #4609, #2524 ) ;
#276 = ORIENTED_EDGE ( 'NONE', *, *, #4150, .F. ) ;
#277 = ADVANCED_FACE ( 'NONE', ( #6950 ), #4088, .T. ) ;
#278 = EDGE_CURVE ( 'NONE', #10762, #10784, #6364, .T. ) ;
#279 = CARTESIAN_POINT ( 'NONE',  ( 65.75000043999999377, 50.24999999999999289, -3.100000000000000533 ) ) ;
#280 = FACE_OUTER_BOUND ( 'NONE', #7349, .T. ) ;
#281 = ORIENTED_EDGE ( 'NONE', *, *, #12301, .T. ) ;
#282 = DIRECTION ( 'NONE',  ( 1.000000000000000000, 0.000000000000000000, 0.000000000000000000 ) ) ;
#283 = CARTESIAN_POINT ( 'NONE',  ( 73.14999999999999147, 50.24999999999999289, -4.000000000000000000 ) ) ;
#284 = EDGE_CURVE ( 'NONE', #10762, #3856, #5846, .T. ) ;
#285 = VECTOR ( 'NONE', #11872, 1000.000000000000000 ) ;
#286 = CARTESIAN_POINT ( 'NONE',  ( 73.25000000000000000, 28.74999999999999645, -1.600000000000000755 ) ) ;
#287 = ADVANCED_FACE ( 'NONE', ( #4876 ), #10509, .F. ) ;
#288 = EDGE_CURVE ( 'NONE', #409, #10957, #743, .T. ) ;
#289 = EDGE_LOOP ( 'NONE', ( #7760, #11048, #10565, #10604 ) ) ;
#290 = EDGE_LOOP ( 'NONE', ( #6916, #11442, #464, #5773, #4361, #2666, #6986, #7263, #6127, #1515 ) ) ;
#291 = FACE_OUTER_BOUND ( 'NONE', #11201, .T. ) ;
#292 = ORIENTED_EDGE ( 'NONE', *, *, #11336, .T. ) ;
#293 = ORIENTED_EDGE ( 'NONE', *, *, #7455, .F. ) ;
#294 = DIRECTION ( 'NONE',  ( -0.7071067811865474617, -0.7071067811865474617, 0.000000000000000000 ) ) ;
#295 = AXIS2_PLACEMENT_3D ( 'NONE', #6646, #3598, #11537 ) ;
#296 = DIRECTION ( 'NONE',  ( -1.299418334065024873E-16, 1.000000000000000000, 0.000000000000000000 ) ) ;
#297 = AXIS2_PLACEMENT_3D ( 'NONE', #9952, #1058, #1913 ) ;
#298 = FACE_OUTER_BOUND ( 'NONE', #1431, .T. ) ;
#299 = CARTESIAN_POINT ( 'NONE',  ( 57.64999999999999147, 24.29998799999999548, 0.5253709514437898687 ) ) ;
#300 = AXIS2_PLACEMENT_3D ( 'NONE', #7922, #9152, #11046 ) ;
#301 = CARTESIAN_POINT ( 'NONE',  ( 81.25000000000000000, 25.75000000000000000, 6.499999999999999112 ) ) ;
#302 = CARTESIAN_POINT ( 'NONE',  ( 70.54999999999999716, 70.50000000000000000, -67.93053710242747911 ) ) ;
#303 = DIRECTION ( 'NONE',  ( -0.000000000000000000, 0.000000000000000000, -1.000000000000000000 ) ) ;
#304 = AXIS2_PLACEMENT_3D ( 'NONE', #2952, #2888, #10024 ) ;
#305 = CIRCLE ( 'NONE', #4672, 0.7500000000000006661 ) ;
#306 = VERTEX_POINT ( 'NONE', #7795 ) ;
#307 = DIRECTION ( 'NONE',  ( 0.000000000000000000, -6.938893903907228378E-15, 1.000000000000000000 ) ) ;
#308 = AXIS2_PLACEMENT_3D ( 'NONE', #10870, #11665, #12704 ) ;
#309 = CARTESIAN_POINT ( 'NONE',  ( 31.74999999999995737, 33.24999999999999289, 4.499999999999999112 ) ) ;
#310 = FACE_OUTER_BOUND ( 'NONE', #9192, .T. ) ;
#311 = ORIENTED_EDGE ( 'NONE', *, *, #12587, .F. ) ;
#312 = ORIENTED_EDGE ( 'NONE', *, *, #10532, .F. ) ;
#313 = DIRECTION ( 'NONE',  ( 1.000000000000000000, 0.000000000000000000, -0.000000000000000000 ) ) ;
#314 = DIRECTION ( 'NONE',  ( -0.000000000000000000, -0.000000000000000000, -1.000000000000000000 ) ) ;
#315 = VECTOR ( 'NONE', #3823, 1000.000000000000000 ) ;
#316 = FACE_OUTER_BOUND ( 'NONE', #10783, .T. ) ;
#317 = VECTOR ( 'NONE', #7911, 1000.000000000000000 ) ;
#318 = DIRECTION ( 'NONE',  ( -0.000000000000000000, -0.000000000000000000, -1.000000000000000000 ) ) ;
#319 = CARTESIAN_POINT ( 'NONE',  ( 76.89999999999999147, 40.40749664306598987, 4.823999333381999932 ) ) ;
#320 = CARTESIAN_POINT ( 'NONE',  ( 62.75000043999999377, 65.75000043999999377, -3.100000000000000533 ) ) ;
#321 = ORIENTED_EDGE ( 'NONE', *, *, #7, .F. ) ;
#322 = DIRECTION ( 'NONE',  ( 0.7071067811865423547, 9.188275156154984039E-17, -0.7071067811865526798 ) ) ;
#323 = ORIENTED_EDGE ( 'NONE', *, *, #365, .T. ) ;
#324 = CIRCLE ( 'NONE', #7401, 2.900000000000003464 ) ;
#325 = PLANE ( 'NONE',  #7198 ) ;
#326 = ORIENTED_EDGE ( 'NONE', *, *, #832, .F. ) ;
#327 = DIRECTION ( 'NONE',  ( 1.000000000000000000, 0.000000000000000000, 0.000000000000000000 ) ) ;
#328 = AXIS2_PLACEMENT_3D ( 'NONE', #7849, #8033, #12016 ) ;
#329 = CARTESIAN_POINT ( 'NONE',  ( 27.35000000000000142, 32.25000000000000000, 35.97994811066136833 ) ) ;
#330 = DIRECTION ( 'NONE',  ( -0.000000000000000000, -0.000000000000000000, 1.000000000000000000 ) ) ;
#331 = EDGE_CURVE ( 'NONE', #597, #5740, #8960, .T. ) ;
#332 = VERTEX_POINT ( 'NONE', #4938 ) ;
#333 = CARTESIAN_POINT ( 'NONE',  ( 58.14999999999999147, 24.29999999999999361, 0.5253709514437898687 ) ) ;
#334 = ORIENTED_EDGE ( 'NONE', *, *, #10131, .F. ) ;
#335 = VECTOR ( 'NONE', #9609, 1000.000000000000000 ) ;
#336 = PERSON_AND_ORGANIZATION ( #6428, #3852 ) ;
#337 = VECTOR ( 'NONE', #3721, 1000.000000000000114 ) ;
#338 = DIRECTION ( 'NONE',  ( 0.000000000000000000, 0.000000000000000000, -1.000000000000000000 ) ) ;
#339 = CIRCLE ( 'NONE', #5332, 1.500000000000001332 ) ;
#340 = ORIENTED_EDGE ( 'NONE', *, *, #637, .F. ) ;
#341 = DIRECTION ( 'NONE',  ( -1.000000000000000000, -1.299418334065024626E-16, 0.000000000000000000 ) ) ;
#342 = ORIENTED_EDGE ( 'NONE', *, *, #6818, .F. ) ;
#343 = DIRECTION ( 'NONE',  ( 0.000000000000000000, 0.000000000000000000, -1.000000000000000000 ) ) ;
#344 = EDGE_LOOP ( 'NONE', ( #1230, #3121, #8441, #10566 ) ) ;
#345 = ORIENTED_EDGE ( 'NONE', *, *, #1632, .T. ) ;
#346 = ORIENTED_EDGE ( 'NONE', *, *, #8238, .T. ) ;
#347 = DIRECTION ( 'NONE',  ( -1.000000000000000000, 0.000000000000000000, 0.000000000000000000 ) ) ;
#348 = ORIENTED_EDGE ( 'NONE', *, *, #11387, .F. ) ;
#349 = DIRECTION ( 'NONE',  ( -0.000000000000000000, 0.000000000000000000, 1.000000000000000000 ) ) ;
#350 = EDGE_LOOP ( 'NONE', ( #7695, #9241, #4121, #2827 ) ) ;
#351 = LINE ( 'NONE', #4522, #11963 ) ;
#352 = EDGE_CURVE ( 'NONE', #10725, #3894, #12184, .T. ) ;
#353 = DIRECTION ( 'NONE',  ( -1.000000000000000000, 0.000000000000000000, 0.000000000000000000 ) ) ;
#354 = EDGE_CURVE ( 'NONE', #3807, #3078, #7014, .T. ) ;
#355 = VERTEX_POINT ( 'NONE', #900 ) ;
#356 = EDGE_CURVE ( 'NONE', #8447, #597, #6885, .T. ) ;
#357 = ORIENTED_EDGE ( 'NONE', *, *, #1226, .F. ) ;
#358 = CARTESIAN_POINT ( 'NONE',  ( 71.44999999999997442, 53.94999999999999574, 8.499999999999998224 ) ) ;
#359 = ORIENTED_EDGE ( 'NONE', *, *, #12381, .F. ) ;
#360 = VERTEX_POINT ( 'NONE', #11833 ) ;
#361 = DIRECTION ( 'NONE',  ( 0.000000000000000000, 0.000000000000000000, -1.000000000000000000 ) ) ;
#362 = CARTESIAN_POINT ( 'NONE',  ( 76.00822713100416195, 40.33226733032444855, 2.716966644636678030 ) ) ;
#363 = ADVANCED_FACE ( 'NONE', ( #10852 ), #6567, .F. ) ;
#364 = DIRECTION ( 'NONE',  ( 0.000000000000000000, 0.000000000000000000, 1.000000000000000000 ) ) ;
#365 = EDGE_CURVE ( 'NONE', #10784, #8504, #7917, .T. ) ;
#366 = PLANE ( 'NONE',  #7110 ) ;
#367 = EDGE_CURVE ( 'NONE', #3729, #2682, #4549, .T. ) ;
#368 = EDGE_CURVE ( 'NONE', #12467, #7586, #11351, .T. ) ;
#369 = CARTESIAN_POINT ( 'NONE',  ( 62.75000043999999377, 64.25000043999999377, -1.500000000000000000 ) ) ;
#370 = ADVANCED_FACE ( 'NONE', ( #3579 ), #6979, .F. ) ;
#371 = DIRECTION ( 'NONE',  ( 0.000000000000000000, 1.000000000000000000, 0.000000000000000000 ) ) ;
#372 = ADVANCED_FACE ( 'NONE', ( #12629 ), #1684, .F. ) ;
#373 = DIRECTION ( 'NONE',  ( 0.000000000000000000, 1.000000000000000000, 0.000000000000000000 ) ) ;
#374 = ORIENTED_EDGE ( 'NONE', *, *, #5772, .T. ) ;
#375 = PLANE ( 'NONE',  #12890 ) ;
#376 = DIRECTION ( 'NONE',  ( 0.000000000000000000, -1.000000000000000000, 0.000000000000000000 ) ) ;
#377 = DIRECTION ( 'NONE',  ( 1.000000000000000000, 0.000000000000000000, 0.000000000000000000 ) ) ;
#378 = ORIENTED_EDGE ( 'NONE', *, *, #6971, .T. ) ;
#379 = VERTEX_POINT ( 'NONE', #6503 ) ;
#380 = CARTESIAN_POINT ( 'NONE',  ( 39.24999955999999912, 65.75000043999999377, -3.100000000000000533 ) ) ;
#381 = DIRECTION ( 'NONE',  ( -1.000000000000000000, 0.000000000000000000, 0.000000000000000000 ) ) ;
#382 = CYLINDRICAL_SURFACE ( 'NONE', #2974, 1.000000000000000888 ) ;
#383 = EDGE_CURVE ( 'NONE', #7231, #2938, #10298, .T. ) ;
#384 = VERTEX_POINT ( 'NONE', #4614 ) ;
#385 = DIRECTION ( 'NONE',  ( 0.000000000000000000, 0.000000000000000000, -1.000000000000000000 ) ) ;
#386 = CC_DESIGN_PERSON_AND_ORGANIZATION_ASSIGNMENT ( #589, #6638, ( #903 ) ) ;
#387 = VECTOR ( 'NONE', #12506, 1000.000000000000000 ) ;
#388 = LINE ( 'NONE', #6242, #9561 ) ;
#389 = VERTEX_POINT ( 'NONE', #5657 ) ;
#390 = CARTESIAN_POINT ( 'NONE',  ( 58.64999999999999147, 24.29999999999999361, 0.5253709514437902017 ) ) ;
#391 = VERTEX_POINT ( 'NONE', #2659 ) ;
#392 = DIRECTION ( 'NONE',  ( 0.000000000000000000, 0.000000000000000000, -1.000000000000000000 ) ) ;
#393 = VERTEX_POINT ( 'NONE', #7417 ) ;
#394 = CARTESIAN_POINT ( 'NONE',  ( 63.14999999999998437, 24.49999999999997158, 6.499999999999999112 ) ) ;
#395 = DIRECTION ( 'NONE',  ( 1.000000000000000000, 0.000000000000000000, 0.000000000000000000 ) ) ;
#396 = FACE_OUTER_BOUND ( 'NONE', #87, .T. ) ;
#397 = VECTOR ( 'NONE', #12433, 1000.000000000000000 ) ;
#398 = FACE_OUTER_BOUND ( 'NONE', #6514, .T. ) ;
#399 = ORIENTED_EDGE ( 'NONE', *, *, #9095, .F. ) ;
#400 = DIRECTION ( 'NONE',  ( 0.000000000000000000, 0.000000000000000000, 1.000000000000000000 ) ) ;
#401 = DIRECTION ( 'NONE',  ( 0.000000000000000000, 0.000000000000000000, -1.000000000000000000 ) ) ;
#402 = VERTEX_POINT ( 'NONE', #708 ) ;
#403 = CARTESIAN_POINT ( 'NONE',  ( 65.75000043999999377, 62.75000043999999377, -3.100000000000000533 ) ) ;
#404 = EDGE_CURVE ( 'NONE', #6180, #7763, #10080, .T. ) ;
#405 = VERTEX_POINT ( 'NONE', #6441 ) ;
#406 = FACE_OUTER_BOUND ( 'NONE', #3731, .T. ) ;
#407 = EDGE_LOOP ( 'NONE', ( #8698, #9004 ) ) ;
#408 = AXIS2_PLACEMENT_3D ( 'NONE', #7208, #10562, #1213 ) ;
#409 = VERTEX_POINT ( 'NONE', #8512 ) ;
#410 = ORIENTED_EDGE ( 'NONE', *, *, #1429, .T. ) ;
#411 = CARTESIAN_POINT ( 'NONE',  ( 28.74999999999999289, 76.14999999999999147, 21.50000000000000000 ) ) ;
#412 = EDGE_LOOP ( 'NONE', ( #5297, #4911 ) ) ;
#413 = DIRECTION ( 'NONE',  ( 0.000000000000000000, 0.000000000000000000, 1.000000000000000000 ) ) ;
#414 = CIRCLE ( 'NONE', #7681, 1.500000000000001332 ) ;
#415 = VECTOR ( 'NONE', #3395, 1000.000000000000000 ) ;
#416 = AXIS2_PLACEMENT_3D ( 'NONE', #1717, #6917, #5756 ) ;
#417 = CARTESIAN_POINT ( 'NONE',  ( 73.00000000000000000, 73.00000000000000000, 6.499999999999999112 ) ) ;
#418 = DIRECTION ( 'NONE',  ( 0.000000000000000000, 0.000000000000000000, -1.000000000000000000 ) ) ;
#419 = ORIENTED_EDGE ( 'NONE', *, *, #6494, .F. ) ;
#420 = VERTEX_POINT ( 'NONE', #3653 ) ;
#421 = CARTESIAN_POINT ( 'NONE',  ( 74.13799999999999102, 65.71099999999999852, -4.000000000000000000 ) ) ;
#422 = EDGE_LOOP ( 'NONE', ( #12113, #5175, #10330, #11807 ) ) ;
#423 = ORIENTED_EDGE ( 'NONE', *, *, #12392, .T. ) ;
#424 = LINE ( 'NONE', #2250, #8007 ) ;
#425 = VECTOR ( 'NONE', #8560, 1000.000000000000000 ) ;
#426 = AXIS2_PLACEMENT_3D ( 'NONE', #4883, #7802, #10984 ) ;
#427 = CARTESIAN_POINT ( 'NONE',  ( 71.44999999999997442, 51.44999999999999574, 8.499999999999998224 ) ) ;
#428 = CARTESIAN_POINT ( 'NONE',  ( 53.25000000000000000, 27.35000000000000497, -3.100000000000000533 ) ) ;
#429 = DIRECTION ( 'NONE',  ( 0.000000000000000000, 0.000000000000000000, -1.000000000000000000 ) ) ;
#430 = EDGE_CURVE ( 'NONE', #5556, #9444, #7606, .T. ) ;
#431 = DIRECTION ( 'NONE',  ( 1.000000000000000000, 0.000000000000000000, 0.000000000000000000 ) ) ;
#432 = EDGE_CURVE ( 'NONE', #9480, #746, #1621, .T. ) ;
#433 = DIRECTION ( 'NONE',  ( -1.000000000000000000, 0.000000000000000000, 0.000000000000000000 ) ) ;
#434 = VECTOR ( 'NONE', #7845, 1000.000000000000000 ) ;
#435 = CARTESIAN_POINT ( 'NONE',  ( 49.44999999999997442, 25.75000000000000000, 6.499999999999999112 ) ) ;
#436 = ORIENTED_EDGE ( 'NONE', *, *, #9184, .F. ) ;
#437 = DIRECTION ( 'NONE',  ( 0.000000000000000000, -0.000000000000000000, -1.000000000000000000 ) ) ;
#438 = ADVANCED_FACE ( 'NONE', ( #10660 ), #8653, .F. ) ;
#439 = CARTESIAN_POINT ( 'NONE',  ( 76.25000000000000000, 76.25000000000000000, 0.000000000000000000 ) ) ;
#440 = EDGE_CURVE ( 'NONE', #7801, #2765, #11647, .T. ) ;
#441 = DIRECTION ( 'NONE',  ( -1.299418334065024873E-16, 1.000000000000000000, 0.000000000000000000 ) ) ;
#442 = ORIENTED_EDGE ( 'NONE', *, *, #3954, .T. ) ;
#443 = ORIENTED_EDGE ( 'NONE', *, *, #9316, .T. ) ;
#444 = EDGE_CURVE ( 'NONE', #5270, #12708, #8577, .T. ) ;
#445 = DIRECTION ( 'NONE',  ( -1.000000000000000000, 0.000000000000000000, 0.000000000000000000 ) ) ;
#446 = DIRECTION ( 'NONE',  ( -1.000000000000000000, 0.000000000000000000, 0.000000000000000000 ) ) ;
#447 = FACE_OUTER_BOUND ( 'NONE', #2214, .T. ) ;
#448 = EDGE_CURVE ( 'NONE', #3668, #10482, #2774, .T. ) ;
#449 = CONICAL_SURFACE ( 'NONE', #4822, 0.6999999999999984013, 0.7853981633974471688 ) ;
#450 = EDGE_CURVE ( 'NONE', #9337, #8817, #3457, .T. ) ;
#451 = EDGE_CURVE ( 'NONE', #3313, #3685, #520, .T. ) ;
#452 = ORIENTED_EDGE ( 'NONE', *, *, #1563, .F. ) ;
#453 = LINE ( 'NONE', #6502, #5386 ) ;
#454 = ADVANCED_FACE ( 'NONE', ( #4490 ), #8455, .F. ) ;
#455 = CARTESIAN_POINT ( 'NONE',  ( 62.64999999999998437, 24.49999999999997158, 0.5253709514437889805 ) ) ;
#456 = CARTESIAN_POINT ( 'NONE',  ( 77.69999999999998863, 31.50749664306601261, -0.3000000000000012101 ) ) ;
#457 = LINE ( 'NONE', #10075, #2014 ) ;
#458 = ORIENTED_EDGE ( 'NONE', *, *, #12421, .T. ) ;
#459 = VECTOR ( 'NONE', #777, 1000.000000000000000 ) ;
#460 = DIRECTION ( 'NONE',  ( 0.7071067811865517916, 0.000000000000000000, -0.7071067811865432429 ) ) ;
#461 = CARTESIAN_POINT ( 'NONE',  ( 30.24999999999998579, 71.75000000000000000, -67.93053710242747911 ) ) ;
#462 = DIRECTION ( 'NONE',  ( 0.000000000000000000, -1.000000000000000000, 0.000000000000000000 ) ) ;
#463 = DIRECTION ( 'NONE',  ( -1.000000000000000000, 0.000000000000000000, 0.000000000000000000 ) ) ;
#464 = ORIENTED_EDGE ( 'NONE', *, *, #3145, .F. ) ;
#465 = ADVANCED_FACE ( 'NONE', ( #1560 ), #5529, .T. ) ;
#466 = CARTESIAN_POINT ( 'NONE',  ( 72.63799999999999102, 66.46100000000001273, -1.600000000000000311 ) ) ;
#467 = VECTOR ( 'NONE', #232, 1000.000000000000000 ) ;
#468 = DIRECTION ( 'NONE',  ( 1.000000000000000000, 0.000000000000000000, 0.000000000000000000 ) ) ;
#469 = ORIENTED_EDGE ( 'NONE', *, *, #8238, .F. ) ;
#470 = CARTESIAN_POINT ( 'NONE',  ( 52.64999999999999147, 24.29998799999999548, 5.999999999999996447 ) ) ;
#471 = ORIENTED_EDGE ( 'NONE', *, *, #3958, .T. ) ;
#472 = DIRECTION ( 'NONE',  ( 1.000000000000000000, 1.299418334065024626E-16, 0.000000000000000000 ) ) ;
#473 = EDGE_LOOP ( 'NONE', ( #4413, #7026, #2219, #11265 ) ) ;
#474 = ORIENTED_EDGE ( 'NONE', *, *, #983, .T. ) ;
#475 = ORIENTED_EDGE ( 'NONE', *, *, #90, .T. ) ;
#476 = VECTOR ( 'NONE', #8585, 1000.000000000000000 ) ;
#477 = LINE ( 'NONE', #5421, #3777 ) ;
#478 = VERTEX_POINT ( 'NONE', #12823 ) ;
#479 = ORIENTED_EDGE ( 'NONE', *, *, #8399, .T. ) ;
#480 = FACE_OUTER_BOUND ( 'NONE', #6524, .T. ) ;
#481 = ADVANCED_FACE ( 'NONE', ( #3906 ), #11781, .T. ) ;
#482 = ORIENTED_EDGE ( 'NONE', *, *, #6321, .T. ) ;
#483 = FACE_OUTER_BOUND ( 'NONE', #8343, .T. ) ;
#484 = DIRECTION ( 'NONE',  ( 0.000000000000000000, 0.000000000000000000, -1.000000000000000000 ) ) ;
#485 = VERTEX_POINT ( 'NONE', #8845 ) ;
#486 = AXIS2_PLACEMENT_3D ( 'NONE', #3260, #3382, #6042 ) ;
#487 = ORIENTED_EDGE ( 'NONE', *, *, #12442, .F. ) ;
#488 = DIRECTION ( 'NONE',  ( -1.299418334065024626E-16, 1.000000000000000000, 0.000000000000000000 ) ) ;
#489 = ORIENTED_EDGE ( 'NONE', *, *, #9568, .T. ) ;
#490 = VERTEX_POINT ( 'NONE', #6828 ) ;
#491 = DIRECTION ( 'NONE',  ( 0.000000000000000000, -1.000000000000000000, 0.000000000000000000 ) ) ;
#492 = DIRECTION ( 'NONE',  ( 1.000000000000000000, 1.299418334065024626E-16, 0.000000000000000000 ) ) ;
#493 = EDGE_CURVE ( 'NONE', #3666, #5686, #7921, .T. ) ;
#494 = CARTESIAN_POINT ( 'NONE',  ( 74.64999999999997726, 69.74999999999998579, -1.599999999999997202 ) ) ;
#495 = DIRECTION ( 'NONE',  ( -0.000000000000000000, -0.000000000000000000, -1.000000000000000000 ) ) ;
#496 = VECTOR ( 'NONE', #4732, 1000.000000000000114 ) ;
#497 = CARTESIAN_POINT ( 'NONE',  ( 72.44999999999997442, 51.44999999999999574, 6.499999999999999112 ) ) ;
#498 = VECTOR ( 'NONE', #3654, 1000.000000000000000 ) ;
#499 = CARTESIAN_POINT ( 'NONE',  ( 34.24999999999998579, 76.25000000000000000, 4.499999999999999112 ) ) ;
#500 = DIRECTION ( 'NONE',  ( -0.000000000000000000, -0.000000000000000000, 1.000000000000000000 ) ) ;
#501 = EDGE_LOOP ( 'NONE', ( #2542, #3327, #4985, #12234 ) ) ;
#502 = CIRCLE ( 'NONE', #2161, 4.000000000000003553 ) ;
#503 = CIRCLE ( 'NONE', #4457, 2.000000000000001776 ) ;
#504 = LINE ( 'NONE', #11440, #12775 ) ;
#505 = CARTESIAN_POINT ( 'NONE',  ( 0.000000000000000000, 0.000000000000000000, 4.999999999999998224 ) ) ;
#506 = ORIENTED_EDGE ( 'NONE', *, *, #3466, .T. ) ;
#507 = VECTOR ( 'NONE', #4676, 1000.000000000000000 ) ;
#508 = ORIENTED_EDGE ( 'NONE', *, *, #7909, .F. ) ;
#509 = CARTESIAN_POINT ( 'NONE',  ( 34.74999999999996447, 25.75000000000000000, 8.499999999999996447 ) ) ;
#510 = CARTESIAN_POINT ( 'NONE',  ( 28.30000000000000071, 73.69999999999998863, -5.000000000000000000 ) ) ;
#511 = CARTESIAN_POINT ( 'NONE',  ( 62.75000043999999377, 65.75000043999999377, -3.100000000000000533 ) ) ;
#512 = ADVANCED_FACE ( 'NONE', ( #12078 ), #6152, .F. ) ;
#513 = CIRCLE ( 'NONE', #11112, 3.400000000000000355 ) ;
#514 = CIRCLE ( 'NONE', #12575, 2.500000000000002220 ) ;
#515 = APPROVAL_PERSON_ORGANIZATION ( #8524, #9216, #1766 ) ;
#516 = VECTOR ( 'NONE', #12120, 1000.000000000000000 ) ;
#517 = ORIENTED_EDGE ( 'NONE', *, *, #218, .T. ) ;
#518 = LINE ( 'NONE', #11389, #12661 ) ;
#519 = ADVANCED_FACE ( 'NONE', ( #225, #3232 ), #12751, .T. ) ;
#520 = LINE ( 'NONE', #5461, #10449 ) ;
#521 = FACE_OUTER_BOUND ( 'NONE', #8632, .T. ) ;
#522 = EDGE_CURVE ( 'NONE', #3553, #7172, #6892, .T. ) ;
#523 = AXIS2_PLACEMENT_3D ( 'NONE', #10342, #8391, #12374 ) ;
#524 = LINE ( 'NONE', #12436, #10733 ) ;
#525 = VERTEX_POINT ( 'NONE', #4755 ) ;
#526 = CARTESIAN_POINT ( 'NONE',  ( 73.25000000000000000, 76.14999999999997726, -5.000000000000000000 ) ) ;
#527 = CARTESIAN_POINT ( 'NONE',  ( 32.24999999999998579, 29.35000000000000497, -4.000000000000003553 ) ) ;
#528 = EDGE_CURVE ( 'NONE', #12867, #3935, #4015, .T. ) ;
#529 = CARTESIAN_POINT ( 'NONE',  ( 33.24999999999995737, 31.74999999999999289, 8.499999999999998224 ) ) ;
#530 = EDGE_CURVE ( 'NONE', #5601, #360, #6764, .T. ) ;
#531 = AXIS2_PLACEMENT_3D ( 'NONE', #9684, #2788, #12619 ) ;
#532 = EDGE_CURVE ( 'NONE', #10513, #12094, #10023, .T. ) ;
#533 = EDGE_CURVE ( 'NONE', #4541, #10117, #5789, .T. ) ;
#534 = ADVANCED_FACE ( 'NONE', ( #12143 ), #4879, .F. ) ;
#535 = ORIENTED_EDGE ( 'NONE', *, *, #11090, .F. ) ;
#536 = CARTESIAN_POINT ( 'NONE',  ( 0.000000000000000000, 76.25000000000000000, 4.499999999999999112 ) ) ;
#537 = ORIENTED_EDGE ( 'NONE', *, *, #7426, .T. ) ;
#538 = DIRECTION ( 'NONE',  ( -1.000000000000000000, 0.000000000000000000, 0.000000000000000000 ) ) ;
#539 = ORIENTED_EDGE ( 'NONE', *, *, #6823, .F. ) ;
#540 = VECTOR ( 'NONE', #11367, 1000.000000000000000 ) ;
#541 = DIRECTION ( 'NONE',  ( -1.000000000000000000, 0.000000000000000000, 0.000000000000000000 ) ) ;
#542 = ORIENTED_EDGE ( 'NONE', *, *, #8056, .T. ) ;
#543 = ORIENTED_EDGE ( 'NONE', *, *, #838, .F. ) ;
#544 = ORIENTED_EDGE ( 'NONE', *, *, #3138, .F. ) ;
#545 = VECTOR ( 'NONE', #9023, 1000.000000000000000 ) ;
#546 = DIRECTION ( 'NONE',  ( 0.000000000000000000, -0.000000000000000000, -1.000000000000000000 ) ) ;
#547 = CIRCLE ( 'NONE', #4492, 1.500000000000001332 ) ;
#548 = DIRECTION ( 'NONE',  ( 0.000000000000000000, 0.7071067811865500152, 0.7071067811865450192 ) ) ;
#549 = VECTOR ( 'NONE', #1922, 1000.000000000000000 ) ;
#550 = ORIENTED_EDGE ( 'NONE', *, *, #352, .F. ) ;
#551 = VECTOR ( 'NONE', #9945, 1000.000000000000000 ) ;
#552 = PLANE ( 'NONE',  #6766 ) ;
#553 = PLANE ( 'NONE',  #1056 ) ;
#554 = ORIENTED_EDGE ( 'NONE', *, *, #3632, .T. ) ;
#555 = ORIENTED_EDGE ( 'NONE', *, *, #169, .F. ) ;
#556 = CARTESIAN_POINT ( 'NONE',  ( 62.75000043999999377, 37.74999955999999912, -4.499999999999992895 ) ) ;
#557 = ORIENTED_EDGE ( 'NONE', *, *, #3242, .F. ) ;
#558 = ORIENTED_EDGE ( 'NONE', *, *, #11456, .T. ) ;
#559 = CARTESIAN_POINT ( 'NONE',  ( 28.74999999999998934, 28.74999999999999645, -5.000000000000000000 ) ) ;
#560 = DIRECTION ( 'NONE',  ( -0.000000000000000000, -0.000000000000000000, -1.000000000000000000 ) ) ;
#561 = VECTOR ( 'NONE', #1216, 1000.000000000000000 ) ;
#562 = CARTESIAN_POINT ( 'NONE',  ( 59.19999999999998153, 68.95000000000000284, 4.999999999999998224 ) ) ;
#563 = CARTESIAN_POINT ( 'NONE',  ( 28.85000000000000497, 48.74999999999999289, -3.100000000000000533 ) ) ;
#564 = CARTESIAN_POINT ( 'NONE',  ( 60.64999999999999147, 24.49999999999999289, 5.999999999999999112 ) ) ;
#565 = CARTESIAN_POINT ( 'NONE',  ( 74.25000000000000000, 73.00000000000000000, -4.500000000000000888 ) ) ;
#566 = DIRECTION ( 'NONE',  ( -0.7071067811865500152, 8.659560562354962440E-17, 0.7071067811865451302 ) ) ;
#567 = ORIENTED_EDGE ( 'NONE', *, *, #7038, .F. ) ;
#568 = CARTESIAN_POINT ( 'NONE',  ( 32.24999999999998579, 74.64999999999997726, -4.000000000000000000 ) ) ;
#569 = EDGE_CURVE ( 'NONE', #8299, #7620, #10854, .T. ) ;
#570 = FACE_OUTER_BOUND ( 'NONE', #5728, .T. ) ;
#571 = VERTEX_POINT ( 'NONE', #7798 ) ;
#572 = ORIENTED_EDGE ( 'NONE', *, *, #6399, .F. ) ;
#573 = FACE_OUTER_BOUND ( 'NONE', #9137, .T. ) ;
#574 = CARTESIAN_POINT ( 'NONE',  ( 71.44999999999997442, 48.70000000000000995, 8.499999999999998224 ) ) ;
#575 = DIRECTION ( 'NONE',  ( -1.299418334065024873E-16, 1.000000000000000000, 0.000000000000000000 ) ) ;
#576 = DIRECTION ( 'NONE',  ( 0.000000000000000000, 0.000000000000000000, 1.000000000000000000 ) ) ;
#577 = DIRECTION ( 'NONE',  ( 0.000000000000000000, -1.000000000000000000, 0.000000000000000000 ) ) ;
#578 = DIRECTION ( 'NONE',  ( -1.000000000000000000, -0.000000000000000000, 0.000000000000000000 ) ) ;
#579 = LINE ( 'NONE', #4550, #5482 ) ;
#580 = CARTESIAN_POINT ( 'NONE',  ( 71.44999999999997442, 58.19999999999998863, 4.999999999999998224 ) ) ;
#581 = VERTEX_POINT ( 'NONE', #7125 ) ;
#582 = CARTESIAN_POINT ( 'NONE',  ( 71.39999999999999147, 29.00000000000000000, 6.499999999999999112 ) ) ;
#583 = FACE_OUTER_BOUND ( 'NONE', #5290, .T. ) ;
#584 = LINE ( 'NONE', #4433, #6705 ) ;
#585 = EDGE_CURVE ( 'NONE', #9360, #3589, #978, .T. ) ;
#586 = ADVANCED_FACE ( 'NONE', ( #8776 ), #10106, .T. ) ;
#587 = ORIENTED_EDGE ( 'NONE', *, *, #3240, .T. ) ;
#588 = CARTESIAN_POINT ( 'NONE',  ( 55.14999999999999147, 24.49999999999999289, 6.499999999999999112 ) ) ;
#589 = PERSON_AND_ORGANIZATION ( #6428, #3852 ) ;
#590 = DIRECTION ( 'NONE',  ( -0.000000000000000000, 0.000000000000000000, -1.000000000000000000 ) ) ;
#591 = ORIENTED_EDGE ( 'NONE', *, *, #1165, .F. ) ;
#592 = DIRECTION ( 'NONE',  ( 0.000000000000000000, 0.000000000000000000, -1.000000000000000000 ) ) ;
#593 = VERTEX_POINT ( 'NONE', #5724 ) ;
#594 = ADVANCED_FACE ( 'NONE', ( #2799 ), #10736, .T. ) ;
#595 = LINE ( 'NONE', #8594, #10478 ) ;
#596 = ORIENTED_EDGE ( 'NONE', *, *, #8179, .T. ) ;
#597 = VERTEX_POINT ( 'NONE', #3494 ) ;
#598 = EDGE_CURVE ( 'NONE', #4460, #2100, #2501, .T. ) ;
#599 = ORIENTED_EDGE ( 'NONE', *, *, #3641, .T. ) ;
#600 = CIRCLE ( 'NONE', #7250, 1.000000000000000888 ) ;
#601 = FACE_OUTER_BOUND ( 'NONE', #6154, .T. ) ;
#602 = EDGE_CURVE ( 'NONE', #11294, #13, #5430, .T. ) ;
#603 = ORIENTED_EDGE ( 'NONE', *, *, #842, .F. ) ;
#604 = EDGE_CURVE ( 'NONE', #2682, #7832, #2379, .T. ) ;
#605 = ORIENTED_EDGE ( 'NONE', *, *, #11456, .F. ) ;
#606 = DIRECTION ( 'NONE',  ( 1.000000000000000000, -0.000000000000000000, 0.000000000000000000 ) ) ;
#607 = VERTEX_POINT ( 'NONE', #6471 ) ;
#608 = DIRECTION ( 'NONE',  ( 0.000000000000000000, 0.000000000000000000, 1.000000000000000000 ) ) ;
#609 = CARTESIAN_POINT ( 'NONE',  ( 67.74999999999998579, 73.75000000000000000, 28.49562720652060221 ) ) ;
#610 = CIRCLE ( 'NONE', #5598, 2.000000000000001776 ) ;
#611 = EDGE_CURVE ( 'NONE', #6798, #11543, #7450, .T. ) ;
#612 = ORIENTED_EDGE ( 'NONE', *, *, #2750, .T. ) ;
#613 = ORIENTED_EDGE ( 'NONE', *, *, #8763, .T. ) ;
#614 = DIRECTION ( 'NONE',  ( 1.000000000000000000, 0.000000000000000000, 0.000000000000000000 ) ) ;
#615 = ORIENTED_EDGE ( 'NONE', *, *, #8149, .F. ) ;
#616 = ORIENTED_EDGE ( 'NONE', *, *, #3626, .T. ) ;
#617 = DIRECTION ( 'NONE',  ( 0.000000000000000000, 0.000000000000000000, 1.000000000000000000 ) ) ;
#618 = DIRECTION ( 'NONE',  ( 0.000000000000000000, 0.000000000000000000, -1.000000000000000000 ) ) ;
#619 = DIRECTION ( 'NONE',  ( 0.000000000000000000, 1.000000000000000000, 0.000000000000000000 ) ) ;
#620 = EDGE_CURVE ( 'NONE', #6995, #12617, #1530, .T. ) ;
#621 = CARTESIAN_POINT ( 'NONE',  ( 28.30000000000001137, 28.29999999999999005, 9.500000000000005329 ) ) ;
#622 = LINE ( 'NONE', #10443, #11728 ) ;
#623 = LINE ( 'NONE', #435, #425 ) ;
#624 = ORIENTED_EDGE ( 'NONE', *, *, #3898, .F. ) ;
#625 = VECTOR ( 'NONE', #11937, 1000.000000000000000 ) ;
#626 = VECTOR ( 'NONE', #12307, 1000.000000000000000 ) ;
#627 = ORIENTED_EDGE ( 'NONE', *, *, #2668, .F. ) ;
#628 = EDGE_LOOP ( 'NONE', ( #11632, #8249, #2632, #6183 ) ) ;
#629 = CYLINDRICAL_SURFACE ( 'NONE', #2003, 0.5000000000000004441 ) ;
#630 = FACE_OUTER_BOUND ( 'NONE', #12387, .T. ) ;
#631 = ORIENTED_EDGE ( 'NONE', *, *, #9153, .T. ) ;
#632 = EDGE_LOOP ( 'NONE', ( #554, #6459, #7148, #795 ) ) ;
#633 = CARTESIAN_POINT ( 'NONE',  ( 42.69999999999998153, 37.45000000000000284, 4.999999999999998224 ) ) ;
#634 = DIRECTION ( 'NONE',  ( -1.000000000000000000, 0.000000000000000000, 0.000000000000000000 ) ) ;
#635 = DIRECTION ( 'NONE',  ( 0.000000000000000000, 0.000000000000000000, 1.000000000000000000 ) ) ;
#636 = VECTOR ( 'NONE', #1277, 1000.000000000000000 ) ;
#637 = EDGE_CURVE ( 'NONE', #4796, #6798, #5676, .T. ) ;
#638 = CARTESIAN_POINT ( 'NONE',  ( 53.19999999999998153, 75.25000000000000000, 6.499999999999999112 ) ) ;
#639 = LINE ( 'NONE', #7603, #8078 ) ;
#640 = CARTESIAN_POINT ( 'NONE',  ( 53.14999999999999147, 24.29999999999999361, 0.5253709514437873151 ) ) ;
#641 = DIRECTION ( 'NONE',  ( 0.000000000000000000, 0.000000000000000000, 1.000000000000000000 ) ) ;
#642 = CIRCLE ( 'NONE', #4175, 1.000000000000000666 ) ;
#643 = CARTESIAN_POINT ( 'NONE',  ( 34.74999999999996447, 27.25000000000000000, -3.500000000000000000 ) ) ;
#644 = VERTEX_POINT ( 'NONE', #11364 ) ;
#645 = DIRECTION ( 'NONE',  ( 1.000000000000000000, 0.000000000000000000, 0.000000000000000000 ) ) ;
#646 = CARTESIAN_POINT ( 'NONE',  ( 55.64999999999999147, 25.75000000000000000, 0.02537095144379032663 ) ) ;
#647 = ORIENTED_EDGE ( 'NONE', *, *, #1478, .F. ) ;
#648 = DIRECTION ( 'NONE',  ( 0.7071067811865475727, 0.7071067811865475727, 0.000000000000000000 ) ) ;
#649 = VERTEX_POINT ( 'NONE', #556 ) ;
#650 = LINE ( 'NONE', #11530, #9688 ) ;
#651 = APPROVAL_STATUS ( 'not_yet_approved' ) ;
#652 = CYLINDRICAL_SURFACE ( 'NONE', #808, 2.000000000000001776 ) ;
#653 = AXIS2_PLACEMENT_3D ( 'NONE', #8893, #10782, #5836 ) ;
#654 = ORIENTED_EDGE ( 'NONE', *, *, #9866, .T. ) ;
#655 = CIRCLE ( 'NONE', #1079, 2.899999999999999911 ) ;
#656 = LINE ( 'NONE', #3342, #1134 ) ;
#657 = ORIENTED_EDGE ( 'NONE', *, *, #6639, .T. ) ;
#658 = DIRECTION ( 'NONE',  ( -0.000000000000000000, -0.000000000000000000, 1.000000000000000000 ) ) ;
#659 = ORIENTED_EDGE ( 'NONE', *, *, #6416, .T. ) ;
#660 = VERTEX_POINT ( 'NONE', #12208 ) ;
#661 = ORIENTED_EDGE ( 'NONE', *, *, #9754, .T. ) ;
#662 = ORIENTED_EDGE ( 'NONE', *, *, #10383, .T. ) ;
#663 = CIRCLE ( 'NONE', #1708, 3.400000000000000355 ) ;
#664 = DIRECTION ( 'NONE',  ( -0.000000000000000000, -0.000000000000000000, 1.000000000000000000 ) ) ;
#665 = EDGE_CURVE ( 'NONE', #11608, #10082, #6354, .T. ) ;
#666 = ORIENTED_EDGE ( 'NONE', *, *, #5545, .F. ) ;
#667 = CARTESIAN_POINT ( 'NONE',  ( 0.000000000000000000, 0.000000000000000000, 6.499999999999999112 ) ) ;
#668 = LINE ( 'NONE', #7444, #23 ) ;
#669 = ORIENTED_EDGE ( 'NONE', *, *, #9911, .T. ) ;
#670 = DIRECTION ( 'NONE',  ( 0.000000000000000000, 0.000000000000000000, 1.000000000000000000 ) ) ;
#671 = ORIENTED_EDGE ( 'NONE', *, *, #5693, .F. ) ;
#672 = DIRECTION ( 'NONE',  ( -0.000000000000000000, -0.000000000000000000, 1.000000000000000000 ) ) ;
#673 = VERTEX_POINT ( 'NONE', #421 ) ;
#674 = EDGE_CURVE ( 'NONE', #11032, #12720, #7950, .T. ) ;
#675 = EDGE_LOOP ( 'NONE', ( #8863, #8268, #3376, #2963 ) ) ;
#677 = DIRECTION ( 'NONE',  ( -1.299418334065024133E-16, 1.000000000000000000, 0.000000000000000000 ) ) ;
#676 = AXIS2_PLACEMENT_3D ( 'NONE', #5921, #4946, #12695 ) ;
#678 = EDGE_CURVE ( 'NONE', #3605, #1999, #3426, .T. ) ;
#679 = DIRECTION ( 'NONE',  ( -0.000000000000000000, 1.000000000000000000, 1.119221217937439641E-16 ) ) ;
#680 = FACE_OUTER_BOUND ( 'NONE', #2616, .T. ) ;
#681 = EDGE_CURVE ( 'NONE', #7058, #12163, #1467, .T. ) ;
#682 = FACE_OUTER_BOUND ( 'NONE', #1716, .T. ) ;
#683 = VECTOR ( 'NONE', #4393, 1000.000000000000000 ) ;
#684 = EDGE_CURVE ( 'NONE', #925, #11656, #7388, .T. ) ;
#685 = DIRECTION ( 'NONE',  ( 1.000000000000000000, 0.000000000000000000, 0.000000000000000000 ) ) ;
#686 = CARTESIAN_POINT ( 'NONE',  ( 29.00000000000000000, 73.00000000000000000, 6.499999999999999112 ) ) ;
#687 = EDGE_CURVE ( 'NONE', #3589, #2561, #6092, .T. ) ;
#688 = VECTOR ( 'NONE', #7531, 1000.000000000000000 ) ;
#689 = CARTESIAN_POINT ( 'NONE',  ( 70.09999999999999432, 73.00000000000000000, 9.500000000000001776 ) ) ;
#690 = ORIENTED_EDGE ( 'NONE', *, *, #522, .F. ) ;
#691 = ORIENTED_EDGE ( 'NONE', *, *, #9242, .F. ) ;
#692 = VERTEX_POINT ( 'NONE', #1409 ) ;
#693 = DIRECTION ( 'NONE',  ( -1.000000000000000000, 0.000000000000000000, 0.000000000000000000 ) ) ;
#694 = CARTESIAN_POINT ( 'NONE',  ( 48.74999999999999289, 34.74999955999999202, -4.000000000000000000 ) ) ;
#695 = ORIENTED_EDGE ( 'NONE', *, *, #11863, .T. ) ;
#696 = VECTOR ( 'NONE', #1664, 1000.000000000000000 ) ;
#697 = VERTEX_POINT ( 'NONE', #8354 ) ;
#698 = PLANE ( 'NONE',  #11567 ) ;
#699 = CARTESIAN_POINT ( 'NONE',  ( 76.11938980849323855, 33.10298049486699057, 2.759306248640375880 ) ) ;
#700 = VECTOR ( 'NONE', #5591, 1000.000000000000000 ) ;
#701 = CARTESIAN_POINT ( 'NONE',  ( 55.64999999999999147, 24.49999999999999289, 6.499999999999999112 ) ) ;
#702 = CARTESIAN_POINT ( 'NONE',  ( 59.19999999999997442, 37.95000000000000284, 8.499999999999998224 ) ) ;
#703 = CIRCLE ( 'NONE', #2793, 1.500000000000001332 ) ;
#704 = AXIS2_PLACEMENT_3D ( 'NONE', #4193, #8145, #9200 ) ;
#705 = DIRECTION ( 'NONE',  ( 0.000000000000000000, 1.000000000000000000, 0.000000000000000000 ) ) ;
#706 = LINE ( 'NONE', #12750, #4141 ) ;
#707 = VECTOR ( 'NONE', #693, 1000.000000000000000 ) ;
#708 = CARTESIAN_POINT ( 'NONE',  ( 36.24999955999999912, 53.25000000000000000, -4.000000000000000000 ) ) ;
#709 = CARTESIAN_POINT ( 'NONE',  ( 76.25000000000000000, 70.25000000000000000, 8.499999999999996447 ) ) ;
#710 = CARTESIAN_POINT ( 'NONE',  ( 25.74999999999999289, 54.74999999999999289, 2.100000659999999630 ) ) ;
#711 = VERTEX_POINT ( 'NONE', #4526 ) ;
#712 = CARTESIAN_POINT ( 'NONE',  ( 71.88799999999999102, 68.99999999999998579, -1.600000000000000311 ) ) ;
#713 = CARTESIAN_POINT ( 'NONE',  ( 28.80000000000000782, 54.74999999999999289, 3.600000660000000074 ) ) ;
#714 = AXIS2_PLACEMENT_3D ( 'NONE', #6138, #154, #10091 ) ;
#715 = AXIS2_PLACEMENT_3D ( 'NONE', #10963, #10030, #2051 ) ;
#716 = ORIENTED_EDGE ( 'NONE', *, *, #10587, .F. ) ;
#717 = VECTOR ( 'NONE', #12330, 1000.000000000000000 ) ;
#718 = DIRECTION ( 'NONE',  ( -1.000000000000000000, 0.000000000000000000, 0.000000000000000000 ) ) ;
#719 = AXIS2_PLACEMENT_3D ( 'NONE', #5287, #7173, #3279 ) ;
#720 = ORIENTED_EDGE ( 'NONE', *, *, #4027, .T. ) ;
#721 = DIRECTION ( 'NONE',  ( 1.000000000000000000, 0.000000000000000000, 0.000000000000000000 ) ) ;
#722 = CARTESIAN_POINT ( 'NONE',  ( 52.94999999999998153, 36.45000000000000284, 4.999999999999998224 ) ) ;
#723 = VECTOR ( 'NONE', #11014, 1000.000000000000000 ) ;
#724 = AXIS2_PLACEMENT_3D ( 'NONE', #6078, #8028, #1071 ) ;
#725 = ORIENTED_EDGE ( 'NONE', *, *, #6191, .F. ) ;
#726 = LINE ( 'NONE', #2935, #5506 ) ;
#727 = EDGE_LOOP ( 'NONE', ( #8058, #10063, #3201, #8499 ) ) ;
#728 = DIRECTION ( 'NONE',  ( 0.000000000000000000, 0.000000000000000000, 1.000000000000000000 ) ) ;
#729 = VERTEX_POINT ( 'NONE', #12469 ) ;
#730 = VECTOR ( 'NONE', #12836, 1000.000000000000000 ) ;
#731 = ORIENTED_EDGE ( 'NONE', *, *, #1479, .T. ) ;
#732 = ADVANCED_FACE ( 'NONE', ( #291 ), #3295, .F. ) ;
#733 = ORIENTED_EDGE ( 'NONE', *, *, #6056, .F. ) ;
#734 = VECTOR ( 'NONE', #11639, 1000.000000000000114 ) ;
#735 = VECTOR ( 'NONE', #3545, 1000.000000000000000 ) ;
#736 = CARTESIAN_POINT ( 'NONE',  ( 73.00000000000000000, 29.00000000000000000, -4.500000000000000888 ) ) ;
#737 = EDGE_LOOP ( 'NONE', ( #3878, #3256, #10904, #4643 ) ) ;
#738 = CARTESIAN_POINT ( 'NONE',  ( 29.00000000000000000, 29.00000000000000000, 9.499999999999991118 ) ) ;
#739 = CARTESIAN_POINT ( 'NONE',  ( 53.64999999999999147, 24.29999999999999361, 6.699999999999995737 ) ) ;
#740 = ORIENTED_EDGE ( 'NONE', *, *, #9536, .F. ) ;
#741 = DIRECTION ( 'NONE',  ( 0.000000000000000000, -0.000000000000000000, -1.000000000000000000 ) ) ;
#742 = ORIENTED_EDGE ( 'NONE', *, *, #10070, .F. ) ;
#743 = CIRCLE ( 'NONE', #11772, 0.5000000000000004441 ) ;
#744 = DIRECTION ( 'NONE',  ( -1.000000000000000000, 0.000000000000000000, 0.000000000000000000 ) ) ;
#745 = ORIENTED_EDGE ( 'NONE', *, *, #11894, .F. ) ;
#746 = VERTEX_POINT ( 'NONE', #2247 ) ;
#747 = FACE_OUTER_BOUND ( 'NONE', #3810, .T. ) ;
#748 = AXIS2_PLACEMENT_3D ( 'NONE', #9528, #3616, #4657 ) ;
#749 = DIRECTION ( 'NONE',  ( 1.000000000000000000, 0.000000000000000000, 0.000000000000000000 ) ) ;
#750 = AXIS2_PLACEMENT_3D ( 'NONE', #8716, #6959, #10924 ) ;
#751 = DIRECTION ( 'NONE',  ( 1.000000000000000000, 0.000000000000000000, 0.000000000000000000 ) ) ;
#752 = CIRCLE ( 'NONE', #8014, 0.4999999999999995559 ) ;
#753 = EDGE_CURVE ( 'NONE', #4818, #8323, #8428, .T. ) ;
#754 = LINE ( 'NONE', #12799, #9844 ) ;
#755 = CARTESIAN_POINT ( 'NONE',  ( 51.19999999999998863, 40.40749664306598987, 3.323999333381999488 ) ) ;
#756 = EDGE_CURVE ( 'NONE', #8641, #3975, #6215, .T. ) ;
#757 = DIRECTION ( 'NONE',  ( 0.000000000000000000, 0.000000000000000000, -1.000000000000000000 ) ) ;
#758 = ADVANCED_FACE ( 'NONE', ( #1267 ), #8286, .F. ) ;
#759 = PLANE ( 'NONE',  #6246 ) ;
#760 = AXIS2_PLACEMENT_3D ( 'NONE', #8570, #5450, #6620 ) ;
#761 = ORIENTED_EDGE ( 'NONE', *, *, #10672, .T. ) ;
#762 = AXIS2_PLACEMENT_3D ( 'NONE', #6992, #11195, #2285 ) ;
#763 = AXIS2_PLACEMENT_3D ( 'NONE', #5132, #1160, #11310 ) ;
#764 = ORIENTED_EDGE ( 'NONE', *, *, #12288, .T. ) ;
#765 = VERTEX_POINT ( 'NONE', #1790 ) ;
#766 = CARTESIAN_POINT ( 'NONE',  ( 53.25000000000000000, 34.74999955999999202, -3.100000000000000533 ) ) ;
#767 = EDGE_CURVE ( 'NONE', #7699, #1453, #8991, .T. ) ;
#768 = DIRECTION ( 'NONE',  ( -1.000000000000000000, 0.000000000000000000, 0.000000000000000000 ) ) ;
#769 = ORIENTED_EDGE ( 'NONE', *, *, #10130, .F. ) ;
#770 = EDGE_CURVE ( 'NONE', #10869, #6457, #7765, .T. ) ;
#771 = ORIENTED_EDGE ( 'NONE', *, *, #995, .F. ) ;
#772 = EDGE_CURVE ( 'NONE', #2644, #3477, #8618, .T. ) ;
#773 = LINE ( 'NONE', #633, #8102 ) ;
#774 = DIRECTION ( 'NONE',  ( -0.000000000000000000, -0.000000000000000000, 1.000000000000000000 ) ) ;
#775 = DIRECTION ( 'NONE',  ( -1.000000000000000000, 0.000000000000000000, 0.000000000000000000 ) ) ;
#776 = ADVANCED_FACE ( 'NONE', ( #4726 ), #9656, .F. ) ;
#777 = DIRECTION ( 'NONE',  ( 1.000000000000000000, -0.000000000000000000, -0.000000000000000000 ) ) ;
#778 = DIRECTION ( 'NONE',  ( 0.000000000000000000, 0.000000000000000000, -1.000000000000000000 ) ) ;
#779 = CYLINDRICAL_SURFACE ( 'NONE', #8926, 1.500000000000001332 ) ;
#780 = CARTESIAN_POINT ( 'NONE',  ( 0.000000000000000000, 0.000000000000000000, 0.000000000000000000 ) ) ;
#781 = FACE_OUTER_BOUND ( 'NONE', #9944, .T. ) ;
#782 = CARTESIAN_POINT ( 'NONE',  ( 73.25000000000000000, 73.25000000000000000, 21.50000000000000000 ) ) ;
#783 = ORIENTED_EDGE ( 'NONE', *, *, #10587, .T. ) ;
#784 = LINE ( 'NONE', #1626, #12055 ) ;
#785 = DIRECTION ( 'NONE',  ( 0.000000000000000000, -0.000000000000000000, -1.000000000000000000 ) ) ;
#786 = LINE ( 'NONE', #3784, #8982 ) ;
#787 = EDGE_CURVE ( 'NONE', #4189, #12334, #9243, .T. ) ;
#788 = LINE ( 'NONE', #12763, #10732 ) ;
#789 = CARTESIAN_POINT ( 'NONE',  ( 28.74999999999998934, 28.74999999999999645, -4.500000000000000888 ) ) ;
#790 = ORIENTED_EDGE ( 'NONE', *, *, #1785, .T. ) ;
#791 = CARTESIAN_POINT ( 'NONE',  ( 34.74999999999997868, 74.75000000000000000, 4.499999999999999112 ) ) ;
#792 = ORIENTED_EDGE ( 'NONE', *, *, #9957, .F. ) ;
#793 = DIRECTION ( 'NONE',  ( -0.000000000000000000, -1.000000000000000000, -0.000000000000000000 ) ) ;
#794 = ORIENTED_EDGE ( 'NONE', *, *, #10944, .T. ) ;
#795 = ORIENTED_EDGE ( 'NONE', *, *, #7361, .F. ) ;
#796 = DIRECTION ( 'NONE',  ( -1.000000000000000000, 1.374038396813312784E-16, -0.000000000000000000 ) ) ;
#797 = CARTESIAN_POINT ( 'NONE',  ( 72.75000000000000000, 70.25000000000000000, 0.000000000000000000 ) ) ;
#798 = CYLINDRICAL_SURFACE ( 'NONE', #1497, 2.000000000000001776 ) ;
#799 = ORIENTED_EDGE ( 'NONE', *, *, #7403, .T. ) ;
#800 = DIRECTION ( 'NONE',  ( 1.000000000000000000, 1.299418334065024133E-16, -0.000000000000000000 ) ) ;
#801 = EDGE_CURVE ( 'NONE', #8015, #201, #7636, .T. ) ;
#802 = LINE ( 'NONE', #3682, #6675 ) ;
#803 = VERTEX_POINT ( 'NONE', #12596 ) ;
#804 = CARTESIAN_POINT ( 'NONE',  ( 76.25000000000000000, 28.74999999999999645, -5.000000000000000000 ) ) ;
#805 = ORIENTED_EDGE ( 'NONE', *, *, #10031, .T. ) ;
#806 = DIRECTION ( 'NONE',  ( 0.000000000000000000, 0.000000000000000000, 1.000000000000000000 ) ) ;
#807 = VERTEX_POINT ( 'NONE', #6665 ) ;
#808 = AXIS2_PLACEMENT_3D ( 'NONE', #5864, #11724, #918 ) ;
#809 = ORIENTED_EDGE ( 'NONE', *, *, #6095, .F. ) ;
#810 = DIRECTION ( 'NONE',  ( 1.000000000000000000, 0.000000000000000000, 0.000000000000000000 ) ) ;
#811 = DIRECTION ( 'NONE',  ( -9.188275156155129485E-17, 0.7071067811865532349, 0.7071067811865417996 ) ) ;
#812 = DIRECTION ( 'NONE',  ( 0.000000000000000000, -0.000000000000000000, 1.000000000000000000 ) ) ;
#813 = DIRECTION ( 'NONE',  ( 0.000000000000000000, 0.000000000000000000, -1.000000000000000000 ) ) ;
#814 = AXIS2_PLACEMENT_3D ( 'NONE', #5334, #9430, #11188 ) ;
#815 = CARTESIAN_POINT ( 'NONE',  ( 53.64999999999999147, 24.29999999999999361, -0.1746290485562116690 ) ) ;
#816 = CARTESIAN_POINT ( 'NONE',  ( 61.84999999999998721, 24.29999999999999361, 5.999999999999999112 ) ) ;
#817 = DIRECTION ( 'NONE',  ( 0.000000000000000000, -0.000000000000000000, 1.000000000000000000 ) ) ;
#818 = ORIENTED_EDGE ( 'NONE', *, *, #5344, .F. ) ;
#819 = ORIENTED_EDGE ( 'NONE', *, *, #1375, .T. ) ;
#820 = VERTEX_POINT ( 'NONE', #4588 ) ;
#821 = DIRECTION ( 'NONE',  ( -1.000000000000000000, -1.299418334065024380E-16, 0.000000000000000000 ) ) ;
#822 = CARTESIAN_POINT ( 'NONE',  ( 66.84999999999996589, 24.29999999999999716, 0.5253709514437902017 ) ) ;
#823 = ORIENTED_EDGE ( 'NONE', *, *, #9178, .F. ) ;
#824 = AXIS2_PLACEMENT_3D ( 'NONE', #3932, #3017, #5879 ) ;
#825 = EDGE_CURVE ( 'NONE', #11876, #8077, #1978, .T. ) ;
#826 = VERTEX_POINT ( 'NONE', #11682 ) ;
#827 = LINE ( 'NONE', #1818, #3259 ) ;
#828 = FACE_OUTER_BOUND ( 'NONE', #11125, .T. ) ;
#829 = CARTESIAN_POINT ( 'NONE',  ( 73.00000000000000000, 29.00000000000000000, -1.600000000000000311 ) ) ;
#830 = CARTESIAN_POINT ( 'NONE',  ( 61.14999999999999147, 24.29999999999999361, 0.5253709514437902017 ) ) ;
#831 = AXIS2_PLACEMENT_3D ( 'NONE', #10271, #11189, #12104 ) ;
#832 = EDGE_CURVE ( 'NONE', #1541, #4064, #11532, .T. ) ;
#833 = AXIS2_PLACEMENT_3D ( 'NONE', #10278, #3196, #12242 ) ;
#834 = CYLINDRICAL_SURFACE ( 'NONE', #5113, 0.5000000000000004441 ) ;
#835 = CARTESIAN_POINT ( 'NONE',  ( 24.80000000000001137, 3.222557468481261822E-15, -5.000000000000000000 ) ) ;
#836 = CARTESIAN_POINT ( 'NONE',  ( 74.75000000000000000, 43.44999999999998863, 8.499999999999998224 ) ) ;
#837 = CYLINDRICAL_SURFACE ( 'NONE', #3202, 0.5000000000000004441 ) ;
#838 = EDGE_CURVE ( 'NONE', #8464, #2610, #10765, .T. ) ;
#839 = PLANE ( 'NONE',  #10525 ) ;
#840 = ORIENTED_EDGE ( 'NONE', *, *, #9010, .T. ) ;
#841 = EDGE_CURVE ( 'NONE', #139, #2371, #8680, .T. ) ;
#842 = EDGE_CURVE ( 'NONE', #571, #10074, #4685, .T. ) ;
#843 = CIRCLE ( 'NONE', #9777, 1.500000000000001332 ) ;
#844 = DIRECTION ( 'NONE',  ( 0.000000000000000000, 0.000000000000000000, -1.000000000000000000 ) ) ;
#845 = DIRECTION ( 'NONE',  ( 0.000000000000000000, 0.000000000000000000, -1.000000000000000000 ) ) ;
#846 = VECTOR ( 'NONE', #7274, 1000.000000000000000 ) ;
#847 = FACE_OUTER_BOUND ( 'NONE', #7007, .T. ) ;
#848 = EDGE_CURVE ( 'NONE', #5326, #7231, #5628, .T. ) ;
#849 = EDGE_CURVE ( 'NONE', #11118, #5353, #9587, .T. ) ;
#850 = EDGE_CURVE ( 'NONE', #166, #3267, #1768, .T. ) ;
#851 = CARTESIAN_POINT ( 'NONE',  ( 73.00000000000000000, 29.00000000000000000, 0.000000000000000000 ) ) ;
#852 = DATE_AND_TIME ( #1835, #5084 ) ;
#853 = VECTOR ( 'NONE', #5754, 1000.000000000000000 ) ;
#854 = FACE_OUTER_BOUND ( 'NONE', #11695, .T. ) ;
#855 = ORIENTED_EDGE ( 'NONE', *, *, #10252, .F. ) ;
#856 = CARTESIAN_POINT ( 'NONE',  ( 51.75000000000000000, 28.85000000000000853, 5.925518941756209301 ) ) ;
#857 = ORIENTED_EDGE ( 'NONE', *, *, #1960, .F. ) ;
#858 = DIRECTION ( 'NONE',  ( 1.000000000000000000, 0.000000000000000000, 0.000000000000000000 ) ) ;
#859 = ORIENTED_EDGE ( 'NONE', *, *, #10463, .F. ) ;
#860 = ORIENTED_EDGE ( 'NONE', *, *, #7898, .F. ) ;
#861 = LINE ( 'NONE', #10319, #3804 ) ;
#862 = DIRECTION ( 'NONE',  ( -0.000000000000000000, -0.000000000000000000, -1.000000000000000000 ) ) ;
#863 = ADVANCED_FACE ( 'NONE', ( #2633 ), #6960, .F. ) ;
#864 = CARTESIAN_POINT ( 'NONE',  ( 75.50000000000000000, 33.52905841137543064, 13.86814535675424764 ) ) ;
#865 = ORIENTED_EDGE ( 'NONE', *, *, #9101, .F. ) ;
#866 = CARTESIAN_POINT ( 'NONE',  ( 72.64999999999999147, 32.25000000000000000, -1.600000000000000311 ) ) ;
#867 = CIRCLE ( 'NONE', #4602, 0.5000000000000004441 ) ;
#868 = CARTESIAN_POINT ( 'NONE',  ( 39.24999955999999912, 64.25000043999999377, -4.499999999999992895 ) ) ;
#869 = ORIENTED_EDGE ( 'NONE', *, *, #134, .F. ) ;
#870 = CARTESIAN_POINT ( 'NONE',  ( 0.000000000000000000, 63.67200000000001836, -3.000000000000000000 ) ) ;
#871 = EDGE_LOOP ( 'NONE', ( #10779, #4712, #10949, #9390 ) ) ;
#872 = DIRECTION ( 'NONE',  ( -1.000000000000000000, 0.000000000000000000, 0.000000000000000000 ) ) ;
#873 = ORIENTED_EDGE ( 'NONE', *, *, #2337, .T. ) ;
#874 = ORIENTED_EDGE ( 'NONE', *, *, #4978, .T. ) ;
#875 = CARTESIAN_POINT ( 'NONE',  ( 50.24999999999999289, 34.74999955999999202, -4.000000000000000000 ) ) ;
#876 = VECTOR ( 'NONE', #10907, 1000.000000000000000 ) ;
#877 = CIRCLE ( 'NONE', #12099, 0.4999999999999995559 ) ;
#878 = EDGE_CURVE ( 'NONE', #12609, #11749, #1353, .T. ) ;
#879 = LINE ( 'NONE', #12657, #10303 ) ;
#880 = DIRECTION ( 'NONE',  ( -0.000000000000000000, -1.000000000000000000, -0.000000000000000000 ) ) ;
#881 = DIRECTION ( 'NONE',  ( 0.000000000000000000, -0.000000000000000000, 1.000000000000000000 ) ) ;
#882 = CARTESIAN_POINT ( 'NONE',  ( 61.14999999999999147, 24.29999999999999361, -0.1746290485562077277 ) ) ;
#883 = DIRECTION ( 'NONE',  ( -0.000000000000000000, -1.000000000000000000, -0.000000000000000000 ) ) ;
#884 = DIRECTION ( 'NONE',  ( -0.7071067811865425767, 0.000000000000000000, -0.7071067811865524577 ) ) ;
#885 = ORIENTED_EDGE ( 'NONE', *, *, #10416, .F. ) ;
#886 = CIRCLE ( 'NONE', #3381, 1.000000000000000888 ) ;
#887 = ORIENTED_EDGE ( 'NONE', *, *, #9184, .T. ) ;
#888 = EDGE_LOOP ( 'NONE', ( #10161, #4259, #11765, #10451, #10172, #908, #6066, #5554 ) ) ;
#889 = CARTESIAN_POINT ( 'NONE',  ( 25.74999999999998934, 69.74999999999998579, -4.000000000000003553 ) ) ;
#890 = EDGE_CURVE ( 'NONE', #6785, #1183, #9861, .T. ) ;
#891 = CARTESIAN_POINT ( 'NONE',  ( 70.25000000000000000, 72.75000000000000000, 1.702499914872029452 ) ) ;
#892 = VERTEX_POINT ( 'NONE', #2562 ) ;
#893 = VERTEX_POINT ( 'NONE', #3686 ) ;
#894 = EDGE_CURVE ( 'NONE', #12141, #3124, #6601, .T. ) ;
#895 = CARTESIAN_POINT ( 'NONE',  ( 74.64999999999997726, 53.25000000000000000, -4.000000000000000000 ) ) ;
#896 = DIRECTION ( 'NONE',  ( -0.000000000000000000, -0.000000000000000000, -1.000000000000000000 ) ) ;
#897 = AXIS2_PLACEMENT_3D ( 'NONE', #11527, #10601, #11396 ) ;
#898 = DIRECTION ( 'NONE',  ( 0.000000000000000000, 0.7071067811865444641, -0.7071067811865505703 ) ) ;
#899 = CARTESIAN_POINT ( 'NONE',  ( 73.69999999999998863, 77.19999999999998863, -5.000000000000000000 ) ) ;
#900 = CARTESIAN_POINT ( 'NONE',  ( 74.64999999999997726, 62.92200000000001836, -1.599999999999997202 ) ) ;
#901 = AXIS2_PLACEMENT_3D ( 'NONE', #3966, #9755, #10796 ) ;
#902 = DIRECTION ( 'NONE',  ( 1.000000000000000000, 0.000000000000000000, 0.000000000000000000 ) ) ;
#903 = SECURITY_CLASSIFICATION ( '', '', #3725 ) ;
#904 = DIRECTION ( 'NONE',  ( 0.000000000000000000, -0.7071067811865460184, 0.7071067811865490160 ) ) ;
#905 = AXIS2_PLACEMENT_3D ( 'NONE', #7657, #3960, #8770 ) ;
#906 = DIRECTION ( 'NONE',  ( 1.000000000000000000, 0.000000000000000000, 0.000000000000000000 ) ) ;
#907 = FACE_OUTER_BOUND ( 'NONE', #12593, .T. ) ;
#908 = ORIENTED_EDGE ( 'NONE', *, *, #5108, .T. ) ;
#909 = EDGE_CURVE ( 'NONE', #5987, #9123, #1986, .T. ) ;
#910 = CARTESIAN_POINT ( 'NONE',  ( 50.44999999999997442, 26.75000000000000000, 6.499999999999999112 ) ) ;
#911 = PLANE ( 'NONE',  #2013 ) ;
#912 = CARTESIAN_POINT ( 'NONE',  ( 42.69999999999998863, 69.45000000000000284, 8.499999999999998224 ) ) ;
#913 = ADVANCED_FACE ( 'NONE', ( #6919 ), #5881, .F. ) ;
#914 = AXIS2_PLACEMENT_3D ( 'NONE', #2127, #1275, #5249 ) ;
#915 = VECTOR ( 'NONE', #11324, 1000.000000000000000 ) ;
#916 = ADVANCED_FACE ( 'NONE', ( #4122 ), #3995, .T. ) ;
#917 = EDGE_CURVE ( 'NONE', #4440, #5564, #3440, .T. ) ;
#918 = DIRECTION ( 'NONE',  ( -1.000000000000000000, 0.000000000000000000, 0.000000000000000000 ) ) ;
#919 = ORIENTED_EDGE ( 'NONE', *, *, #12790, .F. ) ;
#920 = CARTESIAN_POINT ( 'NONE',  ( 58.14999999999999147, 24.29999999999999361, 6.699999999999999289 ) ) ;
#921 = ORIENTED_EDGE ( 'NONE', *, *, #10911, .T. ) ;
#922 = AXIS2_PLACEMENT_3D ( 'NONE', #11667, #793, #2614 ) ;
#923 = AXIS2_PLACEMENT_3D ( 'NONE', #173, #6481, #5440 ) ;
#924 = CARTESIAN_POINT ( 'NONE',  ( 69.25000000000000000, 30.67905841137542922, 0.000000000000000000 ) ) ;
#925 = VERTEX_POINT ( 'NONE', #4914 ) ;
#926 = VECTOR ( 'NONE', #2824, 1000.000000000000000 ) ;
#927 = EDGE_CURVE ( 'NONE', #6935, #2901, #9660, .T. ) ;
#928 = EDGE_CURVE ( 'NONE', #9968, #6527, #6006, .T. ) ;
#929 = EDGE_CURVE ( 'NONE', #2533, #2442, #3142, .T. ) ;
#930 = FACE_OUTER_BOUND ( 'NONE', #4006, .T. ) ;
#931 = LINE ( 'NONE', #9714, #10692 ) ;
#932 = EDGE_CURVE ( 'NONE', #7866, #8813, #4260, .T. ) ;
#933 = VECTOR ( 'NONE', #10980, 1000.000000000000000 ) ;
#934 = EDGE_CURVE ( 'NONE', #485, #4845, #4966, .T. ) ;
#935 = EDGE_CURVE ( 'NONE', #2167, #6051, #3001, .T. ) ;
#936 = CARTESIAN_POINT ( 'NONE',  ( 28.74999999999998934, 28.74999999999999645, -3.500000000000000000 ) ) ;
#937 = EDGE_LOOP ( 'NONE', ( #3158, #5029, #5174, #1938, #2965, #3980, #12145, #6856 ) ) ;
#938 = CIRCLE ( 'NONE', #4245, 1.500000000000001332 ) ;
#939 = CIRCLE ( 'NONE', #5708, 0.4999999999999995559 ) ;
#940 = DIRECTION ( 'NONE',  ( -0.000000000000000000, -0.000000000000000000, 1.000000000000000000 ) ) ;
#941 = CC_DESIGN_APPROVAL ( #157, ( #903 ) ) ;
#942 = DIRECTION ( 'NONE',  ( -1.000000000000000000, -1.299418334065024626E-16, 0.000000000000000000 ) ) ;
#943 = CIRCLE ( 'NONE', #11745, 0.5000000000000000000 ) ;
#944 = VERTEX_POINT ( 'NONE', #1919 ) ;
#945 = FACE_OUTER_BOUND ( 'NONE', #5612, .T. ) ;
#946 = EDGE_LOOP ( 'NONE', ( #9403, #1469, #6589, #6707 ) ) ;
#947 = DIRECTION ( 'NONE',  ( -0.000000000000000000, -1.000000000000000000, -0.000000000000000000 ) ) ;
#948 = VERTEX_POINT ( 'NONE', #9909 ) ;
#949 = ORIENTED_EDGE ( 'NONE', *, *, #12628, .F. ) ;
#950 = CARTESIAN_POINT ( 'NONE',  ( 25.84999999999998721, 28.74999999999999645, 21.50000000000000000 ) ) ;
#951 = AXIS2_PLACEMENT_3D ( 'NONE', #1866, #11813, #6866 ) ;
#952 = DIRECTION ( 'NONE',  ( -1.000000000000000000, 0.000000000000000000, 0.000000000000000000 ) ) ;
#953 = LINE ( 'NONE', #6740, #2154 ) ;
#954 = CIRCLE ( 'NONE', #10918, 1.500000000000001332 ) ;
#955 = FACE_OUTER_BOUND ( 'NONE', #4988, .T. ) ;
#956 = CARTESIAN_POINT ( 'NONE',  ( 65.64999999999999147, 24.29998799999999548, 0.02537095144379032663 ) ) ;
#957 = CARTESIAN_POINT ( 'NONE',  ( 67.25000000000000000, 74.75000000000000000, 8.499999999999998224 ) ) ;
#958 = VERTEX_POINT ( 'NONE', #1189 ) ;
#959 = VECTOR ( 'NONE', #6542, 1000.000000000000000 ) ;
#960 = ORIENTED_EDGE ( 'NONE', *, *, #5541, .F. ) ;
#961 = ORIENTED_EDGE ( 'NONE', *, *, #1739, .F. ) ;
#962 = DIRECTION ( 'NONE',  ( -3.700743415417189619E-16, 1.000000000000000000, 0.000000000000000000 ) ) ;
#963 = VECTOR ( 'NONE', #617, 1000.000000000000000 ) ;
#964 = CARTESIAN_POINT ( 'NONE',  ( 63.14999999999998437, 25.75000000000000000, 0.5253709514437898687 ) ) ;
#965 = ORIENTED_EDGE ( 'NONE', *, *, #12846, .F. ) ;
#966 = ORIENTED_EDGE ( 'NONE', *, *, #5784, .T. ) ;
#967 = CARTESIAN_POINT ( 'NONE',  ( 76.69999999999998863, 33.00749664306601261, 4.823999333381999932 ) ) ;
#968 = AXIS2_PLACEMENT_3D ( 'NONE', #1887, #2978, #5060 ) ;
#969 = CARTESIAN_POINT ( 'NONE',  ( 65.75000043999999377, 48.74999999999999289, -3.100000000000000533 ) ) ;
#970 = FACE_OUTER_BOUND ( 'NONE', #6713, .T. ) ;
#971 = CIRCLE ( 'NONE', #8225, 1.000000000000000000 ) ;
#972 = CARTESIAN_POINT ( 'NONE',  ( 50.24999999999999289, 36.24999955999999912, -4.000000000000000000 ) ) ;
#973 = VECTOR ( 'NONE', #6582, 1000.000000000000000 ) ;
#974 = AXIS2_PLACEMENT_3D ( 'NONE', #643, #6629, #2732 ) ;
#975 = CARTESIAN_POINT ( 'NONE',  ( 53.64999999999999147, 25.75000000000000000, 0.02537095144378743658 ) ) ;
#976 = ADVANCED_FACE ( 'NONE', ( #5162 ), #9120, .F. ) ;
#977 = FACE_OUTER_BOUND ( 'NONE', #4568, .T. ) ;
#978 = LINE ( 'NONE', #4940, #2142 ) ;
#979 = CARTESIAN_POINT ( 'NONE',  ( 77.69999999999998863, 24.29999999999999716, -0.1746290485562084771 ) ) ;
#980 = CARTESIAN_POINT ( 'NONE',  ( 73.69999999999998863, 77.69999999999998863, 15.00000000000000000 ) ) ;
#981 = ORIENTED_EDGE ( 'NONE', *, *, #7445, .F. ) ;
#982 = FACE_OUTER_BOUND ( 'NONE', #4928, .T. ) ;
#983 = EDGE_CURVE ( 'NONE', #1326, #649, #9847, .T. ) ;
#984 = CARTESIAN_POINT ( 'NONE',  ( 55.64999999999999147, 24.29999999999999361, 0.5253709514437898687 ) ) ;
#985 = CARTESIAN_POINT ( 'NONE',  ( 72.63799999999999102, 65.71099999999999852, -4.000000000000000000 ) ) ;
#986 = ORIENTED_EDGE ( 'NONE', *, *, #4339, .F. ) ;
#987 = CARTESIAN_POINT ( 'NONE',  ( 25.74999999999999645, 76.25000000000000000, 0.000000000000000000 ) ) ;
#988 = EDGE_LOOP ( 'NONE', ( #12771, #3194, #992, #949 ) ) ;
#989 = CARTESIAN_POINT ( 'NONE',  ( 28.74999999999998934, 28.74999999999999645, 21.50000000000000000 ) ) ;
#990 = VERTEX_POINT ( 'NONE', #12850 ) ;
#991 = CARTESIAN_POINT ( 'NONE',  ( 25.74999999999998934, 70.25000000000000000, 8.499999999999996447 ) ) ;
#992 = ORIENTED_EDGE ( 'NONE', *, *, #9108, .F. ) ;
#993 = CARTESIAN_POINT ( 'NONE',  ( 69.25000000000000000, 30.67905841137542922, 8.499999999999998224 ) ) ;
#994 = CARTESIAN_POINT ( 'NONE',  ( 63.64999999999998437, 25.75000000000000000, 5.999999999999999112 ) ) ;
#995 = EDGE_CURVE ( 'NONE', #4135, #6398, #3934, .T. ) ;
#996 = EDGE_CURVE ( 'NONE', #5387, #4800, #1006, .T. ) ;
#997 = LINE ( 'NONE', #2227, #1505 ) ;
#998 = ORIENTED_EDGE ( 'NONE', *, *, #8720, .F. ) ;
#999 = CARTESIAN_POINT ( 'NONE',  ( 77.69999999999998863, 33.00749664306601261, -1.800000000000001155 ) ) ;
#1000 = CARTESIAN_POINT ( 'NONE',  ( 72.75000000000000000, 70.25000000000000000, 3.404999829744057127 ) ) ;
#1001 = ADVANCED_FACE ( 'NONE', ( #6989 ), #10955, .T. ) ;
#1002 = ORIENTED_EDGE ( 'NONE', *, *, #4624, .F. ) ;
#1003 = CARTESIAN_POINT ( 'NONE',  ( 52.64999999999999147, 25.75000000000000000, 5.999999999999996447 ) ) ;
#1004 = EDGE_CURVE ( 'NONE', #5929, #729, #5030, .T. ) ;
#1005 = EDGE_LOOP ( 'NONE', ( #6085, #12524 ) ) ;
#1006 = LINE ( 'NONE', #19, #1343 ) ;
#1007 = ORIENTED_EDGE ( 'NONE', *, *, #7752, .F. ) ;
#1008 = VERTEX_POINT ( 'NONE', #8018 ) ;
#1009 = DIRECTION ( 'NONE',  ( 1.000000000000000000, 0.000000000000000000, -0.000000000000000000 ) ) ;
#1010 = EDGE_CURVE ( 'NONE', #7562, #12707, #3082, .T. ) ;
#1011 = EDGE_CURVE ( 'NONE', #11289, #8817, #10354, .T. ) ;
#1012 = CARTESIAN_POINT ( 'NONE',  ( 36.24999955999999912, 62.75000043999999377, -3.100000000000000533 ) ) ;
#1013 = ORIENTED_EDGE ( 'NONE', *, *, #3723, .T. ) ;
#1014 = CARTESIAN_POINT ( 'NONE',  ( 29.24999999999998579, 72.75000000000000000, 4.499999999999999112 ) ) ;
#1015 = DIRECTION ( 'NONE',  ( 1.000000000000000000, 0.000000000000000000, 0.000000000000000000 ) ) ;
#1016 = LINE ( 'NONE', #6146, #11327 ) ;
#1017 = ADVANCED_FACE ( 'NONE', ( #7371 ), #9385, .F. ) ;
#1018 = CARTESIAN_POINT ( 'NONE',  ( 64.25000043999999377, 64.25000043999999377, -4.499999999999992895 ) ) ;
#1019 = ORIENTED_EDGE ( 'NONE', *, *, #4962, .T. ) ;
#1020 = ORIENTED_EDGE ( 'NONE', *, *, #3482, .F. ) ;
#1021 = ORIENTED_EDGE ( 'NONE', *, *, #2750, .F. ) ;
#1022 = CARTESIAN_POINT ( 'NONE',  ( 29.00000000000000000, 73.00000000000000000, -1.600000000000000311 ) ) ;
#1023 = DIRECTION ( 'NONE',  ( 0.000000000000000000, 1.000000000000000000, 0.000000000000000000 ) ) ;
#1024 = ORIENTED_EDGE ( 'NONE', *, *, #8445, .F. ) ;
#1025 = DIRECTION ( 'NONE',  ( -1.000000000000000000, 0.000000000000000000, 0.000000000000000000 ) ) ;
#1026 = DIRECTION ( 'NONE',  ( 1.000000000000000000, 0.000000000000000000, 0.000000000000000000 ) ) ;
#1027 = AXIS2_PLACEMENT_3D ( 'NONE', #3077, #7041, #150 ) ;
#1028 = LINE ( 'NONE', #4747, #7335 ) ;
#1029 = CARTESIAN_POINT ( 'NONE',  ( 31.74999999999998579, 76.25000000000000000, 8.499999999999996447 ) ) ;
#1030 = CARTESIAN_POINT ( 'NONE',  ( 25.74999999999998579, -3.538148871794278250E-15, 4.499999999999999112 ) ) ;
#1031 = DIRECTION ( 'NONE',  ( -0.000000000000000000, -0.000000000000000000, 1.000000000000000000 ) ) ;
#1032 = VECTOR ( 'NONE', #135, 1000.000000000000114 ) ;
#1033 = CARTESIAN_POINT ( 'NONE',  ( 69.94999999999997442, 57.69999999999998863, 4.999999999999998224 ) ) ;
#1034 = B_SPLINE_CURVE_WITH_KNOTS ( 'NONE', 3,
 ( #168, #1345, #9008, #7322, #2123, #1143, #362, #7063, #5313, #10243 ),
 .UNSPECIFIED., .F., .F.,
 ( 4, 2, 2, 2, 4 ),
 ( 0.000000000000000000, 0.0003102680948751478768, 0.0006205361897502957537, 0.0009308042846254435763, 0.001241072379500591507 ),
 .UNSPECIFIED. ) ;
#1035 = LINE ( 'NONE', #980, #8870 ) ;
#1036 = ORIENTED_EDGE ( 'NONE', *, *, #602, .F. ) ;
#1037 = CYLINDRICAL_SURFACE ( 'NONE', #7691, 1.500000000000001332 ) ;
#1038 = LINE ( 'NONE', #9937, #8442 ) ;
#1039 = CARTESIAN_POINT ( 'NONE',  ( 76.25000000000000000, 39.40749664306598987, 3.323999333381999932 ) ) ;
#1040 = EDGE_CURVE ( 'NONE', #12003, #1504, #12253, .T. ) ;
#1041 = AXIS2_PLACEMENT_3D ( 'NONE', #3120, #6182, #12236 ) ;
#1042 = AXIS2_PLACEMENT_3D ( 'NONE', #5019, #8006, #3067 ) ;
#1043 = CIRCLE ( 'NONE', #11844, 0.4999999999999995559 ) ;
#1044 = CARTESIAN_POINT ( 'NONE',  ( 73.38799999999999102, 65.71099999999999852, -5.000000000000000000 ) ) ;
#1045 = ADVANCED_FACE ( 'NONE', ( #406 ), #9191, .F. ) ;
#1046 = ORIENTED_EDGE ( 'NONE', *, *, #5579, .F. ) ;
#1047 = DIRECTION ( 'NONE',  ( 0.000000000000000000, 0.000000000000000000, 1.000000000000000000 ) ) ;
#1048 = VECTOR ( 'NONE', #566, 1000.000000000000114 ) ;
#1049 = ORIENTED_EDGE ( 'NONE', *, *, #9396, .F. ) ;
#1050 = VECTOR ( 'NONE', #8250, 1000.000000000000114 ) ;
#1051 = CARTESIAN_POINT ( 'NONE',  ( 63.14999999999998437, 24.49999999999997158, 6.499999999999999112 ) ) ;
#1052 = ORIENTED_EDGE ( 'NONE', *, *, #11769, .F. ) ;
#1053 = DIRECTION ( 'NONE',  ( -0.000000000000000000, 0.000000000000000000, 1.000000000000000000 ) ) ;
#1054 = DIRECTION ( 'NONE',  ( 1.000000000000000000, 0.000000000000000000, 0.000000000000000000 ) ) ;
#1055 = PLANE ( 'NONE',  #1923 ) ;
#1056 = AXIS2_PLACEMENT_3D ( 'NONE', #3546, #7501, #11480 ) ;
#1057 = ORIENTED_EDGE ( 'NONE', *, *, #5701, .T. ) ;
#1058 = DIRECTION ( 'NONE',  ( -0.000000000000000000, -0.000000000000000000, -1.000000000000000000 ) ) ;
#1059 = CARTESIAN_POINT ( 'NONE',  ( 28.74999999999998934, 28.74999999999999645, -4.000000000000000000 ) ) ;
#1060 = ORIENTED_EDGE ( 'NONE', *, *, #6933, .F. ) ;
#1061 = CARTESIAN_POINT ( 'NONE',  ( 70.25000000000000000, 72.74999703548304808, 0.000000000000000000 ) ) ;
#1062 = ORIENTED_EDGE ( 'NONE', *, *, #4012, .T. ) ;
#1063 = DIRECTION ( 'NONE',  ( 0.000000000000000000, 0.000000000000000000, -1.000000000000000000 ) ) ;
#1064 = EDGE_LOOP ( 'NONE', ( #10316, #273, #7626, #3192, #12755, #11304, #3590, #5354, #4394, #9204, #12688, #5346, #12513, #662 ) ) ;
#1065 = EDGE_LOOP ( 'NONE', ( #12479, #4351, #9119, #10350 ) ) ;
#1066 = CIRCLE ( 'NONE', #8958, 1.500000000000001332 ) ;
#1067 = DIRECTION ( 'NONE',  ( -0.000000000000000000, -0.000000000000000000, 1.000000000000000000 ) ) ;
#1068 = EDGE_CURVE ( 'NONE', #3234, #12457, #7304, .T. ) ;
#1069 = CARTESIAN_POINT ( 'NONE',  ( 75.50000000000000000, 32.77905841137542353, 0.000000000000000000 ) ) ;
#1070 = CYLINDRICAL_SURFACE ( 'NONE', #5081, 2.000000000000001776 ) ;
#1071 = DIRECTION ( 'NONE',  ( -1.000000000000000000, 0.000000000000000000, 0.000000000000000000 ) ) ;
#1072 = DIRECTION ( 'NONE',  ( 1.000000000000000000, 1.299418334065024873E-16, -0.000000000000000000 ) ) ;
#1073 = EDGE_CURVE ( 'NONE', #6650, #4152, #513, .T. ) ;
#1074 = EDGE_LOOP ( 'NONE', ( #4074, #8581, #5641, #7489 ) ) ;
#1075 = ADVANCED_FACE ( 'NONE', ( #12389 ), #4316, .F. ) ;
#1076 = VECTOR ( 'NONE', #5048, 1000.000000000000000 ) ;
#1077 = EDGE_LOOP ( 'NONE', ( #4275, #12322 ) ) ;
#1078 = VERTEX_POINT ( 'NONE', #3479 ) ;
#1080 = DIRECTION ( 'NONE',  ( -1.000000000000000000, 0.000000000000000000, 0.000000000000000000 ) ) ;
#1079 = AXIS2_PLACEMENT_3D ( 'NONE', #6883, #2976, #4809 ) ;
#1081 = DIRECTION ( 'NONE',  ( -0.000000000000000000, -0.000000000000000000, 1.000000000000000000 ) ) ;
#1082 = EDGE_CURVE ( 'NONE', #4435, #7053, #12565, .T. ) ;
#1083 = ORIENTED_EDGE ( 'NONE', *, *, #7804, .F. ) ;
#1084 = CARTESIAN_POINT ( 'NONE',  ( 25.74999999999998934, 34.74999999999999289, 4.499999999999999112 ) ) ;
#1085 = LINE ( 'NONE', #12084, #11893 ) ;
#1086 = EDGE_CURVE ( 'NONE', #4152, #6650, #1967, .T. ) ;
#1087 = EDGE_CURVE ( 'NONE', #1408, #7434, #3282, .T. ) ;
#1088 = DIRECTION ( 'NONE',  ( 1.299418334065024873E-16, -1.000000000000000000, -0.000000000000000000 ) ) ;
#1089 = AXIS2_PLACEMENT_3D ( 'NONE', #9211, #7257, #9713 ) ;
#1090 = LINE ( 'NONE', #2195, #4455 ) ;
#1091 = CIRCLE ( 'NONE', #10006, 0.5000000000000000000 ) ;
#1092 = DIRECTION ( 'NONE',  ( 1.000000000000000000, -0.000000000000000000, -0.000000000000000000 ) ) ;
#1093 = DIRECTION ( 'NONE',  ( -0.000000000000000000, -1.000000000000000000, -0.000000000000000000 ) ) ;
#1094 = PLANE ( 'NONE',  #5392 ) ;
#1095 = LINE ( 'NONE', #12028, #7152 ) ;
#1096 = CARTESIAN_POINT ( 'NONE',  ( 24.30000000000000071, 73.69999999999998863, 9.500000000000005329 ) ) ;
#1097 = VERTEX_POINT ( 'NONE', #6458 ) ;
#1098 = VECTOR ( 'NONE', #10538, 1000.000000000000000 ) ;
#1099 = DIRECTION ( 'NONE',  ( -0.000000000000000000, -0.000000000000000000, 1.000000000000000000 ) ) ;
#1100 = CARTESIAN_POINT ( 'NONE',  ( 70.54999999999999716, 69.74999999999998579, -4.000000000000003553 ) ) ;
#1101 = DIRECTION ( 'NONE',  ( -1.299418334065024873E-16, 1.000000000000000000, 0.000000000000000000 ) ) ;
#1102 = EDGE_LOOP ( 'NONE', ( #10090, #489, #9538, #10822 ) ) ;
#1103 = AXIS2_PLACEMENT_3D ( 'NONE', #7253, #6280, #4327 ) ;
#1104 = VECTOR ( 'NONE', #898, 1000.000000000000000 ) ;
#1105 = CYLINDRICAL_SURFACE ( 'NONE', #3322, 1.500000000000001332 ) ;
#1106 = VERTEX_POINT ( 'NONE', #11149 ) ;
#1107 = DIRECTION ( 'NONE',  ( 0.000000000000000000, -0.000000000000000000, 1.000000000000000000 ) ) ;
#1108 = ORIENTED_EDGE ( 'NONE', *, *, #2106, .F. ) ;
#1109 = CARTESIAN_POINT ( 'NONE',  ( 1.272130549049662238E-13, 68.75000000000012790, 8.499999999999998224 ) ) ;
#1110 = ORIENTED_EDGE ( 'NONE', *, *, #2841, .T. ) ;
#1111 = LINE ( 'NONE', #4109, #9770 ) ;
#1112 = CARTESIAN_POINT ( 'NONE',  ( 73.69999999999998863, 28.29999999999999716, 9.500000000000005329 ) ) ;
#1113 = AXIS2_PLACEMENT_3D ( 'NONE', #9290, #7068, #11039 ) ;
#1114 = LINE ( 'NONE', #5088, #4418 ) ;
#1115 = AXIS2_PLACEMENT_3D ( 'NONE', #10467, #9240, #9306 ) ;
#1116 = DIRECTION ( 'NONE',  ( -1.000000000000000000, 0.000000000000000000, 0.000000000000000000 ) ) ;
#1117 = VERTEX_POINT ( 'NONE', #2297 ) ;
#1118 = FACE_OUTER_BOUND ( 'NONE', #1172, .T. ) ;
#1119 = LINE ( 'NONE', #8986, #10571 ) ;
#1120 = VECTOR ( 'NONE', #8438, 1000.000000000000000 ) ;
#1121 = ORIENTED_EDGE ( 'NONE', *, *, #8470, .F. ) ;
#1122 = VECTOR ( 'NONE', #12131, 1000.000000000000000 ) ;
#1123 = LINE ( 'NONE', #4181, #10268 ) ;
#1124 = EDGE_CURVE ( 'NONE', #10968, #8348, #6118, .T. ) ;
#1125 = ORIENTED_EDGE ( 'NONE', *, *, #4281, .F. ) ;
#1126 = CARTESIAN_POINT ( 'NONE',  ( 70.54999999999999716, 70.50000000000000000, -1.600000000000004086 ) ) ;
#1127 = ORIENTED_EDGE ( 'NONE', *, *, #2832, .T. ) ;
#1128 = CONICAL_SURFACE ( 'NONE', #88, 2.899999999999999911, 0.7853981633974517207 ) ;
#1129 = ORIENTED_EDGE ( 'NONE', *, *, #9176, .F. ) ;
#1130 = CARTESIAN_POINT ( 'NONE',  ( 42.69999999999998863, 69.95000000000000284, 8.499999999999998224 ) ) ;
#1131 = VECTOR ( 'NONE', #2546, 1000.000000000000000 ) ;
#1132 = AXIS2_PLACEMENT_3D ( 'NONE', #3129, #12182, #7294 ) ;
#1133 = CYLINDRICAL_SURFACE ( 'NONE', #9577, 2.000000000000001776 ) ;
#1134 = VECTOR ( 'NONE', #11535, 1000.000000000000000 ) ;
#1135 = LINE ( 'NONE', #5170, #7160 ) ;
#1136 = DIRECTION ( 'NONE',  ( -1.299418334065024873E-16, 1.000000000000000000, 0.000000000000000000 ) ) ;
#1137 = LINE ( 'NONE', #6018, #1265 ) ;
#1138 = ORIENTED_EDGE ( 'NONE', *, *, #97, .F. ) ;
#1139 = CIRCLE ( 'NONE', #11544, 0.5000000000000004441 ) ;
#1140 = VERTEX_POINT ( 'NONE', #10155 ) ;
#1141 = ORIENTED_EDGE ( 'NONE', *, *, #1450, .F. ) ;
#1142 = DIRECTION ( 'NONE',  ( -0.000000000000000000, 0.000000000000000000, -1.000000000000000000 ) ) ;
#1143 = CARTESIAN_POINT ( 'NONE',  ( 76.05189041890049850, 40.29106927015487827, 2.801984054093034082 ) ) ;
#1144 = EDGE_CURVE ( 'NONE', #405, #2158, #209, .T. ) ;
#1145 = CARTESIAN_POINT ( 'NONE',  ( 73.00000000000000000, 73.00000000000000000, 6.499999999999999112 ) ) ;
#1146 = VECTOR ( 'NONE', #9806, 1000.000000000000000 ) ;
#1147 = CARTESIAN_POINT ( 'NONE',  ( 70.54999999999999716, 69.74999999999998579, -1.600000000000000311 ) ) ;
#1148 = EDGE_CURVE ( 'NONE', #6457, #1851, #10418, .T. ) ;
#1149 = FACE_OUTER_BOUND ( 'NONE', #3610, .T. ) ;
#1150 = ADVANCED_FACE ( 'NONE', ( #6333 ), #11740, .T. ) ;
#1151 = DIRECTION ( 'NONE',  ( 0.000000000000000000, 0.000000000000000000, -1.000000000000000000 ) ) ;
#1152 = EDGE_CURVE ( 'NONE', #7763, #2167, #10294, .T. ) ;
#1153 = PLANE ( 'NONE',  #11235 ) ;
#1154 = ORIENTED_EDGE ( 'NONE', *, *, #1240, .F. ) ;
#1156 = CARTESIAN_POINT ( 'NONE',  ( 51.19999999999998863, 39.40749664306598987, 0.7000000000000000666 ) ) ;
#1155 = AXIS2_PLACEMENT_3D ( 'NONE', #2382, #6218, #9339 ) ;
#1157 = EDGE_CURVE ( 'NONE', #7625, #649, #6397, .T. ) ;
#1158 = DIRECTION ( 'NONE',  ( 0.000000000000000000, 0.000000000000000000, 1.000000000000000000 ) ) ;
#1159 = EDGE_CURVE ( 'NONE', #7525, #5582, #6947, .T. ) ;
#1160 = DIRECTION ( 'NONE',  ( 0.000000000000000000, 0.000000000000000000, 1.000000000000000000 ) ) ;
#1161 = ORIENTED_EDGE ( 'NONE', *, *, #2447, .T. ) ;
#1162 = EDGE_CURVE ( 'NONE', #1269, #9736, #5500, .T. ) ;
#1163 = DIRECTION ( 'NONE',  ( 0.000000000000000000, 0.000000000000000000, 1.000000000000000000 ) ) ;
#1165 = EDGE_CURVE ( 'NONE', #4541, #166, #595, .T. ) ;
#1164 = CARTESIAN_POINT ( 'NONE',  ( 28.30000000000000426, 77.69999999999998863, -4.499999999999993783 ) ) ;
#1166 = AXIS2_PLACEMENT_3D ( 'NONE', #7130, #364, #9080 ) ;
#1167 = DIRECTION ( 'NONE',  ( 0.000000000000000000, -0.000000000000000000, 1.000000000000000000 ) ) ;
#1168 = VECTOR ( 'NONE', #10143, 1000.000000000000000 ) ;
#1169 = VECTOR ( 'NONE', #10009, 1000.000000000000000 ) ;
#1170 = PLANE ( 'NONE',  #5184 ) ;
#1171 = CARTESIAN_POINT ( 'NONE',  ( 70.25000000000000000, 70.25000000000000000, 3.404999829744058903 ) ) ;
#1172 = EDGE_LOOP ( 'NONE', ( #4954, #10619, #4203, #2998, #5614, #7207, #1630, #6247 ) ) ;
#1173 = CARTESIAN_POINT ( 'NONE',  ( 51.75000000000000000, 65.75000043999999377, -4.000000000000000000 ) ) ;
#1174 = ORIENTED_EDGE ( 'NONE', *, *, #4419, .F. ) ;
#1175 = VECTOR ( 'NONE', #11047, 1000.000000000000000 ) ;
#1176 = DIRECTION ( 'NONE',  ( 1.000000000000000000, 1.299418334065024873E-16, -0.000000000000000000 ) ) ;
#1177 = ORIENTED_EDGE ( 'NONE', *, *, #530, .F. ) ;
#1178 = CARTESIAN_POINT ( 'NONE',  ( 76.25000000000000000, 39.77874832153298712, 3.323999333381998156 ) ) ;
#1179 = CARTESIAN_POINT ( 'NONE',  ( 63.64999999999998437, 24.49999999999997158, 6.499999999999999112 ) ) ;
#1180 = EDGE_CURVE ( 'NONE', #11768, #10513, #6587, .T. ) ;
#1181 = CARTESIAN_POINT ( 'NONE',  ( 71.99999999999998579, 31.67905841137542922, 13.86814535675424764 ) ) ;
#1182 = CARTESIAN_POINT ( 'NONE',  ( 73.38799999999999102, 65.71099999999999852, -3.000000000000000000 ) ) ;
#1183 = VERTEX_POINT ( 'NONE', #11729 ) ;
#1184 = LINE ( 'NONE', #9902, #3840 ) ;
#1185 = CARTESIAN_POINT ( 'NONE',  ( 71.44999999999997442, 53.94999999999999574, 6.499999999999999112 ) ) ;
#1186 = ORIENTED_EDGE ( 'NONE', *, *, #532, .F. ) ;
#1187 = DIRECTION ( 'NONE',  ( 0.000000000000000000, 0.000000000000000000, 1.000000000000000000 ) ) ;
#1188 = ORIENTED_EDGE ( 'NONE', *, *, #6436, .F. ) ;
#1189 = CARTESIAN_POINT ( 'NONE',  ( 73.38799999999999102, 66.46100000000001273, -3.000000000000000000 ) ) ;
#1190 = ORIENTED_EDGE ( 'NONE', *, *, #4340, .T. ) ;
#1191 = ORIENTED_EDGE ( 'NONE', *, *, #787, .T. ) ;
#1192 = VERTEX_POINT ( 'NONE', #10680 ) ;
#1193 = LINE ( 'NONE', #7112, #2492 ) ;
#1194 = EDGE_LOOP ( 'NONE', ( #103, #8807, #10220, #7477 ) ) ;
#1195 = DIRECTION ( 'NONE',  ( -9.188275156155087577E-17, 0.7071067811865500152, -0.7071067811865451302 ) ) ;
#1196 = ADVANCED_FACE ( 'NONE', ( #7623 ), #4635, .F. ) ;
#1197 = CARTESIAN_POINT ( 'NONE',  ( 72.63799999999999102, 63.67200000000001836, -1.600000000000000311 ) ) ;
#1198 = DIRECTION ( 'NONE',  ( -0.000000000000000000, -0.000000000000000000, -1.000000000000000000 ) ) ;
#1199 = LINE ( 'NONE', #9133, #1901 ) ;
#1200 = ORIENTED_EDGE ( 'NONE', *, *, #7605, .T. ) ;
#1201 = ORIENTED_EDGE ( 'NONE', *, *, #7042, .T. ) ;
#1202 = DIRECTION ( 'NONE',  ( 0.000000000000000000, -0.000000000000000000, 1.000000000000000000 ) ) ;
#1203 = EDGE_LOOP ( 'NONE', ( #3657, #9127, #9169, #2493 ) ) ;
#1204 = ORIENTED_EDGE ( 'NONE', *, *, #8956, .T. ) ;
#1205 = DIRECTION ( 'NONE',  ( 0.000000000000000000, 0.000000000000000000, -1.000000000000000000 ) ) ;
#1206 = DIRECTION ( 'NONE',  ( 1.000000000000000000, 0.000000000000000000, 0.000000000000000000 ) ) ;
#1207 = CYLINDRICAL_SURFACE ( 'NONE', #7599, 1.500000000000001332 ) ;
#1208 = CARTESIAN_POINT ( 'NONE',  ( 31.89999999999999858, 73.00000000000000000, 6.499999999999999112 ) ) ;
#1209 = CARTESIAN_POINT ( 'NONE',  ( 68.75000000000000000, 0.000000000000000000, 8.499999999999998224 ) ) ;
#1210 = DIRECTION ( 'NONE',  ( 1.000000000000000000, 0.000000000000000000, 0.000000000000000000 ) ) ;
#1211 = LINE ( 'NONE', #4341, #5410 ) ;
#1212 = EDGE_LOOP ( 'NONE', ( #5593, #5228, #11337, #8035 ) ) ;
#1213 = DIRECTION ( 'NONE',  ( -1.000000000000000000, 0.000000000000000000, 0.000000000000000000 ) ) ;
#1214 = EDGE_CURVE ( 'NONE', #1008, #697, #9231, .T. ) ;
#1215 = DIRECTION ( 'NONE',  ( -0.000000000000000000, -0.000000000000000000, 1.000000000000000000 ) ) ;
#1216 = DIRECTION ( 'NONE',  ( 0.000000000000000000, -1.000000000000000000, 0.000000000000000000 ) ) ;
#1217 = ORIENTED_EDGE ( 'NONE', *, *, #2752, .F. ) ;
#1218 = VECTOR ( 'NONE', #10951, 1000.000000000000000 ) ;
#1219 = EDGE_LOOP ( 'NONE', ( #5616, #12639, #2124, #12889, #10241, #7169, #2969, #9085 ) ) ;
#1220 = LINE ( 'NONE', #11120, #4375 ) ;
#1221 = CARTESIAN_POINT ( 'NONE',  ( 71.49999999999998579, 32.77905841137542353, 22.63822442109180244 ) ) ;
#1222 = CARTESIAN_POINT ( 'NONE',  ( 60.64999999999999147, 24.29998799999999548, 0.5253709514437898687 ) ) ;
#1223 = EDGE_CURVE ( 'NONE', #8475, #1498, #938, .T. ) ;
#1224 = CIRCLE ( 'NONE', #8503, 0.7500000000000006661 ) ;
#1225 = VERTEX_POINT ( 'NONE', #2683 ) ;
#1226 = EDGE_CURVE ( 'NONE', #3296, #3449, #1554, .T. ) ;
#1227 = DIRECTION ( 'NONE',  ( 0.000000000000000000, 0.000000000000000000, -1.000000000000000000 ) ) ;
#1228 = EDGE_CURVE ( 'NONE', #5816, #9386, #10893, .T. ) ;
#1229 = LINE ( 'NONE', #3387, #6023 ) ;
#1230 = ORIENTED_EDGE ( 'NONE', *, *, #10441, .F. ) ;
#1231 = DIRECTION ( 'NONE',  ( -1.000000000000000000, 0.000000000000000000, 0.000000000000000000 ) ) ;
#1232 = EDGE_CURVE ( 'NONE', #2150, #2646, #4045, .T. ) ;
#1233 = ORIENTED_EDGE ( 'NONE', *, *, #11708, .T. ) ;
#1234 = DIRECTION ( 'NONE',  ( 1.000000000000000000, 0.000000000000000000, 0.000000000000000000 ) ) ;
#1235 = EDGE_LOOP ( 'NONE', ( #6324, #12583, #12703, #8090 ) ) ;
#1236 = DIRECTION ( 'NONE',  ( -0.000000000000000000, -0.000000000000000000, 1.000000000000000000 ) ) ;
#1237 = CARTESIAN_POINT ( 'NONE',  ( 42.69999999999998863, 68.45000000000000284, 8.499999999999998224 ) ) ;
#1238 = DIRECTION ( 'NONE',  ( -1.000000000000000000, 0.000000000000000000, 0.000000000000000000 ) ) ;
#1239 = VECTOR ( 'NONE', #2133, 1000.000000000000000 ) ;
#1240 = EDGE_CURVE ( 'NONE', #5365, #765, #3430, .T. ) ;
#1241 = DIRECTION ( 'NONE',  ( -0.000000000000000000, -0.000000000000000000, -1.000000000000000000 ) ) ;
#1242 = EDGE_CURVE ( 'NONE', #7222, #7031, #9452, .T. ) ;
#1243 = EDGE_CURVE ( 'NONE', #4800, #3075, #12448, .T. ) ;
#1244 = CARTESIAN_POINT ( 'NONE',  ( 53.19999999999998153, 76.25000000000000000, 8.499999999999996447 ) ) ;
#1245 = ORIENTED_EDGE ( 'NONE', *, *, #9049, .T. ) ;
#1246 = DIRECTION ( 'NONE',  ( -1.000000000000000000, 0.000000000000000000, 0.000000000000000000 ) ) ;
#1247 = VECTOR ( 'NONE', #8934, 1000.000000000000000 ) ;
#1248 = FACE_OUTER_BOUND ( 'NONE', #6586, .T. ) ;
#1249 = AXIS2_PLACEMENT_3D ( 'NONE', #8918, #5992, #4956 ) ;
#1250 = ORIENTED_EDGE ( 'NONE', *, *, #12064, .T. ) ;
#1251 = DIRECTION ( 'NONE',  ( -1.000000000000000000, 0.000000000000000000, 0.000000000000000000 ) ) ;
#1252 = ORIENTED_EDGE ( 'NONE', *, *, #6178, .F. ) ;
#1253 = DIRECTION ( 'NONE',  ( 0.000000000000000000, 0.000000000000000000, 1.000000000000000000 ) ) ;
#1254 = ORIENTED_EDGE ( 'NONE', *, *, #11199, .T. ) ;
#1255 = ORIENTED_EDGE ( 'NONE', *, *, #1162, .T. ) ;
#1256 = ORIENTED_EDGE ( 'NONE', *, *, #8138, .T. ) ;
#1257 = FACE_OUTER_BOUND ( 'NONE', #7420, .T. ) ;
#1258 = AXIS2_PLACEMENT_3D ( 'NONE', #1481, #11566, #6426 ) ;
#1259 = ORIENTED_EDGE ( 'NONE', *, *, #890, .F. ) ;
#1260 = LINE ( 'NONE', #5168, #7970 ) ;
#1261 = CARTESIAN_POINT ( 'NONE',  ( 31.74999999999997158, 70.25000000000000000, 8.499999999999998224 ) ) ;
#1262 = DIRECTION ( 'NONE',  ( 1.000000000000000000, 0.000000000000000000, 0.000000000000000000 ) ) ;
#1263 = DIRECTION ( 'NONE',  ( 1.000000000000000000, 0.000000000000000000, 0.000000000000000000 ) ) ;
#1264 = VERTEX_POINT ( 'NONE', #12706 ) ;
#1265 = VECTOR ( 'NONE', #221, 1000.000000000000000 ) ;
#1266 = ORIENTED_EDGE ( 'NONE', *, *, #8477, .F. ) ;
#1267 = FACE_OUTER_BOUND ( 'NONE', #6507, .T. ) ;
#1268 = ORIENTED_EDGE ( 'NONE', *, *, #3445, .T. ) ;
#1269 = VERTEX_POINT ( 'NONE', #6784 ) ;
#1270 = CARTESIAN_POINT ( 'NONE',  ( 67.74999999999998579, 76.25000000000000000, 0.000000000000000000 ) ) ;
#1271 = EDGE_CURVE ( 'NONE', #9624, #9784, #1841, .T. ) ;
#1272 = LINE ( 'NONE', #6285, #11694 ) ;
#1273 = CARTESIAN_POINT ( 'NONE',  ( 70.49999999999998579, 31.67905841137542922, 8.499999999999998224 ) ) ;
#1274 = PLANE ( 'NONE',  #6499 ) ;
#1275 = DIRECTION ( 'NONE',  ( 0.000000000000000000, 1.000000000000000000, 0.000000000000000000 ) ) ;
#1276 = CARTESIAN_POINT ( 'NONE',  ( 61.14999999999999147, 24.29999999999999361, -0.1746290485562077277 ) ) ;
#1277 = DIRECTION ( 'NONE',  ( 1.000000000000000000, -0.000000000000000000, -0.000000000000000000 ) ) ;
#1278 = EDGE_LOOP ( 'NONE', ( #3132, #7252, #11242, #1772 ) ) ;
#1279 = VECTOR ( 'NONE', #11398, 1000.000000000000000 ) ;
#1280 = DIRECTION ( 'NONE',  ( -0.000000000000000000, -1.000000000000000000, -0.000000000000000000 ) ) ;
#1281 = DIRECTION ( 'NONE',  ( -1.000000000000000000, 0.000000000000000000, -0.000000000000000000 ) ) ;
#1282 = EDGE_CURVE ( 'NONE', #5601, #3856, #11468, .T. ) ;
#1283 = DIRECTION ( 'NONE',  ( 0.000000000000000000, -0.000000000000000000, 1.000000000000000000 ) ) ;
#1284 = ORIENTED_EDGE ( 'NONE', *, *, #6887, .T. ) ;
#1285 = VERTEX_POINT ( 'NONE', #6520 ) ;
#1286 = FACE_OUTER_BOUND ( 'NONE', #8948, .T. ) ;
#1287 = CARTESIAN_POINT ( 'NONE',  ( 64.75000044000000798, 39.24999955999999912, -5.000000000000000000 ) ) ;
#1288 = CIRCLE ( 'NONE', #4200, 0.4999999999999995559 ) ;
#1289 = AXIS2_PLACEMENT_3D ( 'NONE', #10014, #812, #2638 ) ;
#1290 = CARTESIAN_POINT ( 'NONE',  ( 25.74999999999998934, 34.74999999999999289, 8.499999999999996447 ) ) ;
#1291 = ORIENTED_EDGE ( 'NONE', *, *, #6966, .T. ) ;
#1292 = PLANE ( 'NONE',  #9753 ) ;
#1293 = DIRECTION ( 'NONE',  ( 1.000000000000000000, 1.299418334065024626E-16, 0.000000000000000000 ) ) ;
#1294 = ORIENTED_EDGE ( 'NONE', *, *, #11943, .F. ) ;
#1295 = AXIS2_PLACEMENT_3D ( 'NONE', #10474, #9375, #10408 ) ;
#1296 = DIRECTION ( 'NONE',  ( 1.000000000000000000, -0.000000000000000000, -0.000000000000000000 ) ) ;
#1297 = VERTEX_POINT ( 'NONE', #1700 ) ;
#1298 = CARTESIAN_POINT ( 'NONE',  ( 39.24999955999999912, 39.24999955999999912, -4.000000000000000000 ) ) ;
#1299 = ORIENTED_EDGE ( 'NONE', *, *, #9108, .T. ) ;
#1300 = CARTESIAN_POINT ( 'NONE',  ( 25.74999999999999645, 67.25000000000000000, 7.999999999999998224 ) ) ;
#1301 = DIRECTION ( 'NONE',  ( 1.000000000000000000, 0.000000000000000000, 0.000000000000000000 ) ) ;
#1302 = EDGE_CURVE ( 'NONE', #379, #7699, #8530, .T. ) ;
#1303 = CARTESIAN_POINT ( 'NONE',  ( 73.14999999999999147, 50.24999999999999289, -3.099999999999998757 ) ) ;
#1304 = AXIS2_PLACEMENT_3D ( 'NONE', #9467, #12408, #8226 ) ;
#1305 = ORIENTED_EDGE ( 'NONE', *, *, #917, .F. ) ;
#1306 = EDGE_CURVE ( 'NONE', #10627, #4, #10053, .T. ) ;
#1307 = VECTOR ( 'NONE', #9363, 1000.000000000000000 ) ;
#1308 = CARTESIAN_POINT ( 'NONE',  ( 63.14999999999998437, 24.49999999999997158, 0.5253709514437898687 ) ) ;
#1309 = EDGE_CURVE ( 'NONE', #5801, #5866, #11523, .T. ) ;
#1310 = EDGE_LOOP ( 'NONE', ( #8482, #1671, #9603, #5605, #6121, #5229, #11212, #11631 ) ) ;
#1311 = LINE ( 'NONE', #12314, #9441 ) ;
#1312 = CARTESIAN_POINT ( 'NONE',  ( 67.25000000000000000, 76.25000000000000000, 3.404999829744057127 ) ) ;
#1313 = EDGE_CURVE ( 'NONE', #7434, #2925, #5672, .T. ) ;
#1314 = ORIENTED_EDGE ( 'NONE', *, *, #1718, .F. ) ;
#1315 = CARTESIAN_POINT ( 'NONE',  ( 52.64999999999999147, 25.75000000000000000, 0.5253709514437873151 ) ) ;
#1316 = EDGE_CURVE ( 'NONE', #3875, #649, #8605, .T. ) ;
#1317 = EDGE_CURVE ( 'NONE', #9575, #2137, #9831, .T. ) ;
#1318 = ORIENTED_EDGE ( 'NONE', *, *, #3624, .F. ) ;
#1319 = EDGE_CURVE ( 'NONE', #1106, #5485, #7937, .T. ) ;
#1320 = DIRECTION ( 'NONE',  ( -1.000000000000000000, 0.000000000000000000, 0.000000000000000000 ) ) ;
#1321 = VERTEX_POINT ( 'NONE', #10994 ) ;
#1322 = EDGE_CURVE ( 'NONE', #8448, #4892, #5, .T. ) ;
#1323 = VERTEX_POINT ( 'NONE', #69 ) ;
#1324 = CIRCLE ( 'NONE', #10033, 4.000000000000000000 ) ;
#1325 = EDGE_CURVE ( 'NONE', #11701, #10493, #5804, .T. ) ;
#1326 = VERTEX_POINT ( 'NONE', #9894 ) ;
#1327 = VECTOR ( 'NONE', #12494, 1000.000000000000000 ) ;
#1328 = CARTESIAN_POINT ( 'NONE',  ( 61.14999999999999147, 25.75000000000000000, 0.02537095144379032663 ) ) ;
#1329 = ORIENTED_EDGE ( 'NONE', *, *, #3601, .T. ) ;
#1330 = CARTESIAN_POINT ( 'NONE',  ( 34.24999999999998579, 29.35000000000000497, -67.93053710242747911 ) ) ;
#1331 = ORIENTED_EDGE ( 'NONE', *, *, #928, .T. ) ;
#1332 = VECTOR ( 'NONE', #112, 1000.000000000000114 ) ;
#1333 = DIRECTION ( 'NONE',  ( -1.000000000000000000, 0.000000000000000000, 0.000000000000000000 ) ) ;
#1334 = AXIS2_PLACEMENT_3D ( 'NONE', #5055, #10048, #7134 ) ;
#1335 = CARTESIAN_POINT ( 'NONE',  ( 76.03895576983454418, 33.00749664306601261, 0.6999999999999992895 ) ) ;
#1336 = AXIS2_PLACEMENT_3D ( 'NONE', #6372, #11177, #9295 ) ;
#1337 = ORIENTED_EDGE ( 'NONE', *, *, #9025, .T. ) ;
#1338 = ORIENTED_EDGE ( 'NONE', *, *, #9651, .T. ) ;
#1339 = DIRECTION ( 'NONE',  ( -0.000000000000000000, -0.000000000000000000, -1.000000000000000000 ) ) ;
#1340 = ORIENTED_EDGE ( 'NONE', *, *, #5040, .F. ) ;
#1341 = ORIENTED_EDGE ( 'NONE', *, *, #604, .T. ) ;
#1342 = CYLINDRICAL_SURFACE ( 'NONE', #1155, 2.499999999999998668 ) ;
#1343 = VECTOR ( 'NONE', #3019, 1000.000000000000000 ) ;
#1344 = VECTOR ( 'NONE', #8027, 1000.000000000000000 ) ;
#1345 = CARTESIAN_POINT ( 'NONE',  ( 76.25000000000001421, 39.87648769665781856, 3.213452833019136978 ) ) ;
#1346 = CIRCLE ( 'NONE', #8608, 0.5000000000000004441 ) ;
#1347 = PLANE ( 'NONE',  #6982 ) ;
#1348 = CARTESIAN_POINT ( 'NONE',  ( 32.24999999999998579, 29.35000000000000497, -67.93053710242747911 ) ) ;
#1349 = VECTOR ( 'NONE', #4509, 1000.000000000000000 ) ;
#1350 = CARTESIAN_POINT ( 'NONE',  ( 66.14999999999999147, 25.75000000000000000, 6.499999999999999112 ) ) ;
#1351 = LINE ( 'NONE', #5186, #3419 ) ;
#1352 = DIRECTION ( 'NONE',  ( 0.000000000000000000, -0.000000000000000000, 1.000000000000000000 ) ) ;
#1353 = CIRCLE ( 'NONE', #11950, 2.500000000000002220 ) ;
#1354 = CIRCLE ( 'NONE', #11951, 1.600000000000000755 ) ;
#1355 = EDGE_LOOP ( 'NONE', ( #12209, #2650, #4133, #11954 ) ) ;
#1356 = DIRECTION ( 'NONE',  ( 1.000000000000000000, 0.000000000000000000, 0.000000000000000000 ) ) ;
#1357 = CIRCLE ( 'NONE', #8622, 1.500000000000001332 ) ;
#1358 = CARTESIAN_POINT ( 'NONE',  ( 65.75000043999999377, 53.25000000000000000, -3.100000000000000533 ) ) ;
#1359 = DIRECTION ( 'NONE',  ( -1.000000000000000000, 0.000000000000000000, 0.000000000000000000 ) ) ;
#1360 = VERTEX_POINT ( 'NONE', #9771 ) ;
#1361 = ORIENTED_EDGE ( 'NONE', *, *, #11251, .T. ) ;
#1362 = DIRECTION ( 'NONE',  ( 1.000000000000000000, 0.000000000000000000, 0.000000000000000000 ) ) ;
#1363 = FACE_OUTER_BOUND ( 'NONE', #12667, .T. ) ;
#1364 = AXIS2_PLACEMENT_3D ( 'NONE', #1440, #11593, #1689 ) ;
#1365 = LINE ( 'NONE', #5263, #10015 ) ;
#1366 = EDGE_CURVE ( 'NONE', #11412, #2280, #8795, .T. ) ;
#1367 = AXIS2_PLACEMENT_3D ( 'NONE', #6435, #3379, #11385 ) ;
#1368 = CARTESIAN_POINT ( 'NONE',  ( 27.35000000000000142, 53.25000000000000000, -4.000000000000000000 ) ) ;
#1369 = AXIS2_PLACEMENT_3D ( 'NONE', #5910, #1093, #3964 ) ;
#1370 = FACE_OUTER_BOUND ( 'NONE', #10312, .T. ) ;
#1371 = DIRECTION ( 'NONE',  ( 0.000000000000000000, 0.000000000000000000, -1.000000000000000000 ) ) ;
#1372 = VERTEX_POINT ( 'NONE', #7816 ) ;
#1373 = CARTESIAN_POINT ( 'NONE',  ( 0.000000000000000000, 63.67200000000001836, -4.000000000000000000 ) ) ;
#1374 = VERTEX_POINT ( 'NONE', #3065 ) ;
#1375 = EDGE_CURVE ( 'NONE', #2954, #5077, #12770, .T. ) ;
#1376 = AXIS2_PLACEMENT_3D ( 'NONE', #11959, #8896, #2787 ) ;
#1377 = CARTESIAN_POINT ( 'NONE',  ( 56.14999999999999147, 24.49999999999999289, 0.02537095144379032663 ) ) ;
#1378 = ORIENTED_EDGE ( 'NONE', *, *, #1640, .F. ) ;
#1379 = CARTESIAN_POINT ( 'NONE',  ( 73.38799999999999102, 66.46100000000001273, -3.000000000000000000 ) ) ;
#1380 = AXIS2_PLACEMENT_3D ( 'NONE', #9078, #167, #9865 ) ;
#1381 = DIRECTION ( 'NONE',  ( 0.000000000000000000, 0.000000000000000000, 1.000000000000000000 ) ) ;
#1382 = CARTESIAN_POINT ( 'NONE',  ( 42.69999999999998153, 37.95000000000000284, 4.999999999999998224 ) ) ;
#1383 = DIRECTION ( 'NONE',  ( 1.000000000000000000, 1.299418334065024133E-16, 0.000000000000000000 ) ) ;
#1384 = VERTEX_POINT ( 'NONE', #8059 ) ;
#1385 = CONICAL_SURFACE ( 'NONE', #11984, 3.499999999999999556, 0.7853981633974415066 ) ;
#1386 = CARTESIAN_POINT ( 'NONE',  ( 53.19999999999998153, 75.25000000000000000, 8.499999999999998224 ) ) ;
#1387 = AXIS2_PLACEMENT_3D ( 'NONE', #3998, #1009, #10891 ) ;
#1388 = CARTESIAN_POINT ( 'NONE',  ( 64.25000043999999377, 62.75000043999999377, -4.499999999999992895 ) ) ;
#1389 = AXIS2_PLACEMENT_3D ( 'NONE', #10404, #10595, #5727 ) ;
#1390 = ORIENTED_EDGE ( 'NONE', *, *, #7017, .T. ) ;
#1391 = DIRECTION ( 'NONE',  ( -1.000000000000000000, 0.000000000000000000, 0.000000000000000000 ) ) ;
#1392 = VERTEX_POINT ( 'NONE', #9044 ) ;
#1393 = CARTESIAN_POINT ( 'NONE',  ( 50.19999999999998153, 69.95000000000000284, 6.499999999999999112 ) ) ;
#1394 = VERTEX_POINT ( 'NONE', #4953 ) ;
#1395 = ADVANCED_FACE ( 'NONE', ( #2087 ), #12042, .F. ) ;
#1396 = ORIENTED_EDGE ( 'NONE', *, *, #3690, .T. ) ;
#1397 = EDGE_CURVE ( 'NONE', #3532, #332, #4107, .T. ) ;
#1398 = ORIENTED_EDGE ( 'NONE', *, *, #2499, .T. ) ;
#1399 = DIRECTION ( 'NONE',  ( 1.000000000000000000, 0.000000000000000000, 0.000000000000000000 ) ) ;
#1400 = VERTEX_POINT ( 'NONE', #924 ) ;
#1401 = FACE_OUTER_BOUND ( 'NONE', #3597, .T. ) ;
#1402 = EDGE_CURVE ( 'NONE', #6868, #10489, #3859, .T. ) ;
#1403 = FACE_OUTER_BOUND ( 'NONE', #9417, .T. ) ;
#1404 = EDGE_CURVE ( 'NONE', #673, #10627, #6907, .T. ) ;
#1405 = DIRECTION ( 'NONE',  ( -6.484876772350056834E-16, -1.000000000000000000, 0.000000000000000000 ) ) ;
#1406 = VERTEX_POINT ( 'NONE', #2937 ) ;
#1407 = ADVANCED_FACE ( 'NONE', ( #11852 ), #7089, .F. ) ;
#1408 = VERTEX_POINT ( 'NONE', #10872 ) ;
#1409 = CARTESIAN_POINT ( 'NONE',  ( 74.59999999999999432, 73.00000000000000000, 0.000000000000000000 ) ) ;
#1410 = ORIENTED_EDGE ( 'NONE', *, *, #8445, .T. ) ;
#1411 = ORIENTED_EDGE ( 'NONE', *, *, #6206, .F. ) ;
#1412 = DIRECTION ( 'NONE',  ( 1.299418334065024873E-16, -1.000000000000000000, -0.000000000000000000 ) ) ;
#1413 = EDGE_CURVE ( 'NONE', #5353, #2765, #4296, .T. ) ;
#1414 = CARTESIAN_POINT ( 'NONE',  ( 31.74999999999998579, 73.75000000000000000, 78.50196847342608919 ) ) ;
#1415 = DIRECTION ( 'NONE',  ( 0.7071067811865474617, 0.7071067811865474617, 0.000000000000000000 ) ) ;
#1416 = LINE ( 'NONE', #11372, #8563 ) ;
#1417 = EDGE_CURVE ( 'NONE', #5133, #8848, #11794, .T. ) ;
#1418 = LINE ( 'NONE', #11492, #3620 ) ;
#1419 = CARTESIAN_POINT ( 'NONE',  ( 25.74999999999999289, 32.25000000000000000, -67.93053710242747911 ) ) ;
#1420 = DIRECTION ( 'NONE',  ( -0.7071067811865451302, 8.659560562354904508E-17, 0.7071067811865500152 ) ) ;
#1421 = VERTEX_POINT ( 'NONE', #1051 ) ;
#1422 = DIRECTION ( 'NONE',  ( -1.299418334065024626E-16, 1.000000000000000000, 0.000000000000000000 ) ) ;
#1423 = PLANE ( 'NONE',  #4878 ) ;
#1424 = CARTESIAN_POINT ( 'NONE',  ( 62.75000043999999377, 39.24999955999999912, -1.500000000000000000 ) ) ;
#1425 = ORIENTED_EDGE ( 'NONE', *, *, #10299, .F. ) ;
#1426 = ORIENTED_EDGE ( 'NONE', *, *, #7118, .T. ) ;
#1427 = LINE ( 'NONE', #10064, #1050 ) ;
#1428 = CYLINDRICAL_SURFACE ( 'NONE', #3446, 4.000000000000003553 ) ;
#1429 = EDGE_CURVE ( 'NONE', #12612, #660, #5990, .T. ) ;
#1430 = FACE_OUTER_BOUND ( 'NONE', #7993, .T. ) ;
#1431 = EDGE_LOOP ( 'NONE', ( #4422, #342, #5711, #6064 ) ) ;
#1432 = LINE ( 'NONE', #2528, #9333 ) ;
#1433 = VECTOR ( 'NONE', #5736, 1000.000000000000000 ) ;
#1434 = LINE ( 'NONE', #2279, #5399 ) ;
#1435 = DIRECTION ( 'NONE',  ( -0.000000000000000000, -1.000000000000000000, -0.000000000000000000 ) ) ;
#1436 = CARTESIAN_POINT ( 'NONE',  ( 62.45000000000000284, 24.29999999999999361, 0.5253709514437898687 ) ) ;
#1437 = ORIENTED_EDGE ( 'NONE', *, *, #5058, .T. ) ;
#1438 = ADVANCED_FACE ( 'NONE', ( #8978 ), #10812, .T. ) ;
#1439 = CARTESIAN_POINT ( 'NONE',  ( 73.00000000000000000, 29.00000000000000000, 6.499999999999999112 ) ) ;
#1440 = CARTESIAN_POINT ( 'NONE',  ( 73.38799999999999102, 65.71099999999999852, -4.000000000000000000 ) ) ;
#1441 = CARTESIAN_POINT ( 'NONE',  ( 0.000000000000000000, 0.000000000000000000, 9.999999999999998224 ) ) ;
#1442 = AXIS2_PLACEMENT_3D ( 'NONE', #835, #4811, #10528 ) ;
#1443 = CARTESIAN_POINT ( 'NONE',  ( 70.09999999999999432, 73.00000000000000000, 6.499999999999999112 ) ) ;
#1444 = EDGE_LOOP ( 'NONE', ( #4313, #4655, #6871, #9420 ) ) ;
#1445 = ADVANCED_FACE ( 'NONE', ( #2417 ), #10276, .T. ) ;
#1446 = DIRECTION ( 'NONE',  ( -1.000000000000000000, 0.000000000000000000, 0.000000000000000000 ) ) ;
#1447 = CARTESIAN_POINT ( 'NONE',  ( 76.25000000000000000, 73.25000000000000000, -3.500000000000000000 ) ) ;
#1448 = ORIENTED_EDGE ( 'NONE', *, *, #6971, .F. ) ;
#1449 = LINE ( 'NONE', #5414, #1556 ) ;
#1450 = EDGE_CURVE ( 'NONE', #4915, #9276, #10320, .T. ) ;
#1451 = ORIENTED_EDGE ( 'NONE', *, *, #5294, .T. ) ;
#1452 = DIRECTION ( 'NONE',  ( -6.484876772350056834E-16, -1.000000000000000000, 0.000000000000000000 ) ) ;
#1453 = VERTEX_POINT ( 'NONE', #1436 ) ;
#1454 = AXIS2_PLACEMENT_3D ( 'NONE', #5977, #6168, #4147 ) ;
#1455 = ORIENTED_EDGE ( 'NONE', *, *, #3712, .T. ) ;
#1456 = ADVANCED_FACE ( 'NONE', ( #5150 ), #9371, .F. ) ;
#1457 = VERTEX_POINT ( 'NONE', #1377 ) ;
#1458 = CYLINDRICAL_SURFACE ( 'NONE', #1884, 2.500000000000002220 ) ;
#1459 = VERTEX_POINT ( 'NONE', #10339 ) ;
#1460 = CARTESIAN_POINT ( 'NONE',  ( 59.19999999999998153, 68.95000000000000284, 8.499999999999998224 ) ) ;
#1461 = AXIS2_PLACEMENT_3D ( 'NONE', #5483, #4518, #8476 ) ;
#1462 = VECTOR ( 'NONE', #12373, 1000.000000000000000 ) ;
#1463 = CYLINDRICAL_SURFACE ( 'NONE', #11941, 1.600000000000000755 ) ;
#1464 = CARTESIAN_POINT ( 'NONE',  ( 52.94999999999998153, 36.45000000000000284, 8.499999999999998224 ) ) ;
#1465 = ORIENTED_EDGE ( 'NONE', *, *, #7694, .T. ) ;
#1466 = ORIENTED_EDGE ( 'NONE', *, *, #4344, .T. ) ;
#1467 = LINE ( 'NONE', #358, #683 ) ;
#1468 = VERTEX_POINT ( 'NONE', #9308 ) ;
#1469 = ORIENTED_EDGE ( 'NONE', *, *, #6875, .T. ) ;
#1470 = LINE ( 'NONE', #9405, #4485 ) ;
#1471 = EDGE_CURVE ( 'NONE', #4160, #3124, #339, .T. ) ;
#1472 = AXIS2_PLACEMENT_3D ( 'NONE', #7409, #244, #11384 ) ;
#1473 = CARTESIAN_POINT ( 'NONE',  ( 77.69999999999998863, 24.29999999999999716, 6.699999999999999289 ) ) ;
#1474 = CARTESIAN_POINT ( 'NONE',  ( 58.14999999999999147, 24.29998799999999548, 0.02537095144379032663 ) ) ;
#1475 = DIRECTION ( 'NONE',  ( -0.000000000000000000, -0.000000000000000000, -1.000000000000000000 ) ) ;
#1476 = DIRECTION ( 'NONE',  ( -1.000000000000000000, 0.000000000000000000, 0.000000000000000000 ) ) ;
#1477 = FACE_BOUND ( 'NONE', #6396, .T. ) ;
#1478 = EDGE_CURVE ( 'NONE', #3394, #8475, #457, .T. ) ;
#1479 = EDGE_CURVE ( 'NONE', #8458, #5365, #9103, .T. ) ;
#1480 = VECTOR ( 'NONE', #7693, 1000.000000000000000 ) ;
#1481 = CARTESIAN_POINT ( 'NONE',  ( 62.75000043999999377, 62.75000043999999377, -4.000000000000000000 ) ) ;
#1482 = ORIENTED_EDGE ( 'NONE', *, *, #4972, .F. ) ;
#1483 = EDGE_CURVE ( 'NONE', #11070, #11805, #5122, .T. ) ;
#1484 = LINE ( 'NONE', #5324, #5702 ) ;
#1485 = EDGE_CURVE ( 'NONE', #4097, #6745, #5538, .T. ) ;
#1486 = ADVANCED_FACE ( 'NONE', ( #7161 ), #11131, .F. ) ;
#1487 = LINE ( 'NONE', #9540, #9180 ) ;
#1488 = ORIENTED_EDGE ( 'NONE', *, *, #10125, .T. ) ;
#1489 = EDGE_CURVE ( 'NONE', #9386, #9586, #6186, .T. ) ;
#1490 = EDGE_CURVE ( 'NONE', #729, #9062, #3887, .T. ) ;
#1491 = VERTEX_POINT ( 'NONE', #256 ) ;
#1492 = DIRECTION ( 'NONE',  ( -0.000000000000000000, -0.000000000000000000, -1.000000000000000000 ) ) ;
#1493 = CARTESIAN_POINT ( 'NONE',  ( 73.69999999999998863, 28.29999999999999716, 15.00000000000000000 ) ) ;
#1494 = VECTOR ( 'NONE', #12515, 1000.000000000000000 ) ;
#1495 = CARTESIAN_POINT ( 'NONE',  ( 76.14999999999999147, 28.74999999999999645, -5.000000000000000000 ) ) ;
#1496 = ADVANCED_FACE ( 'NONE', ( #4233 ), #8191, .F. ) ;
#1497 = AXIS2_PLACEMENT_3D ( 'NONE', #1648, #10758, #5874 ) ;
#1498 = VERTEX_POINT ( 'NONE', #7225 ) ;
#1499 = DIRECTION ( 'NONE',  ( -1.000000000000000000, 0.000000000000000000, 0.000000000000000000 ) ) ;
#1500 = DIRECTION ( 'NONE',  ( 0.000000000000000000, -0.000000000000000000, -1.000000000000000000 ) ) ;
#1501 = LINE ( 'NONE', #5337, #9431 ) ;
#1502 = VECTOR ( 'NONE', #7197, 1000.000000000000000 ) ;
#1503 = CARTESIAN_POINT ( 'NONE',  ( 36.24999955999999912, 62.75000043999999377, -4.000000000000000000 ) ) ;
#1504 = VERTEX_POINT ( 'NONE', #3393 ) ;
#1505 = VECTOR ( 'NONE', #5021, 1000.000000000000000 ) ;
#1506 = CARTESIAN_POINT ( 'NONE',  ( 36.24999955999999912, 62.75000043999999377, -4.000000000000000000 ) ) ;
#1507 = CARTESIAN_POINT ( 'NONE',  ( 71.49999999999998579, 32.67905841137542922, 0.000000000000000000 ) ) ;
#1508 = DIRECTION ( 'NONE',  ( -1.299418334065024873E-16, 1.000000000000000000, 0.000000000000000000 ) ) ;
#1509 = ORIENTED_EDGE ( 'NONE', *, *, #7413, .F. ) ;
#1510 = FACE_OUTER_BOUND ( 'NONE', #412, .T. ) ;
#1511 = AXIS2_PLACEMENT_3D ( 'NONE', #563, #1475, #12275 ) ;
#1512 = CARTESIAN_POINT ( 'NONE',  ( 59.35000000000000142, 24.29999999999999361, 15.00000000000000000 ) ) ;
#1513 = EDGE_LOOP ( 'NONE', ( #12723, #3673, #12597, #1060, #1154, #12267, #3004, #4501 ) ) ;
#1514 = DIRECTION ( 'NONE',  ( 0.000000000000000000, 0.000000000000000000, 1.000000000000000000 ) ) ;
#1515 = ORIENTED_EDGE ( 'NONE', *, *, #3703, .T. ) ;
#1516 = CARTESIAN_POINT ( 'NONE',  ( 56.64999999999999147, 25.75000000000000000, 5.999999999999999112 ) ) ;
#1517 = VERTEX_POINT ( 'NONE', #11193 ) ;
#1518 = ORIENTED_EDGE ( 'NONE', *, *, #195, .T. ) ;
#1519 = EDGE_LOOP ( 'NONE', ( #8679, #1791, #2889, #12520 ) ) ;
#1520 = CARTESIAN_POINT ( 'NONE',  ( 77.69999999999998863, 41.90749664306598987, 3.323999333381999932 ) ) ;
#1521 = ORIENTED_EDGE ( 'NONE', *, *, #10689, .F. ) ;
#1522 = CARTESIAN_POINT ( 'NONE',  ( 71.44999999999997442, 52.44999999999999574, 8.499999999999998224 ) ) ;
#1523 = ORIENTED_EDGE ( 'NONE', *, *, #8782, .F. ) ;
#1524 = CARTESIAN_POINT ( 'NONE',  ( 67.25000043999999377, 53.25000000000000000, -3.100000000000000533 ) ) ;
#1525 = ADVANCED_FACE ( 'NONE', ( #2283 ), #325, .T. ) ;
#1526 = VECTOR ( 'NONE', #904, 1000.000000000000114 ) ;
#1527 = CARTESIAN_POINT ( 'NONE',  ( 73.00000000000000000, 29.00000000000000000, 6.499999999999999112 ) ) ;
#1528 = VERTEX_POINT ( 'NONE', #12240 ) ;
#1529 = EDGE_LOOP ( 'NONE', ( #10431, #840, #8473, #9863 ) ) ;
#1530 = LINE ( 'NONE', #12335, #9834 ) ;
#1531 = VERTEX_POINT ( 'NONE', #3330 ) ;
#1532 = ORIENTED_EDGE ( 'NONE', *, *, #451, .F. ) ;
#1533 = CARTESIAN_POINT ( 'NONE',  ( 62.75000043999999377, 62.75000043999999377, -4.499999999999992895 ) ) ;
#1534 = DIRECTION ( 'NONE',  ( 1.299418334065024873E-16, -1.000000000000000000, -0.000000000000000000 ) ) ;
#1535 = CARTESIAN_POINT ( 'NONE',  ( 74.64999999999999147, 53.25000000000000000, -3.100000000000000533 ) ) ;
#1536 = DIRECTION ( 'NONE',  ( -0.000000000000000000, -0.000000000000000000, -1.000000000000000000 ) ) ;
#1537 = VECTOR ( 'NONE', #12344, 1000.000000000000000 ) ;
#1538 = CARTESIAN_POINT ( 'NONE',  ( 59.69999999999998153, 68.45000000000000284, 8.499999999999998224 ) ) ;
#1539 = CARTESIAN_POINT ( 'NONE',  ( 28.74999999999998934, 28.74999999999999645, -5.000000000000000000 ) ) ;
#1540 = CARTESIAN_POINT ( 'NONE',  ( 24.30000000000000426, 54.74999999999999289, 1.100000660000000074 ) ) ;
#1541 = VERTEX_POINT ( 'NONE', #7291 ) ;
#1542 = VECTOR ( 'NONE', #9972, 1000.000000000000114 ) ;
#1543 = AXIS2_PLACEMENT_3D ( 'NONE', #6131, #11999, #4117 ) ;
#1544 = CARTESIAN_POINT ( 'NONE',  ( 0.000000000000000000, 0.000000000000000000, 0.000000000000000000 ) ) ;
#1545 = CARTESIAN_POINT ( 'NONE',  ( 71.44999999999997442, 57.69999999999998863, 8.499999999999998224 ) ) ;
#1546 = ORIENTED_EDGE ( 'NONE', *, *, #927, .F. ) ;
#1547 = VECTOR ( 'NONE', #12883, 1000.000000000000000 ) ;
#1548 = ADVANCED_FACE ( 'NONE', ( #7350 ), #11258, .F. ) ;
#1549 = VERTEX_POINT ( 'NONE', #11649 ) ;
#1550 = ADVANCED_FACE ( 'NONE', ( #12495 ), #2662, .T. ) ;
#1551 = CARTESIAN_POINT ( 'NONE',  ( 59.19999999999997442, 36.95000000000000284, 4.999999999999998224 ) ) ;
#1552 = CARTESIAN_POINT ( 'NONE',  ( 34.74999999999997868, 76.25000000000000000, 8.499999999999996447 ) ) ;
#1553 = CARTESIAN_POINT ( 'NONE',  ( 43.19999999999998863, 69.95000000000000284, 8.499999999999998224 ) ) ;
#1554 = CIRCLE ( 'NONE', #6528, 1.600000000000004086 ) ;
#1555 = ADVANCED_FACE ( 'NONE', ( #5660 ), #10468, .F. ) ;
#1556 = VECTOR ( 'NONE', #1514, 1000.000000000000000 ) ;
#1557 = DIRECTION ( 'NONE',  ( 0.000000000000000000, 0.000000000000000000, 1.000000000000000000 ) ) ;
#1558 = ADVANCED_FACE ( 'NONE', ( #7538 ), #3519, .T. ) ;
#1559 = CARTESIAN_POINT ( 'NONE',  ( 64.75000044000000798, 62.75000043999999377, -5.000000000000000000 ) ) ;
#1560 = FACE_OUTER_BOUND ( 'NONE', #6356, .T. ) ;
#1561 = DIRECTION ( 'NONE',  ( 1.000000000000000000, 0.000000000000000000, 0.000000000000000000 ) ) ;
#1562 = ADVANCED_FACE ( 'NONE', ( #1565 ), #9552, .T. ) ;
#1563 = EDGE_CURVE ( 'NONE', #4909, #1810, #3778, .T. ) ;
#1564 = AXIS2_PLACEMENT_3D ( 'NONE', #11198, #2287, #6251 ) ;
#1565 = FACE_OUTER_BOUND ( 'NONE', #1310, .T. ) ;
#1566 = VERTEX_POINT ( 'NONE', #2532 ) ;
#1567 = CARTESIAN_POINT ( 'NONE',  ( 73.38799999999999102, 65.71099999999999852, -3.000000000000000000 ) ) ;
#1568 = DIRECTION ( 'NONE',  ( 0.000000000000000000, 0.000000000000000000, -1.000000000000000000 ) ) ;
#1569 = FACE_OUTER_BOUND ( 'NONE', #1278, .T. ) ;
#1570 = AXIS2_PLACEMENT_3D ( 'NONE', #2860, #12815, #6822 ) ;
#1571 = ORIENTED_EDGE ( 'NONE', *, *, #5618, .F. ) ;
#1572 = ORIENTED_EDGE ( 'NONE', *, *, #12852, .F. ) ;
#1573 = DATE_AND_TIME ( #11723, #1981 ) ;
#1574 = DIRECTION ( 'NONE',  ( 0.000000000000000000, -0.000000000000000000, -1.000000000000000000 ) ) ;
#1575 = CIRCLE ( 'NONE', #1794, 1.500000000000000000 ) ;
#1576 = ORIENTED_EDGE ( 'NONE', *, *, #6169, .F. ) ;
#1577 = FACE_OUTER_BOUND ( 'NONE', #11438, .T. ) ;
#1578 = VERTEX_POINT ( 'NONE', #12687 ) ;
#1579 = VECTOR ( 'NONE', #6357, 1000.000000000000000 ) ;
#1580 = EDGE_CURVE ( 'NONE', #3294, #2498, #8232, .T. ) ;
#1581 = DIRECTION ( 'NONE',  ( -1.000000000000000000, -1.299418334065024626E-16, 0.000000000000000000 ) ) ;
#1582 = EDGE_LOOP ( 'NONE', ( #6203, #5980, #2606, #3718 ) ) ;
#1583 = ORIENTED_EDGE ( 'NONE', *, *, #5056, .T. ) ;
#1584 = VERTEX_POINT ( 'NONE', #9496 ) ;
#1585 = AXIS2_PLACEMENT_3D ( 'NONE', #6100, #4999, #10056 ) ;
#1586 = DIRECTION ( 'NONE',  ( -1.299418334065024873E-16, 1.000000000000000000, 0.000000000000000000 ) ) ;
#1587 = VERTEX_POINT ( 'NONE', #4551 ) ;
#1588 = VECTOR ( 'NONE', #44, 1000.000000000000000 ) ;
#1589 = ORIENTED_EDGE ( 'NONE', *, *, #2738, .F. ) ;
#1590 = LINE ( 'NONE', #3604, #6680 ) ;
#1591 = VECTOR ( 'NONE', #11786, 1000.000000000000000 ) ;
#1592 = ORIENTED_EDGE ( 'NONE', *, *, #10459, .F. ) ;
#1593 = DIRECTION ( 'NONE',  ( 1.000000000000000000, 0.000000000000000000, 0.000000000000000000 ) ) ;
#1594 = FACE_OUTER_BOUND ( 'NONE', #2055, .T. ) ;
#1595 = VERTEX_POINT ( 'NONE', #8656 ) ;
#1596 = ORIENTED_EDGE ( 'NONE', *, *, #11824, .T. ) ;
#1597 = CARTESIAN_POINT ( 'NONE',  ( 77.69999999999998863, 40.40749664306598987, 3.323999333381999932 ) ) ;
#1598 = EDGE_LOOP ( 'NONE', ( #7213, #761, #5871, #1657, #8794 ) ) ;
#1599 = ORIENTED_EDGE ( 'NONE', *, *, #3636, .F. ) ;
#1600 = DIRECTION ( 'NONE',  ( 0.000000000000000000, 1.000000000000000000, 0.000000000000000000 ) ) ;
#1601 = AXIS2_PLACEMENT_3D ( 'NONE', #1951, #7861, #3052 ) ;
#1602 = EDGE_CURVE ( 'NONE', #12653, #1264, #2599, .T. ) ;
#1603 = DIRECTION ( 'NONE',  ( -1.299418334065024873E-16, 1.000000000000000000, 0.000000000000000000 ) ) ;
#1604 = CARTESIAN_POINT ( 'NONE',  ( 67.79999999999999716, 29.35000000000000853, -4.000000000000003553 ) ) ;
#1605 = DIRECTION ( 'NONE',  ( 0.000000000000000000, 0.000000000000000000, 1.000000000000000000 ) ) ;
#1606 = DIRECTION ( 'NONE',  ( -0.000000000000000000, -1.000000000000000000, -0.000000000000000000 ) ) ;
#1607 = FACE_OUTER_BOUND ( 'NONE', #3355, .T. ) ;
#1608 = ORIENTED_EDGE ( 'NONE', *, *, #11736, .T. ) ;
#1609 = ORIENTED_EDGE ( 'NONE', *, *, #10820, .T. ) ;
#1610 = ORIENTED_EDGE ( 'NONE', *, *, #12017, .T. ) ;
#1611 = LINE ( 'NONE', #889, #10889 ) ;
#1612 = CARTESIAN_POINT ( 'NONE',  ( 67.25000043999999377, 53.25000000000000000, -3.100000000000000533 ) ) ;
#1613 = EDGE_LOOP ( 'NONE', ( #4515, #12107, #4557, #452 ) ) ;
#1614 = ORIENTED_EDGE ( 'NONE', *, *, #5181, .T. ) ;
#1615 = FACE_OUTER_BOUND ( 'NONE', #946, .T. ) ;
#1616 = PLANE ( 'NONE',  #1993 ) ;
#1617 = CARTESIAN_POINT ( 'NONE',  ( 71.99999999999998579, 32.77905841137542353, 13.86814535675424764 ) ) ;
#1618 = EDGE_CURVE ( 'NONE', #188, #9602, #752, .T. ) ;
#1619 = CYLINDRICAL_SURFACE ( 'NONE', #2669, 1.000000000000000888 ) ;
#1620 = CARTESIAN_POINT ( 'NONE',  ( 62.75000043999999377, 65.75000043999999377, -3.100000000000000533 ) ) ;
#1621 = LINE ( 'NONE', #12559, #3455 ) ;
#1622 = DIRECTION ( 'NONE',  ( -1.374038396813312784E-16, -1.000000000000000000, 0.000000000000000000 ) ) ;
#1623 = DIRECTION ( 'NONE',  ( 0.000000000000000000, 1.000000000000000000, 0.000000000000000000 ) ) ;
#1624 = VERTEX_POINT ( 'NONE', #7667 ) ;
#1625 = EDGE_CURVE ( 'NONE', #3075, #4459, #2422, .T. ) ;
#1626 = CARTESIAN_POINT ( 'NONE',  ( 76.89999999999999147, 34.00749664306601261, -1.800000000000001155 ) ) ;
#1627 = CYLINDRICAL_SURFACE ( 'NONE', #6961, 1.500000000000001332 ) ;
#1628 = ORIENTED_EDGE ( 'NONE', *, *, #10579, .T. ) ;
#1629 = CYLINDRICAL_SURFACE ( 'NONE', #6082, 3.000000000000002665 ) ;
#1630 = ORIENTED_EDGE ( 'NONE', *, *, #11186, .F. ) ;
#1631 = DIRECTION ( 'NONE',  ( -1.000000000000000000, 0.000000000000000000, 0.000000000000000000 ) ) ;
#1632 = EDGE_CURVE ( 'NONE', #10836, #5442, #4695, .T. ) ;
#1633 = EDGE_CURVE ( 'NONE', #11670, #4411, #11589, .T. ) ;
#1634 = DIRECTION ( 'NONE',  ( -1.000000000000000000, 0.000000000000000000, 0.000000000000000000 ) ) ;
#1635 = EDGE_LOOP ( 'NONE', ( #3567, #1121, #9737, #4799 ) ) ;
#1636 = CARTESIAN_POINT ( 'NONE',  ( 28.74999999999999289, 76.25000000000000000, -3.500000000000000000 ) ) ;
#1637 = EDGE_LOOP ( 'NONE', ( #671, #1649, #7430, #873, #5883, #8321, #4675, #6264 ) ) ;
#1638 = CARTESIAN_POINT ( 'NONE',  ( 69.94999999999997442, 58.19999999999998863, 4.999999999999998224 ) ) ;
#1639 = EDGE_LOOP ( 'NONE', ( #6939, #9553, #4993, #9252 ) ) ;
#1640 = EDGE_CURVE ( 'NONE', #5470, #2909, #8457, .T. ) ;
#1641 = ORIENTED_EDGE ( 'NONE', *, *, #2994, .T. ) ;
#1642 = ORIENTED_EDGE ( 'NONE', *, *, #7163, .F. ) ;
#1643 = EDGE_CURVE ( 'NONE', #9075, #8595, #1799, .T. ) ;
#1644 = AXIS2_PLACEMENT_3D ( 'NONE', #11599, #4704, #4101 ) ;
#1645 = EDGE_CURVE ( 'NONE', #3427, #4097, #2473, .T. ) ;
#1646 = DIRECTION ( 'NONE',  ( 3.118604001756057919E-16, 1.000000000000000000, -0.000000000000000000 ) ) ;
#1647 = ORIENTED_EDGE ( 'NONE', *, *, #5456, .F. ) ;
#1648 = CARTESIAN_POINT ( 'NONE',  ( 67.79999999999999716, 29.35000000000000853, 35.97994811066136833 ) ) ;
#1649 = ORIENTED_EDGE ( 'NONE', *, *, #9101, .T. ) ;
#1650 = FACE_OUTER_BOUND ( 'NONE', #8488, .T. ) ;
#1651 = DIRECTION ( 'NONE',  ( 0.000000000000000000, 1.000000000000000000, 0.000000000000000000 ) ) ;
#1652 = AXIS2_PLACEMENT_3D ( 'NONE', #2593, #10735, #8775 ) ;
#1653 = ORIENTED_EDGE ( 'NONE', *, *, #4982, .T. ) ;
#1654 = DIRECTION ( 'NONE',  ( 1.000000000000000000, 0.000000000000000000, 0.000000000000000000 ) ) ;
#1655 = ORIENTED_EDGE ( 'NONE', *, *, #9346, .F. ) ;
#1656 = DIRECTION ( 'NONE',  ( 0.000000000000000000, 0.000000000000000000, -1.000000000000000000 ) ) ;
#1657 = ORIENTED_EDGE ( 'NONE', *, *, #10344, .T. ) ;
#1658 = ORIENTED_EDGE ( 'NONE', *, *, #935, .T. ) ;
#1659 = LINE ( 'NONE', #8617, #1168 ) ;
#1660 = CARTESIAN_POINT ( 'NONE',  ( 76.14999999999999147, 28.74999999999999645, 21.50000000000000000 ) ) ;
#1661 = DIRECTION ( 'NONE',  ( -1.299418334065024626E-16, 1.000000000000000000, 0.000000000000000000 ) ) ;
#1662 = VECTOR ( 'NONE', #4759, 1000.000000000000000 ) ;
#1663 = VECTOR ( 'NONE', #5685, 1000.000000000000000 ) ;
#1664 = DIRECTION ( 'NONE',  ( 0.000000000000000000, 1.000000000000000000, 8.031127203596367580E-17 ) ) ;
#1665 = DIRECTION ( 'NONE',  ( 0.000000000000000000, 0.000000000000000000, -1.000000000000000000 ) ) ;
#1666 = FACE_OUTER_BOUND ( 'NONE', #4494, .T. ) ;
#1667 = CARTESIAN_POINT ( 'NONE',  ( 57.64999999999999147, 24.49999999999999289, 0.5253709514437898687 ) ) ;
#1668 = ORIENTED_EDGE ( 'NONE', *, *, #8551, .T. ) ;
#1669 = CIRCLE ( 'NONE', #3970, 0.5000000000000004441 ) ;
#1670 = VECTOR ( 'NONE', #7611, 1000.000000000000000 ) ;
#1671 = ORIENTED_EDGE ( 'NONE', *, *, #3218, .T. ) ;
#1672 = ORIENTED_EDGE ( 'NONE', *, *, #2672, .F. ) ;
#1673 = CARTESIAN_POINT ( 'NONE',  ( 31.74999999999998579, 29.25000000000000000, 0.000000000000000000 ) ) ;
#1674 = LINE ( 'NONE', #12423, #3370 ) ;
#1675 = EDGE_LOOP ( 'NONE', ( #2356, #4381, #12259, #3897 ) ) ;
#1676 = EDGE_LOOP ( 'NONE', ( #10517, #9797, #6684, #3997 ) ) ;
#1677 = CARTESIAN_POINT ( 'NONE',  ( 31.74999999999998579, 28.24999999999999645, 4.500000000000003553 ) ) ;
#1678 = PLANE ( 'NONE',  #531 ) ;
#1679 = DIRECTION ( 'NONE',  ( 0.000000000000000000, -0.000000000000000000, -1.000000000000000000 ) ) ;
#1680 = PLANE ( 'NONE',  #5867 ) ;
#1681 = LINE ( 'NONE', #5721, #3876 ) ;
#1682 = EDGE_CURVE ( 'NONE', #3633, #10986, #524, .T. ) ;
#1683 = PLANE ( 'NONE',  #2479 ) ;
#1684 = PLANE ( 'NONE',  #2618 ) ;
#1685 = CARTESIAN_POINT ( 'NONE',  ( 0.000000000000000000, 0.000000000000000000, 0.000000000000000000 ) ) ;
#1686 = CARTESIAN_POINT ( 'NONE',  ( 60.64999999999999147, 24.49999999999999289, 6.499999999999999112 ) ) ;
#1687 = ORIENTED_EDGE ( 'NONE', *, *, #4916, .F. ) ;
#1688 = LINE ( 'NONE', #5663, #1885 ) ;
#1689 = DIRECTION ( 'NONE',  ( -1.000000000000000000, 0.000000000000000000, 0.000000000000000000 ) ) ;
#1690 = ORIENTED_EDGE ( 'NONE', *, *, #2337, .F. ) ;
#1691 = CARTESIAN_POINT ( 'NONE',  ( 50.44999999999997442, 26.75000000000000000, 8.499999999999998224 ) ) ;
#1692 = ORIENTED_EDGE ( 'NONE', *, *, #11496, .F. ) ;
#1693 = DIRECTION ( 'NONE',  ( -6.484876772350056834E-16, -1.000000000000000000, 0.000000000000000000 ) ) ;
#1694 = CARTESIAN_POINT ( 'NONE',  ( 59.14999999999999147, 24.49999999999999289, 5.999999999999999112 ) ) ;
#1695 = VECTOR ( 'NONE', #9484, 1000.000000000000000 ) ;
#1696 = ORIENTED_EDGE ( 'NONE', *, *, #7203, .T. ) ;
#1697 = AXIS2_PLACEMENT_3D ( 'NONE', #9613, #2290, #2726 ) ;
#1698 = PLANE ( 'NONE',  #5087 ) ;
#1699 = ORIENTED_EDGE ( 'NONE', *, *, #12548, .F. ) ;
#1700 = CARTESIAN_POINT ( 'NONE',  ( 48.74999999999999289, 36.24999955999999912, -3.100000000000000533 ) ) ;
#1701 = ORIENTED_EDGE ( 'NONE', *, *, #2243, .T. ) ;
#1702 = ADVANCED_FACE ( 'NONE', ( #11454 ), #4031, .T. ) ;
#1703 = EDGE_LOOP ( 'NONE', ( #9843, #10664, #9773, #1509 ) ) ;
#1704 = ORIENTED_EDGE ( 'NONE', *, *, #10712, .F. ) ;
#1705 = EDGE_CURVE ( 'NONE', #8601, #11130, #6158, .T. ) ;
#1706 = EDGE_CURVE ( 'NONE', #5803, #5816, #2867, .T. ) ;
#1707 = CIRCLE ( 'NONE', #8778, 3.000000000000002665 ) ;
#1708 = AXIS2_PLACEMENT_3D ( 'NONE', #2388, #5571, #8292 ) ;
#1709 = CARTESIAN_POINT ( 'NONE',  ( 75.50000000000000000, 39.77874832153298712, 0.000000000000000000 ) ) ;
#1710 = ORIENTED_EDGE ( 'NONE', *, *, #11199, .F. ) ;
#1711 = CARTESIAN_POINT ( 'NONE',  ( 75.50000000000000000, 39.77874832153298712, -3.500000000000004441 ) ) ;
#1712 = EDGE_CURVE ( 'NONE', #9563, #11520, #1035, .T. ) ;
#1713 = CYLINDRICAL_SURFACE ( 'NONE', #5010, 0.5000000000000004441 ) ;
#1714 = EDGE_CURVE ( 'NONE', #5307, #803, #3968, .T. ) ;
#1715 = EDGE_CURVE ( 'NONE', #4454, #7053, #6895, .T. ) ;
#1716 = EDGE_LOOP ( 'NONE', ( #4950, #175, #7432, #4713 ) ) ;
#1717 = CARTESIAN_POINT ( 'NONE',  ( 59.19999999999998153, 68.95000000000000284, 4.999999999999998224 ) ) ;
#1718 = EDGE_CURVE ( 'NONE', #7320, #4183, #6830, .T. ) ;
#1719 = ORIENTED_EDGE ( 'NONE', *, *, #2114, .T. ) ;
#1720 = DIRECTION ( 'NONE',  ( 0.000000000000000000, 0.000000000000000000, -1.000000000000000000 ) ) ;
#1721 = VERTEX_POINT ( 'NONE', #7018 ) ;
#1722 = ORIENTED_EDGE ( 'NONE', *, *, #133, .T. ) ;
#1724 = CARTESIAN_POINT ( 'NONE',  ( 75.25000000000000000, 52.44999999999999574, 8.499999999999998224 ) ) ;
#1723 = AXIS2_PLACEMENT_3D ( 'NONE', #8786, #10803, #5859 ) ;
#1725 = ADVANCED_FACE ( 'NONE', ( #10738 ), #2071, .F. ) ;
#1726 = FACE_OUTER_BOUND ( 'NONE', #11846, .T. ) ;
#1727 = LINE ( 'NONE', #5825, #8975 ) ;
#1728 = CARTESIAN_POINT ( 'NONE',  ( 55.64999999999999147, 24.29999999999999361, 6.699999999999999289 ) ) ;
#1729 = AXIS2_PLACEMENT_3D ( 'NONE', #3775, #7193, #3161 ) ;
#1730 = CARTESIAN_POINT ( 'NONE',  ( 66.14999999999999147, 24.49999999999997513, 5.999999999999999112 ) ) ;
#1731 = CARTESIAN_POINT ( 'NONE',  ( 74.75000000000000000, 67.24999999999998579, 8.499999999999998224 ) ) ;
#1732 = CARTESIAN_POINT ( 'NONE',  ( 59.14999999999999147, 25.75000000000000000, 0.5253709514437903128 ) ) ;
#1733 = ORIENTED_EDGE ( 'NONE', *, *, #11817, .F. ) ;
#1734 = VERTEX_POINT ( 'NONE', #1096 ) ;
#1735 = ORIENTED_EDGE ( 'NONE', *, *, #3304, .T. ) ;
#1736 = DIRECTION ( 'NONE',  ( 0.000000000000000000, -1.000000000000000000, 0.000000000000000000 ) ) ;
#1737 = PLANE ( 'NONE',  #10849 ) ;
#1738 = VERTEX_POINT ( 'NONE', #9758 ) ;
#1739 = EDGE_CURVE ( 'NONE', #3535, #3034, #2982, .T. ) ;
#1740 = AXIS2_PLACEMENT_3D ( 'NONE', #564, #12476, #8556 ) ;
#1741 = ORIENTED_EDGE ( 'NONE', *, *, #12381, .T. ) ;
#1742 = DIRECTION ( 'NONE',  ( 0.000000000000000000, 1.000000000000000000, 0.000000000000000000 ) ) ;
#1743 = DIRECTION ( 'NONE',  ( -1.000000000000000000, 0.000000000000000000, 0.000000000000000000 ) ) ;
#1744 = AXIS2_PLACEMENT_3D ( 'NONE', #11986, #8322, #2344 ) ;
#1745 = CARTESIAN_POINT ( 'NONE',  ( 61.14999999999999147, 24.29999999999999361, 6.699999999999999289 ) ) ;
#1746 = DIRECTION ( 'NONE',  ( 0.000000000000000000, -0.7071067811865460184, 0.7071067811865490160 ) ) ;
#1747 = AXIS2_PLACEMENT_3D ( 'NONE', #11691, #12801, #4980 ) ;
#1748 = VECTOR ( 'NONE', #8541, 1000.000000000000000 ) ;
#1749 = CIRCLE ( 'NONE', #4040, 2.499999999999998668 ) ;
#1750 = LINE ( 'NONE', #11895, #545 ) ;
#1751 = DIRECTION ( 'NONE',  ( 0.000000000000000000, 0.000000000000000000, -1.000000000000000000 ) ) ;
#1752 = CONICAL_SURFACE ( 'NONE', #6741, 0.6999999999999992895, 0.7853981633974492782 ) ;
#1753 = DIRECTION ( 'NONE',  ( 0.000000000000000000, -0.000000000000000000, -1.000000000000000000 ) ) ;
#1754 = DIRECTION ( 'NONE',  ( 0.000000000000000000, 0.000000000000000000, 1.000000000000000000 ) ) ;
#1755 = DIRECTION ( 'NONE',  ( 0.000000000000000000, -1.000000000000000000, 1.178480622266852710E-16 ) ) ;
#1756 = ORIENTED_EDGE ( 'NONE', *, *, #9708, .F. ) ;
#1757 = DIRECTION ( 'NONE',  ( 0.000000000000000000, 0.000000000000000000, -1.000000000000000000 ) ) ;
#1758 = CARTESIAN_POINT ( 'NONE',  ( 53.64999999999999147, 24.29999999999999361, 5.999999999999996447 ) ) ;
#1759 = VECTOR ( 'NONE', #9260, 1000.000000000000000 ) ;
#1760 = AXIS2_PLACEMENT_3D ( 'NONE', #1112, #5086, #2090 ) ;
#1761 = ORIENTED_EDGE ( 'NONE', *, *, #7163, .T. ) ;
#1762 = FACE_OUTER_BOUND ( 'NONE', #1639, .T. ) ;
#1763 = ADVANCED_FACE ( 'NONE', ( #7985 ), #9029, .F. ) ;
#1764 = AXIS2_PLACEMENT_3D ( 'NONE', #10351, #592, #8591 ) ;
#1765 = LINE ( 'NONE', #2676, #11142 ) ;
#1766 = APPROVAL_ROLE ( '' ) ;
#1767 = CARTESIAN_POINT ( 'NONE',  ( 24.30000000000000426, 55.74999999999999289, 3.600000660000000074 ) ) ;
#1768 = CIRCLE ( 'NONE', #9034, 2.500000000000002220 ) ;
#1769 = CIRCLE ( 'NONE', #5093, 0.5000000000000000000 ) ;
#1770 = EDGE_LOOP ( 'NONE', ( #9384, #4673, #3946, #4540 ) ) ;
#1771 = CARTESIAN_POINT ( 'NONE',  ( 72.63799999999999102, 63.67200000000001836, 2.255601768855265199 ) ) ;
#1772 = ORIENTED_EDGE ( 'NONE', *, *, #7517, .T. ) ;
#1773 = CARTESIAN_POINT ( 'NONE',  ( 58.14999999999999147, 24.49999999999999289, 5.999999999999999112 ) ) ;
#1774 = ORIENTED_EDGE ( 'NONE', *, *, #6456, .F. ) ;
#1775 = VERTEX_POINT ( 'NONE', #8847 ) ;
#1776 = CARTESIAN_POINT ( 'NONE',  ( 49.19999999999998153, 70.95000000000000284, 6.499999999999999112 ) ) ;
#1777 = CIRCLE ( 'NONE', #1367, 2.899999999999999911 ) ;
#1778 = FACE_OUTER_BOUND ( 'NONE', #3952, .T. ) ;
#1779 = VECTOR ( 'NONE', #9331, 1000.000000000000000 ) ;
#1780 = DIRECTION ( 'NONE',  ( -1.299418334065024873E-16, 1.000000000000000000, 0.000000000000000000 ) ) ;
#1781 = ORIENTED_EDGE ( 'NONE', *, *, #2761, .F. ) ;
#1782 = PLANE ( 'NONE',  #9009 ) ;
#1783 = AXIS2_PLACEMENT_3D ( 'NONE', #11881, #11820, #962 ) ;
#1784 = CARTESIAN_POINT ( 'NONE',  ( 76.89999999999999147, 39.40749664306598987, 2.323999333381999488 ) ) ;
#1785 = EDGE_CURVE ( 'NONE', #8681, #4009, #10798, .T. ) ;
#1786 = ORIENTED_EDGE ( 'NONE', *, *, #11026, .F. ) ;
#1787 = CARTESIAN_POINT ( 'NONE',  ( 24.30000000000000782, 28.29999999999999005, -4.499999999999993783 ) ) ;
#1788 = ORIENTED_EDGE ( 'NONE', *, *, #6483, .F. ) ;
#1789 = VECTOR ( 'NONE', #1500, 1000.000000000000000 ) ;
#1790 = CARTESIAN_POINT ( 'NONE',  ( 28.74999999999999289, 76.14999999999999147, -1.600000000000000755 ) ) ;
#1791 = ORIENTED_EDGE ( 'NONE', *, *, #9754, .F. ) ;
#1792 = ORIENTED_EDGE ( 'NONE', *, *, #6336, .F. ) ;
#1793 = CARTESIAN_POINT ( 'NONE',  ( 24.80000000000000426, 73.69999999999997442, -5.000000000000000000 ) ) ;
#1794 = AXIS2_PLACEMENT_3D ( 'NONE', #8291, #2387, #3365 ) ;
#1795 = CARTESIAN_POINT ( 'NONE',  ( 77.69999999999998863, 24.29999999999999716, 6.699999999999978861 ) ) ;
#1796 = AXIS2_PLACEMENT_3D ( 'NONE', #2607, #6704, #2809 ) ;
#1797 = LINE ( 'NONE', #9729, #4839 ) ;
#1798 = EDGE_CURVE ( 'NONE', #10888, #6197, #8452, .T. ) ;
#1799 = CIRCLE ( 'NONE', #9059, 1.500000000000001332 ) ;
#1800 = CARTESIAN_POINT ( 'NONE',  ( 54.34999999999999432, 24.29999999999999361, 15.00000000000000000 ) ) ;
#1801 = EDGE_CURVE ( 'NONE', #4647, #11985, #7729, .T. ) ;
#1802 = DIRECTION ( 'NONE',  ( 0.000000000000000000, -1.000000000000000000, -1.172110456741089772E-16 ) ) ;
#1803 = CARTESIAN_POINT ( 'NONE',  ( 75.25000000000000000, 53.94999999999999574, 8.499999999999998224 ) ) ;
#1804 = EDGE_CURVE ( 'NONE', #2701, #10092, #11838, .T. ) ;
#1805 = LINE ( 'NONE', #12803, #12272 ) ;
#1806 = ORIENTED_EDGE ( 'NONE', *, *, #2478, .F. ) ;
#1807 = EDGE_CURVE ( 'NONE', #1269, #306, #10856, .T. ) ;
#1808 = AXIS2_PLACEMENT_3D ( 'NONE', #6235, #9033, #10262 ) ;
#1809 = VECTOR ( 'NONE', #4817, 1000.000000000000000 ) ;
#1810 = VERTEX_POINT ( 'NONE', #2801 ) ;
#1811 = EDGE_LOOP ( 'NONE', ( #11529, #8398, #10135, #4536, #3062, #7239, #2310, #3744, #7874, #12030, #2833, #11414 ) ) ;
#1812 = DIRECTION ( 'NONE',  ( 1.299418334065024873E-16, -1.000000000000000000, -0.000000000000000000 ) ) ;
#1813 = CARTESIAN_POINT ( 'NONE',  ( 58.64999999999999147, 25.75000000000000000, 6.499999999999999112 ) ) ;
#1814 = ORIENTED_EDGE ( 'NONE', *, *, #4580, .F. ) ;
#1815 = ADVANCED_FACE ( 'NONE', ( #4881 ), #839, .T. ) ;
#1816 = ADVANCED_FACE ( 'NONE', ( #907 ), #11783, .T. ) ;
#1817 = VERTEX_POINT ( 'NONE', #7269 ) ;
#1818 = CARTESIAN_POINT ( 'NONE',  ( 71.49999999999998579, 40.52874832153298712, 22.63822442109180244 ) ) ;
#1819 = DIRECTION ( 'NONE',  ( -0.000000000000000000, -0.000000000000000000, 1.000000000000000000 ) ) ;
#1820 = EDGE_CURVE ( 'NONE', #12873, #1587, #7076, .T. ) ;
#1821 = CARTESIAN_POINT ( 'NONE',  ( 73.25000000000000000, 73.25000000000000000, -5.000000000000000000 ) ) ;
#1822 = DIRECTION ( 'NONE',  ( -0.000000000000000000, 0.000000000000000000, -1.000000000000000000 ) ) ;
#1823 = DIRECTION ( 'NONE',  ( -0.000000000000000000, -0.000000000000000000, -1.000000000000000000 ) ) ;
#1824 = CARTESIAN_POINT ( 'NONE',  ( 30.24999999999998579, 30.25000000000000000, -4.000000000000003553 ) ) ;
#1825 = DIRECTION ( 'NONE',  ( 0.000000000000000000, -0.000000000000000000, -1.000000000000000000 ) ) ;
#1826 = CARTESIAN_POINT ( 'NONE',  ( 52.19999999999998153, 75.25000000000000000, 6.499999999999999112 ) ) ;
#1827 = DIRECTION ( 'NONE',  ( -0.000000000000000000, -0.000000000000000000, -1.000000000000000000 ) ) ;
#1828 = EDGE_LOOP ( 'NONE', ( #8288, #4761, #5744, #733 ) ) ;
#1829 = ADVANCED_FACE ( 'NONE', ( #6231 ), #12093, .F. ) ;
#1830 = CARTESIAN_POINT ( 'NONE',  ( 73.38799999999999102, 66.46100000000001273, -4.000000000000000000 ) ) ;
#1831 = CARTESIAN_POINT ( 'NONE',  ( 70.94999999999997442, 48.70000000000000995, 4.999999999999998224 ) ) ;
#1832 = ORIENTED_EDGE ( 'NONE', *, *, #10463, .T. ) ;
#1833 = FACE_OUTER_BOUND ( 'NONE', #11274, .T. ) ;
#1834 = FACE_OUTER_BOUND ( 'NONE', #8003, .T. ) ;
#1835 = CALENDAR_DATE ( 2026, 2, 7 ) ;
#1836 = LINE ( 'NONE', #6641, #1433 ) ;
#1837 = ORIENTED_EDGE ( 'NONE', *, *, #5038, .T. ) ;
#1838 = DIRECTION ( 'NONE',  ( -0.000000000000000000, -0.000000000000000000, 1.000000000000000000 ) ) ;
#1839 = ADVANCED_FACE ( 'NONE', ( #8045 ), #5192, .F. ) ;
#1840 = ORIENTED_EDGE ( 'NONE', *, *, #5112, .T. ) ;
#1841 = LINE ( 'NONE', #10612, #8406 ) ;
#1842 = ORIENTED_EDGE ( 'NONE', *, *, #1682, .T. ) ;
#1843 = ORIENTED_EDGE ( 'NONE', *, *, #9653, .F. ) ;
#1844 = CARTESIAN_POINT ( 'NONE',  ( 34.74999955999999202, 53.25000000000000000, -3.100000000000000533 ) ) ;
#1845 = FACE_OUTER_BOUND ( 'NONE', #2903, .T. ) ;
#1846 = DIRECTION ( 'NONE',  ( -1.000000000000000000, 0.000000000000000000, 0.000000000000000000 ) ) ;
#1847 = ORIENTED_EDGE ( 'NONE', *, *, #4977, .T. ) ;
#1848 = CARTESIAN_POINT ( 'NONE',  ( 61.14999999999999147, 24.49999999999999289, 0.5253709514437902017 ) ) ;
#1849 = EDGE_CURVE ( 'NONE', #6647, #8905, #9490, .T. ) ;
#1850 = DIRECTION ( 'NONE',  ( 0.000000000000000000, 0.000000000000000000, -1.000000000000000000 ) ) ;
#1851 = VERTEX_POINT ( 'NONE', #9089 ) ;
#1852 = ADVANCED_FACE ( 'NONE', ( #310 ), #11240, .F. ) ;
#1853 = CARTESIAN_POINT ( 'NONE',  ( -1.272130549049658704E-13, 68.74999999999994316, 4.499999999999999112 ) ) ;
#1854 = ADVANCED_FACE ( 'NONE', ( #8247 ), #4216, .F. ) ;
#1855 = ORIENTED_EDGE ( 'NONE', *, *, #3796, .T. ) ;
#1856 = CARTESIAN_POINT ( 'NONE',  ( 29.00000000000000000, 73.00000000000000000, 0.000000000000000000 ) ) ;
#1857 = EDGE_LOOP ( 'NONE', ( #10002, #10824, #4894, #11095 ) ) ;
#1858 = CIRCLE ( 'NONE', #7035, 1.500000000000001332 ) ;
#1859 = EDGE_LOOP ( 'NONE', ( #12229, #6243, #8489 ) ) ;
#1860 = CYLINDRICAL_SURFACE ( 'NONE', #6576, 1.000000000000000888 ) ;
#1861 = FACE_OUTER_BOUND ( 'NONE', #4926, .T. ) ;
#1862 = DIRECTION ( 'NONE',  ( 1.000000000000000000, 0.000000000000000000, 0.000000000000000000 ) ) ;
#1863 = DIRECTION ( 'NONE',  ( -1.000000000000000000, 0.000000000000000000, 0.000000000000000000 ) ) ;
#1864 = CIRCLE ( 'NONE', #10582, 0.5000000000000004441 ) ;
#1865 = CARTESIAN_POINT ( 'NONE',  ( 74.59999999999999432, 73.00000000000000000, 6.499999999999999112 ) ) ;
#1866 = CARTESIAN_POINT ( 'NONE',  ( 64.25000043999999377, 37.74999955999999912, -1.500000000000000000 ) ) ;
#1867 = DIRECTION ( 'NONE',  ( -1.000000000000000000, 0.000000000000000000, 0.000000000000000000 ) ) ;
#1868 = ORIENTED_EDGE ( 'NONE', *, *, #1180, .F. ) ;
#1869 = ADVANCED_FACE ( 'NONE', ( #10257 ), #11179, .F. ) ;
#1870 = ORIENTED_EDGE ( 'NONE', *, *, #7513, .T. ) ;
#1871 = ORIENTED_EDGE ( 'NONE', *, *, #848, .T. ) ;
#1872 = LINE ( 'NONE', #9801, #12355 ) ;
#1873 = DIRECTION ( 'NONE',  ( 1.000000000000000000, 0.000000000000000000, 0.000000000000000000 ) ) ;
#1874 = ORIENTED_EDGE ( 'NONE', *, *, #7754, .F. ) ;
#1875 = AXIS2_PLACEMENT_3D ( 'NONE', #12719, #7827, #741 ) ;
#1876 = EDGE_CURVE ( 'NONE', #2442, #7372, #7142, .T. ) ;
#1877 = VERTEX_POINT ( 'NONE', #12226 ) ;
#1878 = LINE ( 'NONE', #4869, #1588 ) ;
#1879 = CARTESIAN_POINT ( 'NONE',  ( 49.19999999999998153, 75.25000000000000000, -3.500000000000000000 ) ) ;
#1880 = EDGE_CURVE ( 'NONE', #11768, #8430, #3254, .T. ) ;
#1881 = DIRECTION ( 'NONE',  ( 1.000000000000000000, 0.000000000000000000, 0.000000000000000000 ) ) ;
#1882 = EDGE_CURVE ( 'NONE', #4106, #2104, #9296, .T. ) ;
#1883 = LINE ( 'NONE', #9747, #5653 ) ;
#1884 = AXIS2_PLACEMENT_3D ( 'NONE', #6402, #4571, #1399 ) ;
#1885 = VECTOR ( 'NONE', #3781, 1000.000000000000000 ) ;
#1886 = ADVANCED_FACE ( 'NONE', ( #2261 ), #7212, .F. ) ;
#1887 = CARTESIAN_POINT ( 'NONE',  ( 70.25000000000000000, 70.25000000000000000, 4.499999999999999112 ) ) ;
#1888 = EDGE_CURVE ( 'NONE', #166, #11283, #4151, .T. ) ;
#1889 = DIRECTION ( 'NONE',  ( -1.000000000000000000, 0.000000000000000000, 0.000000000000000000 ) ) ;
#1890 = EDGE_CURVE ( 'NONE', #11861, #6355, #9701, .T. ) ;
#1891 = ADVANCED_FACE ( 'NONE', ( #9357 ), #6172, .T. ) ;
#1892 = CARTESIAN_POINT ( 'NONE',  ( 58.64999999999999147, 25.75000000000000000, 0.02537095144379032663 ) ) ;
#1893 = LINE ( 'NONE', #8579, #6307 ) ;
#1894 = CARTESIAN_POINT ( 'NONE',  ( 75.89999999999999147, 73.00000000000000000, 6.499999999999999112 ) ) ;
#1895 = EDGE_LOOP ( 'NONE', ( #6683, #11666 ) ) ;
#1896 = VECTOR ( 'NONE', #12347, 1000.000000000000000 ) ;
#1897 = CARTESIAN_POINT ( 'NONE',  ( 73.00000000000000000, 29.00000000000000000, 6.499999999999999112 ) ) ;
#1898 = DIRECTION ( 'NONE',  ( 0.000000000000000000, 0.000000000000000000, -1.000000000000000000 ) ) ;
#1899 = ORIENTED_EDGE ( 'NONE', *, *, #2208, .F. ) ;
#1900 = DIRECTION ( 'NONE',  ( -9.188275156155057995E-17, 0.7071067811865477948, 0.7071067811865473507 ) ) ;
#1901 = VECTOR ( 'NONE', #10235, 1000.000000000000000 ) ;
#1902 = LINE ( 'NONE', #9766, #10147 ) ;
#1903 = EDGE_LOOP ( 'NONE', ( #10140, #11128, #7685, #8666 ) ) ;
#1904 = DIRECTION ( 'NONE',  ( 0.000000000000000000, -0.000000000000000000, -1.000000000000000000 ) ) ;
#1905 = ORIENTED_EDGE ( 'NONE', *, *, #12865, .F. ) ;
#1906 = DIRECTION ( 'NONE',  ( -0.000000000000000000, -0.000000000000000000, 1.000000000000000000 ) ) ;
#1907 = ORIENTED_EDGE ( 'NONE', *, *, #5487, .T. ) ;
#1908 = AXIS2_PLACEMENT_3D ( 'NONE', #8281, #606, #9393 ) ;
#1909 = DIRECTION ( 'NONE',  ( 1.000000000000000000, 0.000000000000000000, 0.000000000000000000 ) ) ;
#1910 = CARTESIAN_POINT ( 'NONE',  ( 77.69999999999998863, 28.29999999999999716, 15.00000000000000000 ) ) ;
#1911 = DIRECTION ( 'NONE',  ( -1.000000000000000000, 0.000000000000000000, 0.000000000000000000 ) ) ;
#1912 = ORIENTED_EDGE ( 'NONE', *, *, #6423, .F. ) ;
#1913 = DIRECTION ( 'NONE',  ( -1.000000000000000000, 0.000000000000000000, 0.000000000000000000 ) ) ;
#1914 = CONICAL_SURFACE ( 'NONE', #7928, 0.6999999999999984013, 0.7853981633974471688 ) ;
#1915 = LINE ( 'NONE', #868, #11662 ) ;
#1916 = ORIENTED_EDGE ( 'NONE', *, *, #2208, .T. ) ;
#1917 = DIRECTION ( 'NONE',  ( -0.000000000000000000, -0.000000000000000000, -1.000000000000000000 ) ) ;
#1918 = ORIENTED_EDGE ( 'NONE', *, *, #6724, .F. ) ;
#1919 = CARTESIAN_POINT ( 'NONE',  ( 24.80000000000000782, 28.29999999999999005, -5.000000000000000000 ) ) ;
#1920 = EDGE_LOOP ( 'NONE', ( #11253, #6535, #7467, #3827 ) ) ;
#1921 = VERTEX_POINT ( 'NONE', #4092 ) ;
#1922 = DIRECTION ( 'NONE',  ( -1.000000000000000000, -1.299418334065024626E-16, 0.000000000000000000 ) ) ;
#1923 = AXIS2_PLACEMENT_3D ( 'NONE', #4053, #12115, #8009 ) ;
#1924 = DIRECTION ( 'NONE',  ( -1.000000000000000000, 0.000000000000000000, 0.000000000000000000 ) ) ;
#1925 = DIRECTION ( 'NONE',  ( 1.000000000000000000, 0.000000000000000000, 0.000000000000000000 ) ) ;
#1926 = EDGE_CURVE ( 'NONE', #5709, #5326, #12029, .T. ) ;
#1927 = DIRECTION ( 'NONE',  ( -0.000000000000000000, -0.000000000000000000, 1.000000000000000000 ) ) ;
#1928 = CARTESIAN_POINT ( 'NONE',  ( 53.14999999999999147, 25.75000000000000000, 0.5253709514437873151 ) ) ;
#1929 = DIRECTION ( 'NONE',  ( 0.000000000000000000, -1.000000000000000000, 0.000000000000000000 ) ) ;
#1930 = ORIENTED_EDGE ( 'NONE', *, *, #2407, .T. ) ;
#1931 = AXIS2_PLACEMENT_3D ( 'NONE', #5183, #9145, #12150 ) ;
#1932 = EDGE_CURVE ( 'NONE', #8010, #8502, #10203, .T. ) ;
#1933 = ORIENTED_EDGE ( 'NONE', *, *, #4517, .T. ) ;
#1934 = ORIENTED_EDGE ( 'NONE', *, *, #51, .T. ) ;
#1935 = DIRECTION ( 'NONE',  ( -0.000000000000000000, -1.000000000000000000, -0.000000000000000000 ) ) ;
#1936 = CARTESIAN_POINT ( 'NONE',  ( 31.74999999999995737, 33.24999999999999289, 4.499999999999999112 ) ) ;
#1937 = EDGE_LOOP ( 'NONE', ( #1576, #2829, #2823, #1127, #12270, #9378, #4868, #9767, #9465, #2875, #981, #9012, #6368, #12598, #3190, #8429, #4194, #10613, #10553, #12239, #2634, #10699, #10107, #3525, #1899, #12041, #1294, #8485, #790, #5805, #3178, #8480 ) ) ;
#1938 = ORIENTED_EDGE ( 'NONE', *, *, #12819, .T. ) ;
#1939 = LINE ( 'NONE', #5971, #12817 ) ;
#1940 = CARTESIAN_POINT ( 'NONE',  ( 76.25000000000000000, 33.29335380021172597, 0.000000000000000000 ) ) ;
#1941 = AXIS2_PLACEMENT_3D ( 'NONE', #6389, #3398, #5215 ) ;
#1942 = DIRECTION ( 'NONE',  ( 1.000000000000000000, 0.000000000000000000, 0.000000000000000000 ) ) ;
#1943 = CARTESIAN_POINT ( 'NONE',  ( 28.30000000000001137, 24.79999999999999361, 9.999999999999998224 ) ) ;
#1944 = CARTESIAN_POINT ( 'NONE',  ( 71.49999999999998579, 31.67905841137542922, 0.000000000000000000 ) ) ;
#1945 = CARTESIAN_POINT ( 'NONE',  ( 60.14999999999999147, 24.29998799999999548, 0.5253709514437898687 ) ) ;
#1946 = EDGE_CURVE ( 'NONE', #7058, #5929, #5023, .T. ) ;
#1947 = CARTESIAN_POINT ( 'NONE',  ( 66.14999999999999147, 24.49999999999997513, 6.499999999999999112 ) ) ;
#1948 = CIRCLE ( 'NONE', #6096, 1.500000000000001332 ) ;
#1949 = LINE ( 'NONE', #3967, #1547 ) ;
#1950 = EDGE_CURVE ( 'NONE', #1321, #9196, #4479, .T. ) ;
#1951 = CARTESIAN_POINT ( 'NONE',  ( 28.24999999999999645, 67.74999999999998579, 78.50196847342608919 ) ) ;
#1952 = ORIENTED_EDGE ( 'NONE', *, *, #11373, .F. ) ;
#1953 = AXIS2_PLACEMENT_3D ( 'NONE', #10338, #1435, #8386 ) ;
#1954 = FACE_OUTER_BOUND ( 'NONE', #1519, .T. ) ;
#1955 = LINE ( 'NONE', #11654, #337 ) ;
#1956 = ORIENTED_EDGE ( 'NONE', *, *, #12432, .T. ) ;
#1957 = CARTESIAN_POINT ( 'NONE',  ( 65.14999999999999147, 24.49999999999997513, 0.5253709514437889805 ) ) ;
#1958 = ADVANCED_FACE ( 'NONE', ( #10450 ), #4410, .F. ) ;
#1959 = AXIS2_PLACEMENT_3D ( 'NONE', #4791, #6925, #8686 ) ;
#1960 = EDGE_CURVE ( 'NONE', #1734, #1374, #1487, .T. ) ;
#1961 = VECTOR ( 'NONE', #11254, 1000.000000000000000 ) ;
#1962 = ADVANCED_FACE ( 'NONE', ( #570 ), #4604, .T. ) ;
#1963 = DIRECTION ( 'NONE',  ( 0.000000000000000000, 0.000000000000000000, 1.000000000000000000 ) ) ;
#1964 = ORIENTED_EDGE ( 'NONE', *, *, #4408, .T. ) ;
#1965 = CARTESIAN_POINT ( 'NONE',  ( 73.75000000000000000, 25.75000000000000000, 6.499999999999996447 ) ) ;
#1966 = VERTEX_POINT ( 'NONE', #1545 ) ;
#1967 = CIRCLE ( 'NONE', #4671, 3.400000000000000355 ) ;
#1968 = CIRCLE ( 'NONE', #3207, 2.000000000000001776 ) ;
#1969 = DIRECTION ( 'NONE',  ( -0.000000000000000000, 0.000000000000000000, 1.000000000000000000 ) ) ;
#1970 = VERTEX_POINT ( 'NONE', #8501 ) ;
#1971 = AXIS2_PLACEMENT_3D ( 'NONE', #1848, #11547, #608 ) ;
#1972 = CARTESIAN_POINT ( 'NONE',  ( 73.00000000000000000, 73.00000000000000000, -8.535533905932741305 ) ) ;
#1973 = CARTESIAN_POINT ( 'NONE',  ( 74.64999999999999147, 34.25000000000000000, -1.599999999999997202 ) ) ;
#1974 = AXIS2_PLACEMENT_3D ( 'NONE', #4149, #8106, #2203 ) ;
#1975 = EDGE_CURVE ( 'NONE', #2377, #8448, #1674, .T. ) ;
#1976 = CARTESIAN_POINT ( 'NONE',  ( 42.69999999999998153, 36.45000000000000284, 8.499999999999998224 ) ) ;
#1977 = ORIENTED_EDGE ( 'NONE', *, *, #10416, .T. ) ;
#1978 = CIRCLE ( 'NONE', #10704, 0.4999999999999995559 ) ;
#1979 = AXIS2_PLACEMENT_3D ( 'NONE', #4051, #4773, #7819 ) ;
#1980 = CARTESIAN_POINT ( 'NONE',  ( 48.74999999999999289, 73.14999999999997726, -3.100000000000000533 ) ) ;
#1981 = LOCAL_TIME ( 22, 45, 46.00000000000000000, #8722 ) ;
#1982 = DIRECTION ( 'NONE',  ( -1.000000000000000000, 0.000000000000000000, 0.000000000000000000 ) ) ;
#1983 = ORIENTED_EDGE ( 'NONE', *, *, #3069, .F. ) ;
#1984 = CARTESIAN_POINT ( 'NONE',  ( 71.34900000000000375, 64.42200000000002547, -3.000000000000000000 ) ) ;
#1985 = VERTEX_POINT ( 'NONE', #12615 ) ;
#1986 = LINE ( 'NONE', #8930, #723 ) ;
#1987 = ORIENTED_EDGE ( 'NONE', *, *, #3155, .F. ) ;
#1988 = ORIENTED_EDGE ( 'NONE', *, *, #1282, .T. ) ;
#1989 = LINE ( 'NONE', #7890, #12611 ) ;
#1990 = VECTOR ( 'NONE', #11761, 1000.000000000000000 ) ;
#1991 = LINE ( 'NONE', #1012, #11355 ) ;
#1992 = LINE ( 'NONE', #2842, #496 ) ;
#1993 = AXIS2_PLACEMENT_3D ( 'NONE', #10394, #2652, #8506 ) ;
#1994 = FACE_OUTER_BOUND ( 'NONE', #4943, .T. ) ;
#1995 = DIRECTION ( 'NONE',  ( 1.000000000000000000, 0.000000000000000000, 0.000000000000000000 ) ) ;
#1996 = DIRECTION ( 'NONE',  ( -0.000000000000000000, -1.000000000000000000, -0.000000000000000000 ) ) ;
#1997 = ORIENTED_EDGE ( 'NONE', *, *, #4105, .F. ) ;
#1998 = CIRCLE ( 'NONE', #5532, 0.5000000000000004441 ) ;
#1999 = VERTEX_POINT ( 'NONE', #7651 ) ;
#2000 = ORIENTED_EDGE ( 'NONE', *, *, #787, .F. ) ;
#2001 = FACE_OUTER_BOUND ( 'NONE', #12192, .T. ) ;
#2002 = ADVANCED_FACE ( 'NONE', ( #2580 ), #6617, .T. ) ;
#2003 = AXIS2_PLACEMENT_3D ( 'NONE', #8831, #3569, #6616 ) ;
#2004 = CARTESIAN_POINT ( 'NONE',  ( 29.24999999999998579, 70.25000000000000000, 4.499999999999999112 ) ) ;
#2005 = VERTEX_POINT ( 'NONE', #6492 ) ;
#2006 = ORIENTED_EDGE ( 'NONE', *, *, #841, .F. ) ;
#2007 = DIRECTION ( 'NONE',  ( -0.000000000000000000, -0.000000000000000000, 1.000000000000000000 ) ) ;
#2008 = FACE_OUTER_BOUND ( 'NONE', #7886, .T. ) ;
#2009 = LINE ( 'NONE', #2913, #7751 ) ;
#2010 = VECTOR ( 'NONE', #9926, 1000.000000000000000 ) ;
#2011 = EDGE_CURVE ( 'NONE', #12758, #8158, #11574, .T. ) ;
#2012 = CARTESIAN_POINT ( 'NONE',  ( 62.75000043999999377, 62.75000043999999377, -3.100000000000000533 ) ) ;
#2013 = AXIS2_PLACEMENT_3D ( 'NONE', #9884, #10742, #1898 ) ;
#2014 = VECTOR ( 'NONE', #2149, 1000.000000000000000 ) ;
#2015 = LINE ( 'NONE', #11043, #2204 ) ;
#2016 = CYLINDRICAL_SURFACE ( 'NONE', #1454, 0.7500000000000006661 ) ;
#2017 = CARTESIAN_POINT ( 'NONE',  ( 60.14999999999999147, 25.75000000000000000, -3.500000000000000000 ) ) ;
#2018 = DIRECTION ( 'NONE',  ( -0.000000000000000000, -0.000000000000000000, 1.000000000000000000 ) ) ;
#2019 = ORIENTED_EDGE ( 'NONE', *, *, #10656, .T. ) ;
#2020 = CARTESIAN_POINT ( 'NONE',  ( 25.84999999999998721, 28.74999999999999645, -5.000000000000000000 ) ) ;
#2021 = CARTESIAN_POINT ( 'NONE',  ( 55.14999999999999147, 24.49999999999999289, 0.5253709514437889805 ) ) ;
#2022 = LINE ( 'NONE', #1957, #12530 ) ;
#2023 = ORIENTED_EDGE ( 'NONE', *, *, #8711, .F. ) ;
#2024 = LINE ( 'NONE', #11126, #7049 ) ;
#2025 = ORIENTED_EDGE ( 'NONE', *, *, #9451, .T. ) ;
#2026 = FACE_OUTER_BOUND ( 'NONE', #11536, .T. ) ;
#2027 = ADVANCED_FACE ( 'NONE', ( #630 ), #10000, .T. ) ;
#2028 = VERTEX_POINT ( 'NONE', #3701 ) ;
#2029 = CARTESIAN_POINT ( 'NONE',  ( 56.84999999999999432, 24.29999999999999361, 15.00000000000000000 ) ) ;
#2030 = ORIENTED_EDGE ( 'NONE', *, *, #10310, .T. ) ;
#2031 = DIRECTION ( 'NONE',  ( 1.000000000000000000, -0.000000000000000000, 0.000000000000000000 ) ) ;
#2032 = DIRECTION ( 'NONE',  ( 1.000000000000000000, 0.000000000000000000, 0.000000000000000000 ) ) ;
#2033 = ADVANCED_FACE ( 'NONE', ( #10648 ), #1737, .T. ) ;
#2034 = LINE ( 'NONE', #5997, #8773 ) ;
#2035 = ADVANCED_FACE ( 'NONE', ( #11381 ), #7406, .T. ) ;
#2036 = ORIENTED_EDGE ( 'NONE', *, *, #3690, .F. ) ;
#2037 = CARTESIAN_POINT ( 'NONE',  ( 57.64999999999999147, 24.29998799999999548, 6.499999999999999112 ) ) ;
#2038 = CARTESIAN_POINT ( 'NONE',  ( 30.59999999999999432, 29.00000000000000000, 0.000000000000000000 ) ) ;
#2039 = EDGE_CURVE ( 'NONE', #3267, #2925, #9416, .T. ) ;
#2040 = ORIENTED_EDGE ( 'NONE', *, *, #7273, .T. ) ;
#2041 = DIRECTION ( 'NONE',  ( -0.000000000000000000, -0.000000000000000000, -1.000000000000000000 ) ) ;
#2042 = ORIENTED_EDGE ( 'NONE', *, *, #6416, .F. ) ;
#2043 = EDGE_CURVE ( 'NONE', #1097, #807, #1288, .T. ) ;
#2044 = CARTESIAN_POINT ( 'NONE',  ( 32.24999999999998579, 25.74999999999999645, -67.93053710242747911 ) ) ;
#2045 = ORIENTED_EDGE ( 'NONE', *, *, #7834, .F. ) ;
#2046 = EDGE_CURVE ( 'NONE', #2280, #7320, #8771, .T. ) ;
#2047 = ORIENTED_EDGE ( 'NONE', *, *, #8956, .F. ) ;
#2048 = CARTESIAN_POINT ( 'NONE',  ( 27.24999999999999289, 68.75000000000000000, 4.499999999999999112 ) ) ;
#2049 = VERTEX_POINT ( 'NONE', #3638 ) ;
#2050 = CARTESIAN_POINT ( 'NONE',  ( 56.14999999999999147, 24.29999999999999361, 5.999999999999999112 ) ) ;
#2051 = DIRECTION ( 'NONE',  ( -1.000000000000000000, 0.000000000000000000, 0.000000000000000000 ) ) ;
#2052 = CARTESIAN_POINT ( 'NONE',  ( 57.45000000000000284, 24.29999999999999361, 0.5253709514437898687 ) ) ;
#2053 = DIRECTION ( 'NONE',  ( -1.000000000000000000, 0.000000000000000000, 0.000000000000000000 ) ) ;
#2054 = VECTOR ( 'NONE', #8203, 1000.000000000000000 ) ;
#2055 = EDGE_LOOP ( 'NONE', ( #3740, #443, #6493, #9466 ) ) ;
#2056 = ORIENTED_EDGE ( 'NONE', *, *, #4105, .T. ) ;
#2057 = ORIENTED_EDGE ( 'NONE', *, *, #996, .F. ) ;
#2058 = LINE ( 'NONE', #3165, #3669 ) ;
#2059 = DIRECTION ( 'NONE',  ( -1.000000000000000000, 0.000000000000000000, 0.000000000000000000 ) ) ;
#2060 = ORIENTED_EDGE ( 'NONE', *, *, #4948, .F. ) ;
#2061 = DIRECTION ( 'NONE',  ( 1.000000000000000000, 0.000000000000000000, 0.000000000000000000 ) ) ;
#2062 = CARTESIAN_POINT ( 'NONE',  ( 69.79999999999999716, 29.35000000000000853, -4.000000000000003553 ) ) ;
#2063 = VECTOR ( 'NONE', #10868, 1000.000000000000000 ) ;
#2064 = CARTESIAN_POINT ( 'NONE',  ( 43.19999999999998153, 36.95000000000000284, 4.999999999999998224 ) ) ;
#2065 = CARTESIAN_POINT ( 'NONE',  ( 71.44999999999997442, 52.44999999999999574, 6.499999999999999112 ) ) ;
#2066 = CARTESIAN_POINT ( 'NONE',  ( 72.64999999999999147, 32.25000000000000000, -4.000000000000003553 ) ) ;
#2067 = DIRECTION ( 'NONE',  ( 0.000000000000000000, -0.000000000000000000, -1.000000000000000000 ) ) ;
#2068 = DIRECTION ( 'NONE',  ( -0.000000000000000000, 0.000000000000000000, -1.000000000000000000 ) ) ;
#2069 = VECTOR ( 'NONE', #1356, 1000.000000000000000 ) ;
#2070 = LINE ( 'NONE', #177, #933 ) ;
#2071 = CYLINDRICAL_SURFACE ( 'NONE', #12414, 2.000000000000001776 ) ;
#2072 = VERTEX_POINT ( 'NONE', #2648 ) ;
#2073 = CYLINDRICAL_SURFACE ( 'NONE', #4165, 2.899999999999999911 ) ;
#2074 = DIRECTION ( 'NONE',  ( 0.7071067811865500152, 0.000000000000000000, 0.7071067811865451302 ) ) ;
#2075 = DIRECTION ( 'NONE',  ( 1.000000000000000000, 1.299418334065024133E-16, 0.000000000000000000 ) ) ;
#2076 = ORIENTED_EDGE ( 'NONE', *, *, #1625, .T. ) ;
#2077 = VECTOR ( 'NONE', #11282, 1000.000000000000000 ) ;
#2078 = AXIS2_PLACEMENT_3D ( 'NONE', #2601, #10535, #58 ) ;
#2079 = AXIS2_PLACEMENT_3D ( 'NONE', #1853, #6003, #4314 ) ;
#2080 = EDGE_CURVE ( 'NONE', #2331, #6721, #6816, .T. ) ;
#2081 = LINE ( 'NONE', #5203, #2063 ) ;
#2082 = ORIENTED_EDGE ( 'NONE', *, *, #2322, .T. ) ;
#2083 = DIRECTION ( 'NONE',  ( 0.000000000000000000, -0.000000000000000000, -1.000000000000000000 ) ) ;
#2084 = CIRCLE ( 'NONE', #7901, 1.500000000000001332 ) ;
#2085 = ORIENTED_EDGE ( 'NONE', *, *, #3871, .T. ) ;
#2086 = AXIS2_PLACEMENT_3D ( 'NONE', #4415, #12357, #3450 ) ;
#2087 = FACE_OUTER_BOUND ( 'NONE', #473, .T. ) ;
#2088 = ORIENTED_EDGE ( 'NONE', *, *, #2587, .T. ) ;
#2089 = DIRECTION ( 'NONE',  ( -0.000000000000000000, 0.000000000000000000, 1.000000000000000000 ) ) ;
#2090 = DIRECTION ( 'NONE',  ( -1.000000000000000000, 0.000000000000000000, 0.000000000000000000 ) ) ;
#2091 = FACE_OUTER_BOUND ( 'NONE', #3407, .T. ) ;
#2092 = DIRECTION ( 'NONE',  ( -0.000000000000000000, -0.000000000000000000, 1.000000000000000000 ) ) ;
#2093 = CONICAL_SURFACE ( 'NONE', #7914, 2.899999999999996358, 0.7853981633974447263 ) ;
#2094 = EDGE_LOOP ( 'NONE', ( #12736, #4075 ) ) ;
#2095 = CARTESIAN_POINT ( 'NONE',  ( 65.64999999999999147, 24.29998799999999548, 6.499999999999999112 ) ) ;
#2096 = LINE ( 'NONE', #5026, #11618 ) ;
#2097 = EDGE_CURVE ( 'NONE', #1775, #10836, #11051, .T. ) ;
#2098 = ORIENTED_EDGE ( 'NONE', *, *, #5539, .F. ) ;
#2099 = CARTESIAN_POINT ( 'NONE',  ( 52.19999999999998153, 69.95000000000000284, 8.499999999999998224 ) ) ;
#2100 = VERTEX_POINT ( 'NONE', #1813 ) ;
#2101 = DIRECTION ( 'NONE',  ( -0.000000000000000000, -0.000000000000000000, -1.000000000000000000 ) ) ;
#2102 = VERTEX_POINT ( 'NONE', #2783 ) ;
#2103 = EDGE_CURVE ( 'NONE', #7245, #2489, #8764, .T. ) ;
#2104 = VERTEX_POINT ( 'NONE', #822 ) ;
#2105 = EDGE_CURVE ( 'NONE', #4135, #9921, #8950, .T. ) ;
#2106 = EDGE_CURVE ( 'NONE', #8103, #11383, #12098, .T. ) ;
#2107 = LINE ( 'NONE', #1130, #6237 ) ;
#2108 = EDGE_LOOP ( 'NONE', ( #12576, #3910, #222, #9150, #7624, #7971 ) ) ;
#2109 = AXIS2_PLACEMENT_3D ( 'NONE', #8539, #4453, #11356 ) ;
#2110 = DIRECTION ( 'NONE',  ( -1.000000000000000000, 0.000000000000000000, 0.000000000000000000 ) ) ;
#2111 = EDGE_CURVE ( 'NONE', #12780, #6934, #10216, .T. ) ;
#2112 = DIRECTION ( 'NONE',  ( 1.000000000000000000, 0.000000000000000000, 0.000000000000000000 ) ) ;
#2113 = LINE ( 'NONE', #10101, #7380 ) ;
#2114 = EDGE_CURVE ( 'NONE', #1921, #6355, #3951, .T. ) ;
#2115 = DIRECTION ( 'NONE',  ( -1.000000000000000000, 0.000000000000000000, 0.000000000000000000 ) ) ;
#2116 = EDGE_LOOP ( 'NONE', ( #857, #12437, #2006, #10583 ) ) ;
#2117 = EDGE_CURVE ( 'NONE', #5866, #1966, #5897, .T. ) ;
#2118 = AXIS2_PLACEMENT_3D ( 'NONE', #9605, #8446, #11634 ) ;
#2119 = EDGE_LOOP ( 'NONE', ( #11113, #10360, #2435, #5355 ) ) ;
#2120 = ORIENTED_EDGE ( 'NONE', *, *, #6793, .T. ) ;
#2122 = DIRECTION ( 'NONE',  ( 0.000000000000000000, 0.000000000000000000, -1.000000000000000000 ) ) ;
#2121 = CONICAL_SURFACE ( 'NONE', #11260, 0.6999999999999992895, 0.7853981633974492782 ) ;
#2123 = CARTESIAN_POINT ( 'NONE',  ( 76.13449477545232469, 40.18430000602550933, 2.960981684682844950 ) ) ;
#2124 = ORIENTED_EDGE ( 'NONE', *, *, #2178, .T. ) ;
#2125 = CYLINDRICAL_SURFACE ( 'NONE', #5116, 1.500000000000001332 ) ;
#2126 = CARTESIAN_POINT ( 'NONE',  ( 64.14999999999999147, 25.75000000000000000, 6.000000000000000000 ) ) ;
#2127 = CARTESIAN_POINT ( 'NONE',  ( 51.19999999999998863, 40.40749664306598987, 3.323999333381999488 ) ) ;
#2128 = AXIS2_PLACEMENT_3D ( 'NONE', #11369, #2455, #10375 ) ;
#2129 = CARTESIAN_POINT ( 'NONE',  ( 64.25000043999999377, 64.25000043999999377, -1.500000000000000000 ) ) ;
#2130 = AXIS2_PLACEMENT_3D ( 'NONE', #7836, #7770, #11758 ) ;
#2131 = DIRECTION ( 'NONE',  ( 0.000000000000000000, 1.000000000000000000, 0.000000000000000000 ) ) ;
#2132 = CARTESIAN_POINT ( 'NONE',  ( 73.25000000000000000, 28.74999999999999645, 0.000000000000000000 ) ) ;
#2133 = DIRECTION ( 'NONE',  ( -0.7071067811865597852, 0.7071067811865352493, 0.000000000000000000 ) ) ;
#2134 = EDGE_CURVE ( 'NONE', #4272, #7245, #3831, .T. ) ;
#2135 = FACE_BOUND ( 'NONE', #3025, .T. ) ;
#2136 = CARTESIAN_POINT ( 'NONE',  ( 64.25000043999999377, 62.75000043999999377, -1.500000000000000000 ) ) ;
#2137 = VERTEX_POINT ( 'NONE', #6873 ) ;
#2138 = VECTOR ( 'NONE', #5343, 1000.000000000000000 ) ;
#2139 = CARTESIAN_POINT ( 'NONE',  ( 24.30000000000000426, 47.54999999999999716, 1.100000660000000741 ) ) ;
#2140 = DIRECTION ( 'NONE',  ( 0.000000000000000000, 0.000000000000000000, 1.000000000000000000 ) ) ;
#2141 = CARTESIAN_POINT ( 'NONE',  ( 37.74999955999999912, 39.24999955999999912, -3.100000000000000533 ) ) ;
#2142 = VECTOR ( 'NONE', #5176, 1000.000000000000114 ) ;
#2143 = CONICAL_SURFACE ( 'NONE', #5677, 2.899999999999999911, 0.7853981633974517207 ) ;
#2144 = DIRECTION ( 'NONE',  ( -0.000000000000000000, 0.000000000000000000, 1.000000000000000000 ) ) ;
#2145 = CARTESIAN_POINT ( 'NONE',  ( 50.24999999999999289, 36.24999955999999912, 5.925518941756209301 ) ) ;
#2146 = ORIENTED_EDGE ( 'NONE', *, *, #7837, .T. ) ;
#2147 = CARTESIAN_POINT ( 'NONE',  ( 67.75000000000000000, 27.25000000000000000, 8.499999999999998224 ) ) ;
#2148 = EDGE_LOOP ( 'NONE', ( #7290, #9658, #11419, #11538 ) ) ;
#2149 = DIRECTION ( 'NONE',  ( 0.000000000000000000, 0.000000000000000000, -1.000000000000000000 ) ) ;
#2150 = VERTEX_POINT ( 'NONE', #10723 ) ;
#2151 = ADVANCED_FACE ( 'NONE', ( #6751 ), #7006, .F. ) ;
#2152 = FACE_OUTER_BOUND ( 'NONE', #8830, .T. ) ;
#2153 = DIRECTION ( 'NONE',  ( -1.000000000000000000, 0.000000000000000000, 0.000000000000000000 ) ) ;
#2154 = VECTOR ( 'NONE', #1925, 1000.000000000000000 ) ;
#2155 = FACE_BOUND ( 'NONE', #9005, .T. ) ;
#2156 = ORIENTED_EDGE ( 'NONE', *, *, #10214, .T. ) ;
#2157 = CARTESIAN_POINT ( 'NONE',  ( 48.74999999999999289, 36.24999955999999912, -3.100000000000000533 ) ) ;
#2158 = VERTEX_POINT ( 'NONE', #1936 ) ;
#2159 = DIRECTION ( 'NONE',  ( -0.7071067811865474617, 0.7071067811865474617, 0.000000000000000000 ) ) ;
#2160 = LINE ( 'NONE', #15, #8496 ) ;
#2161 = AXIS2_PLACEMENT_3D ( 'NONE', #10772, #11873, #4003 ) ;
#2162 = VECTOR ( 'NONE', #6061, 1000.000000000000000 ) ;
#2163 = ORIENTED_EDGE ( 'NONE', *, *, #8218, .T. ) ;
#2164 = LINE ( 'NONE', #5350, #1349 ) ;
#2165 = ORIENTED_EDGE ( 'NONE', *, *, #5613, .F. ) ;
#2166 = DIRECTION ( 'NONE',  ( 0.000000000000000000, 0.000000000000000000, -1.000000000000000000 ) ) ;
#2167 = VERTEX_POINT ( 'NONE', #12740 ) ;
#2168 = VECTOR ( 'NONE', #7268, 1000.000000000000000 ) ;
#2169 = EDGE_LOOP ( 'NONE', ( #6334, #818, #3493, #8005, #6874, #6932, #8019, #10428 ) ) ;
#2170 = CARTESIAN_POINT ( 'NONE',  ( 56.14999999999999147, 25.75000000000000000, 6.499999999999999112 ) ) ;
#2171 = ORIENTED_EDGE ( 'NONE', *, *, #11012, .T. ) ;
#2172 = VECTOR ( 'NONE', #7887, 1000.000000000000000 ) ;
#2173 = AXIS2_PLACEMENT_3D ( 'NONE', #2349, #10279, #9173 ) ;
#2174 = DIRECTION ( 'NONE',  ( 0.000000000000000000, 0.000000000000000000, -1.000000000000000000 ) ) ;
#2175 = VERTEX_POINT ( 'NONE', #2004 ) ;
#2176 = AXIS2_PLACEMENT_3D ( 'NONE', #8269, #10021, #84 ) ;
#2177 = CARTESIAN_POINT ( 'NONE',  ( 54.14999999999999147, 24.49999999999999289, 0.5253709514437873151 ) ) ;
#2178 = EDGE_CURVE ( 'NONE', #13, #3307, #6271, .T. ) ;
#2179 = CARTESIAN_POINT ( 'NONE',  ( 76.25000000000000000, 39.40749664306598987, -0.2999999999999999334 ) ) ;
#2180 = CARTESIAN_POINT ( 'NONE',  ( 53.25000000000000000, 74.64999999999997726, -4.000000000000000000 ) ) ;
#2181 = ORIENTED_EDGE ( 'NONE', *, *, #90, .F. ) ;
#2182 = ORIENTED_EDGE ( 'NONE', *, *, #8294, .T. ) ;
#2183 = VECTOR ( 'NONE', #4497, 1000.000000000000000 ) ;
#2184 = DIRECTION ( 'NONE',  ( 1.000000000000000000, 0.000000000000000000, -0.000000000000000000 ) ) ;
#2185 = EDGE_LOOP ( 'NONE', ( #3371, #10104, #8891, #10547 ) ) ;
#2186 = ORIENTED_EDGE ( 'NONE', *, *, #4546, .F. ) ;
#2187 = CARTESIAN_POINT ( 'NONE',  ( 73.38799999999999102, 65.71099999999999852, -3.000000000000000000 ) ) ;
#2188 = EDGE_CURVE ( 'NONE', #9962, #1392, #5968, .T. ) ;
#2189 = DIRECTION ( 'NONE',  ( 0.000000000000000000, 0.000000000000000000, -1.000000000000000000 ) ) ;
#2190 = DIRECTION ( 'NONE',  ( 0.000000000000000000, 0.000000000000000000, 1.000000000000000000 ) ) ;
#2191 = VECTOR ( 'NONE', #6377, 1000.000000000000000 ) ;
#2192 = CYLINDRICAL_SURFACE ( 'NONE', #4211, 1.000000000000000888 ) ;
#2193 = DIRECTION ( 'NONE',  ( 1.000000000000000000, 0.000000000000000000, 0.000000000000000000 ) ) ;
#2194 = EDGE_CURVE ( 'NONE', #12839, #2559, #6688, .T. ) ;
#2195 = CARTESIAN_POINT ( 'NONE',  ( 59.69999999999997442, 37.45000000000000284, 7.999999999999998224 ) ) ;
#2196 = EDGE_CURVE ( 'NONE', #12457, #11118, #9808, .T. ) ;
#2197 = EDGE_CURVE ( 'NONE', #3075, #5745, #11882, .T. ) ;
#2198 = DIRECTION ( 'NONE',  ( 1.000000000000000000, 0.000000000000000000, 0.000000000000000000 ) ) ;
#2199 = ORIENTED_EDGE ( 'NONE', *, *, #7987, .T. ) ;
#2201 = CARTESIAN_POINT ( 'NONE',  ( 53.19999999999998153, 75.25000000000000000, 6.499999999999999112 ) ) ;
#2200 = VECTOR ( 'NONE', #294, 1000.000000000000114 ) ;
#2202 = ADVANCED_FACE ( 'NONE', ( #3765, #7715 ), #11767, .T. ) ;
#2203 = DIRECTION ( 'NONE',  ( 1.000000000000000000, 0.000000000000000000, 0.000000000000000000 ) ) ;
#2204 = VECTOR ( 'NONE', #12748, 1000.000000000000000 ) ;
#2205 = EDGE_CURVE ( 'NONE', #9586, #11402, #12303, .T. ) ;
#2206 = DIRECTION ( 'NONE',  ( -1.000000000000000000, 0.000000000000000000, 0.000000000000000000 ) ) ;
#2207 = ORIENTED_EDGE ( 'NONE', *, *, #1309, .F. ) ;
#2208 = EDGE_CURVE ( 'NONE', #3053, #1491, #12273, .T. ) ;
#2209 = ORIENTED_EDGE ( 'NONE', *, *, #2106, .T. ) ;
#2210 = CARTESIAN_POINT ( 'NONE',  ( 76.25000000000000000, 33.52905841137543064, 3.202120542815402260 ) ) ;
#2211 = CARTESIAN_POINT ( 'NONE',  ( 75.89999999999999147, 29.00000000000000000, 9.500000000000001776 ) ) ;
#2212 = CARTESIAN_POINT ( 'NONE',  ( 69.79999999999999716, 25.75000000000000000, -67.93053710242747911 ) ) ;
#2213 = AXIS2_PLACEMENT_3D ( 'NONE', #8523, #721, #3785 ) ;
#2214 = EDGE_LOOP ( 'NONE', ( #1977, #4521, #8409, #2500 ) ) ;
#2215 = CARTESIAN_POINT ( 'NONE',  ( 74.64999999999999147, 48.74999999999999289, -3.100000000000000533 ) ) ;
#2216 = CARTESIAN_POINT ( 'NONE',  ( 69.79999999999999716, 72.64999999999997726, -1.600000000000000311 ) ) ;
#2217 = ORIENTED_EDGE ( 'NONE', *, *, #5391, .T. ) ;
#2218 = CARTESIAN_POINT ( 'NONE',  ( 75.25000000000000000, 51.44999999999999574, 8.499999999999998224 ) ) ;
#2219 = ORIENTED_EDGE ( 'NONE', *, *, #3930, .T. ) ;
#2220 = AXIS2_PLACEMENT_3D ( 'NONE', #12284, #2206, #10188 ) ;
#2221 = DIRECTION ( 'NONE',  ( -0.000000000000000000, 0.000000000000000000, 1.000000000000000000 ) ) ;
#2222 = ORIENTED_EDGE ( 'NONE', *, *, #1068, .T. ) ;
#2223 = DIRECTION ( 'NONE',  ( -9.188275156155076484E-17, 0.7071067811865492381, -0.7071067811865457964 ) ) ;
#2224 = CARTESIAN_POINT ( 'NONE',  ( 77.19999999999998863, 0.000000000000000000, -5.000000000000000000 ) ) ;
#2225 = CARTESIAN_POINT ( 'NONE',  ( 59.19999999999997442, 37.45000000000000284, 4.999999999999998224 ) ) ;
#2226 = DIRECTION ( 'NONE',  ( -1.000000000000000000, -1.299418334065024626E-16, 0.000000000000000000 ) ) ;
#2227 = CARTESIAN_POINT ( 'NONE',  ( 42.69999999999998153, 37.95000000000000284, 8.499999999999998224 ) ) ;
#2228 = ORIENTED_EDGE ( 'NONE', *, *, #122, .T. ) ;
#2229 =( NAMED_UNIT ( * ) PLANE_ANGLE_UNIT ( ) SI_UNIT ( $, .RADIAN. ) );
#2230 = EDGE_CURVE ( 'NONE', #12105, #9962, #1034, .T. ) ;
#2231 = DIRECTION ( 'NONE',  ( 0.000000000000000000, 0.000000000000000000, -1.000000000000000000 ) ) ;
#2232 = EDGE_LOOP ( 'NONE', ( #550, #627, #8318, #740 ) ) ;
#2233 = CYLINDRICAL_SURFACE ( 'NONE', #2808, 0.5000000000000004441 ) ;
#2234 = VERTEX_POINT ( 'NONE', #5121 ) ;
#2235 = DIRECTION ( 'NONE',  ( -0.000000000000000000, -0.000000000000000000, -1.000000000000000000 ) ) ;
#2236 = EDGE_LOOP ( 'NONE', ( #4882, #10227, #6089, #1964 ) ) ;
#2237 = ORIENTED_EDGE ( 'NONE', *, *, #8557, .F. ) ;
#2238 = EDGE_LOOP ( 'NONE', ( #11617, #1792, #10124, #5208 ) ) ;
#2239 = DIRECTION ( 'NONE',  ( 0.000000000000000000, 1.000000000000000000, 0.000000000000000000 ) ) ;
#2240 = CARTESIAN_POINT ( 'NONE',  ( 73.69999999999998863, 28.29999999999999716, -5.000000000000000888 ) ) ;
#2241 = CARTESIAN_POINT ( 'NONE',  ( 72.64999999999999147, 34.25000000000000000, -67.93053710242747911 ) ) ;
#2242 = DIRECTION ( 'NONE',  ( -0.000000000000000000, 0.000000000000000000, 1.000000000000000000 ) ) ;
#2243 = EDGE_CURVE ( 'NONE', #12116, #10277, #105, .T. ) ;
#2244 = DIRECTION ( 'NONE',  ( 1.000000000000000000, 0.000000000000000000, 0.000000000000000000 ) ) ;
#2245 = ORIENTED_EDGE ( 'NONE', *, *, #3195, .F. ) ;
#2246 = EDGE_LOOP ( 'NONE', ( #4638, #6991, #10940, #1692 ) ) ;
#2247 = CARTESIAN_POINT ( 'NONE',  ( 59.19999999999997442, 36.45000000000000284, 8.499999999999998224 ) ) ;
#2248 = VERTEX_POINT ( 'NONE', #4077 ) ;
#2249 = ORIENTED_EDGE ( 'NONE', *, *, #11336, .F. ) ;
#2250 = CARTESIAN_POINT ( 'NONE',  ( 34.74999955999999202, 50.24999999999999289, -3.100000000000000533 ) ) ;
#2251 = CARTESIAN_POINT ( 'NONE',  ( 67.79999999999999716, 27.35000000000000853, -4.000000000000000000 ) ) ;
#2252 = CARTESIAN_POINT ( 'NONE',  ( 53.25000000000000000, 73.14999999999997726, 35.97994811066136833 ) ) ;
#2253 = CARTESIAN_POINT ( 'NONE',  ( 33.24999999999995737, 0.000000000000000000, 4.499999999999999112 ) ) ;
#2254 = DIRECTION ( 'NONE',  ( 0.000000000000000000, 0.000000000000000000, -1.000000000000000000 ) ) ;
#2255 = CARTESIAN_POINT ( 'NONE',  ( 43.19999999999998863, 69.45000000000000284, 4.999999999999998224 ) ) ;
#2256 = DIRECTION ( 'NONE',  ( -1.000000000000000000, 0.000000000000000000, 0.000000000000000000 ) ) ;
#2257 = ORIENTED_EDGE ( 'NONE', *, *, #3954, .F. ) ;
#2258 = FACE_OUTER_BOUND ( 'NONE', #7287, .T. ) ;
#2259 = EDGE_CURVE ( 'NONE', #8415, #6311, #6157, .T. ) ;
#2260 = CARTESIAN_POINT ( 'NONE',  ( 76.25000000000000000, 76.25000000000000000, -3.500000000000000000 ) ) ;
#2261 = FACE_OUTER_BOUND ( 'NONE', #6839, .T. ) ;
#2262 = ORIENTED_EDGE ( 'NONE', *, *, #3780, .F. ) ;
#2263 = AXIS2_PLACEMENT_3D ( 'NONE', #11790, #3789, #5604 ) ;
#2264 = ADVANCED_FACE ( 'NONE', ( #4332 ), #7129, .F. ) ;
#2265 = ORIENTED_EDGE ( 'NONE', *, *, #6718, .F. ) ;
#2266 = EDGE_CURVE ( 'NONE', #5226, #6232, #7310, .T. ) ;
#2267 = CARTESIAN_POINT ( 'NONE',  ( 59.19999999999997442, 37.45000000000000284, 4.999999999999998224 ) ) ;
#2268 = LINE ( 'NONE', #1164, #7796 ) ;
#2269 = CARTESIAN_POINT ( 'NONE',  ( 51.75000000000000000, 73.14999999999997726, -3.100000000000000533 ) ) ;
#2270 = ADVANCED_FACE ( 'NONE', ( #9079 ), #10110, .F. ) ;
#2271 = EDGE_CURVE ( 'NONE', #12124, #12069, #8095, .T. ) ;
#2272 = EDGE_CURVE ( 'NONE', #11130, #11187, #6025, .T. ) ;
#2273 = ADVANCED_FACE ( 'NONE', ( #12082 ), #8034, .T. ) ;
#2274 = CIRCLE ( 'NONE', #3941, 1.000000000000000888 ) ;
#2275 = ADVANCED_FACE ( 'NONE', ( #229 ), #4206, .T. ) ;
#2276 = CARTESIAN_POINT ( 'NONE',  ( 30.25000000000000355, 73.00000000000000000, -8.535533905932741305 ) ) ;
#2277 = EDGE_CURVE ( 'NONE', #3307, #2102, #12148, .T. ) ;
#2278 = LINE ( 'NONE', #12366, #2695 ) ;
#2279 = CARTESIAN_POINT ( 'NONE',  ( 27.35000000000000142, 34.25000000000000000, -4.000000000000003553 ) ) ;
#2280 = VERTEX_POINT ( 'NONE', #11230 ) ;
#2281 = LINE ( 'NONE', #11129, #11957 ) ;
#2282 = ORIENTED_EDGE ( 'NONE', *, *, #8149, .T. ) ;
#2283 = FACE_OUTER_BOUND ( 'NONE', #12109, .T. ) ;
#2284 = ORIENTED_EDGE ( 'NONE', *, *, #9513, .F. ) ;
#2285 = DIRECTION ( 'NONE',  ( -1.000000000000000000, 0.000000000000000000, 0.000000000000000000 ) ) ;
#2286 = LINE ( 'NONE', #3272, #1462 ) ;
#2287 = DIRECTION ( 'NONE',  ( -0.000000000000000000, -1.000000000000000000, -0.000000000000000000 ) ) ;
#2288 = VECTOR ( 'NONE', #7919, 1000.000000000000000 ) ;
#2289 = DIRECTION ( 'NONE',  ( 0.000000000000000000, -0.000000000000000000, -1.000000000000000000 ) ) ;
#2290 = DIRECTION ( 'NONE',  ( 0.000000000000000000, -1.000000000000000000, 0.000000000000000000 ) ) ;
#2291 = ORIENTED_EDGE ( 'NONE', *, *, #4753, .F. ) ;
#2292 = APPROVAL_ROLE ( '' ) ;
#2293 = CARTESIAN_POINT ( 'NONE',  ( 76.25000000000000000, 76.25000000000000000, -0.2999999999999956035 ) ) ;
#2294 = EDGE_LOOP ( 'NONE', ( #7593, #4180, #9734, #2163 ) ) ;
#2295 = FACE_OUTER_BOUND ( 'NONE', #12019, .T. ) ;
#2296 = ORIENTED_EDGE ( 'NONE', *, *, #1316, .F. ) ;
#2297 = CARTESIAN_POINT ( 'NONE',  ( 64.34999999999996589, 24.29999999999999361, 0.5253709514437902017 ) ) ;
#2298 = ORIENTED_EDGE ( 'NONE', *, *, #5772, .F. ) ;
#2299 = ORIENTED_EDGE ( 'NONE', *, *, #4150, .T. ) ;
#2300 = EDGE_LOOP ( 'NONE', ( #7292, #7462, #11343, #3860 ) ) ;
#2301 = CARTESIAN_POINT ( 'NONE',  ( 42.69999999999998153, 37.95000000000000284, 8.499999999999998224 ) ) ;
#2302 = CIRCLE ( 'NONE', #11857, 1.500000000000001332 ) ;
#2303 = ORIENTED_EDGE ( 'NONE', *, *, #2595, .T. ) ;
#2304 = CARTESIAN_POINT ( 'NONE',  ( 67.79999999999999716, 27.35000000000000853, -4.000000000000003553 ) ) ;
#2305 = ORIENTED_EDGE ( 'NONE', *, *, #6580, .F. ) ;
#2306 = LINE ( 'NONE', #8349, #1779 ) ;
#2307 = DIRECTION ( 'NONE',  ( 1.000000000000000000, 0.000000000000000000, 0.000000000000000000 ) ) ;
#2308 = ORIENTED_EDGE ( 'NONE', *, *, #7643, .F. ) ;
#2309 = AXIS2_PLACEMENT_3D ( 'NONE', #8087, #8150, #6276 ) ;
#2310 = ORIENTED_EDGE ( 'NONE', *, *, #1271, .T. ) ;
#2311 = DIRECTION ( 'NONE',  ( 1.000000000000000000, 0.000000000000000000, 0.000000000000000000 ) ) ;
#2312 = ORIENTED_EDGE ( 'NONE', *, *, #2197, .F. ) ;
#2313 = VERTEX_POINT ( 'NONE', #2251 ) ;
#2314 = FACE_OUTER_BOUND ( 'NONE', #2148, .T. ) ;
#2315 = DIRECTION ( 'NONE',  ( -1.000000000000000000, 0.000000000000000000, 0.000000000000000000 ) ) ;
#2316 = VECTOR ( 'NONE', #6912, 1000.000000000000000 ) ;
#2317 = EDGE_CURVE ( 'NONE', #3234, #1734, #6219, .T. ) ;
#2318 = FACE_OUTER_BOUND ( 'NONE', #10701, .T. ) ;
#2319 = DIRECTION ( 'NONE',  ( -1.000000000000000000, 0.000000000000000000, 0.000000000000000000 ) ) ;
#2320 = LINE ( 'NONE', #4282, #5891 ) ;
#2321 = DIRECTION ( 'NONE',  ( 0.000000000000000000, -0.000000000000000000, 1.000000000000000000 ) ) ;
#2322 = EDGE_CURVE ( 'NONE', #8425, #7668, #1272, .T. ) ;
#2323 = CARTESIAN_POINT ( 'NONE',  ( 65.75000043999999377, 53.25000000000000000, -4.000000000000000000 ) ) ;
#2324 = AXIS2_PLACEMENT_3D ( 'NONE', #7906, #9867, #768 ) ;
#2325 = ORIENTED_EDGE ( 'NONE', *, *, #842, .T. ) ;
#2326 = AXIS2_PLACEMENT_3D ( 'NONE', #4873, #6760, #8772 ) ;
#2327 = CARTESIAN_POINT ( 'NONE',  ( 61.14999999999999147, 25.75000000000000000, 0.5253709514437902017 ) ) ;
#2328 = FACE_OUTER_BOUND ( 'NONE', #10302, .T. ) ;
#2329 = DIRECTION ( 'NONE',  ( -1.299418334065024873E-16, 1.000000000000000000, 0.000000000000000000 ) ) ;
#2330 = ORIENTED_EDGE ( 'NONE', *, *, #1633, .T. ) ;
#2331 = VERTEX_POINT ( 'NONE', #5246 ) ;
#2332 = FACE_OUTER_BOUND ( 'NONE', #3215, .T. ) ;
#2333 = CARTESIAN_POINT ( 'NONE',  ( 25.84999999999998721, 28.74999999999999645, -1.600000000000000311 ) ) ;
#2334 = CONICAL_SURFACE ( 'NONE', #11270, 2.000000000000015543, 0.7853981633974566057 ) ;
#2335 = VECTOR ( 'NONE', #3500, 1000.000000000000000 ) ;
#2336 = DIRECTION ( 'NONE',  ( 1.000000000000000000, 0.000000000000000000, 0.000000000000000000 ) ) ;
#2337 = EDGE_CURVE ( 'NONE', #8415, #36, #6696, .T. ) ;
#2338 = CARTESIAN_POINT ( 'NONE',  ( 55.14999999999999147, 24.29998799999999548, 6.499999999999999112 ) ) ;
#2339 = EDGE_CURVE ( 'NONE', #807, #8077, #6714, .T. ) ;
#2340 = LINE ( 'NONE', #8382, #6008 ) ;
#2341 = CARTESIAN_POINT ( 'NONE',  ( 59.19999999999998153, 69.45000000000000284, 8.499999999999998224 ) ) ;
#2342 = VERTEX_POINT ( 'NONE', #6476 ) ;
#2343 = AXIS2_PLACEMENT_3D ( 'NONE', #7167, #11136, #2226 ) ;
#2344 = DIRECTION ( 'NONE',  ( -1.000000000000000000, 0.000000000000000000, 0.000000000000000000 ) ) ;
#2345 = EDGE_LOOP ( 'NONE', ( #6374, #4743, #10879, #3948 ) ) ;
#2346 = DIRECTION ( 'NONE',  ( -1.000000000000000000, 0.000000000000000000, 0.000000000000000000 ) ) ;
#2347 = ORIENTED_EDGE ( 'NONE', *, *, #3485, .T. ) ;
#2348 = DIRECTION ( 'NONE',  ( -0.000000000000000000, 0.000000000000000000, 1.000000000000000000 ) ) ;
#2349 = CARTESIAN_POINT ( 'NONE',  ( 39.24999955999999912, 62.75000043999999377, -5.000000000000000000 ) ) ;
#2350 = EDGE_CURVE ( 'NONE', #9980, #8668, #2753, .T. ) ;
#2351 = DIRECTION ( 'NONE',  ( 0.000000000000000000, -1.000000000000000000, 0.000000000000000000 ) ) ;
#2352 = EDGE_CURVE ( 'NONE', #11534, #11070, #12709, .T. ) ;
#2353 = VECTOR ( 'NONE', #9401, 1000.000000000000000 ) ;
#2354 = DIRECTION ( 'NONE',  ( 0.000000000000000000, 0.000000000000000000, -1.000000000000000000 ) ) ;
#2355 = EDGE_CURVE ( 'NONE', #607, #10966, #1707, .T. ) ;
#2356 = ORIENTED_EDGE ( 'NONE', *, *, #365, .F. ) ;
#2357 = DIRECTION ( 'NONE',  ( -1.000000000000000000, 0.000000000000000000, 0.000000000000000000 ) ) ;
#2358 = EDGE_CURVE ( 'NONE', #7546, #2377, #4397, .T. ) ;
#2359 = DIRECTION ( 'NONE',  ( 0.000000000000000000, -0.000000000000000000, 1.000000000000000000 ) ) ;
#2360 = ORIENTED_EDGE ( 'NONE', *, *, #8640, .T. ) ;
#2361 = CARTESIAN_POINT ( 'NONE',  ( 73.69999999999998863, 77.19999999999998863, 9.999999999999998224 ) ) ;
#2362 = VERTEX_POINT ( 'NONE', #9774 ) ;
#2363 = DIRECTION ( 'NONE',  ( 0.000000000000000000, -0.000000000000000000, -1.000000000000000000 ) ) ;
#2364 = EDGE_LOOP ( 'NONE', ( #5839, #596, #10356, #9054 ) ) ;
#2365 = ADVANCED_FACE ( 'NONE', ( #12413 ), #5434, .T. ) ;
#2366 = EDGE_LOOP ( 'NONE', ( #2758, #7900, #11154, #1110 ) ) ;
#2367 = AXIS2_PLACEMENT_3D ( 'NONE', #10896, #7894, #9730 ) ;
#2368 = ORIENTED_EDGE ( 'NONE', *, *, #11082, .T. ) ;
#2369 = AXIS2_PLACEMENT_3D ( 'NONE', #11191, #8976, #8002 ) ;
#2370 = DIRECTION ( 'NONE',  ( 1.000000000000000000, 1.299418334065024133E-16, -0.000000000000000000 ) ) ;
#2371 = VERTEX_POINT ( 'NONE', #9471 ) ;
#2372 = CARTESIAN_POINT ( 'NONE',  ( 29.00000000000000000, 29.00000000000000000, 9.499999999999991118 ) ) ;
#2373 = ORIENTED_EDGE ( 'NONE', *, *, #10804, .T. ) ;
#2374 = VECTOR ( 'NONE', #11041, 1000.000000000000000 ) ;
#2375 = CARTESIAN_POINT ( 'NONE',  ( 74.13799999999999102, 65.71099999999999852, -5.000000000000000000 ) ) ;
#2376 = CARTESIAN_POINT ( 'NONE',  ( 25.84999999999998721, 28.74999999999999645, -5.000000000000000000 ) ) ;
#2377 = VERTEX_POINT ( 'NONE', #6417 ) ;
#2378 = VERTEX_POINT ( 'NONE', #2751 ) ;
#2379 = LINE ( 'NONE', #5241, #11287 ) ;
#2380 = ORIENTED_EDGE ( 'NONE', *, *, #9049, .F. ) ;
#2381 = EDGE_LOOP ( 'NONE', ( #508, #9849, #2784, #6644 ) ) ;
#2382 = CARTESIAN_POINT ( 'NONE',  ( 29.24999999999998934, 29.25000000000000000, 78.50196847342608919 ) ) ;
#2383 = AXIS2_PLACEMENT_3D ( 'NONE', #6265, #5352, #10223 ) ;
#2384 = VECTOR ( 'NONE', #1238, 1000.000000000000000 ) ;
#2385 = DIRECTION ( 'NONE',  ( 1.000000000000000000, -1.903338353678471202E-15, 0.000000000000000000 ) ) ;
#2386 = VECTOR ( 'NONE', #9202, 1000.000000000000000 ) ;
#2387 = DIRECTION ( 'NONE',  ( -1.000000000000000000, 0.000000000000000000, 0.000000000000000000 ) ) ;
#2388 = CARTESIAN_POINT ( 'NONE',  ( 73.00000000000000000, 29.00000000000000000, 9.999999999999998224 ) ) ;
#2389 = VECTOR ( 'NONE', #2484, 1000.000000000000000 ) ;
#2390 = CARTESIAN_POINT ( 'NONE',  ( 73.43999999999998352, 66.46100000000001273, -1.600000000000000311 ) ) ;
#2391 = CARTESIAN_POINT ( 'NONE',  ( 24.30000000000000426, 54.74999999999999289, 4.600000660000000074 ) ) ;
#2392 = LINE ( 'NONE', #8041, #3759 ) ;
#2393 = AXIS2_PLACEMENT_3D ( 'NONE', #5819, #614, #1720 ) ;
#2394 = CIRCLE ( 'NONE', #12167, 0.4999999999999995559 ) ;
#2395 = ORIENTED_EDGE ( 'NONE', *, *, #2678, .T. ) ;
#2396 = EDGE_CURVE ( 'NONE', #6935, #3394, #861, .T. ) ;
#2397 = CARTESIAN_POINT ( 'NONE',  ( 76.25000000000000000, 73.25000000000000000, 0.000000000000000000 ) ) ;
#2398 = AXIS2_PLACEMENT_3D ( 'NONE', #10677, #2874, #5868 ) ;
#2399 = DIRECTION ( 'NONE',  ( 0.000000000000000000, -0.7071067811865465735, -0.7071067811865484609 ) ) ;
#2400 = CIRCLE ( 'NONE', #3027, 0.7500000000000006661 ) ;
#2401 = CARTESIAN_POINT ( 'NONE',  ( 71.79999999999999716, 30.25000000000000000, -67.93053710242747911 ) ) ;
#2402 = ORIENTED_EDGE ( 'NONE', *, *, #7011, .F. ) ;
#2403 = ORIENTED_EDGE ( 'NONE', *, *, #7122, .T. ) ;
#2404 = CARTESIAN_POINT ( 'NONE',  ( 53.64999999999999147, 24.29999999999999361, -0.1746290485562116690 ) ) ;
#2405 = DIRECTION ( 'NONE',  ( -1.000000000000000000, 0.000000000000000000, 0.000000000000000000 ) ) ;
#2406 = AXIS2_PLACEMENT_3D ( 'NONE', #4004, #8941, #7117 ) ;
#2407 = EDGE_CURVE ( 'NONE', #5740, #3605, #5659, .T. ) ;
#2408 = LINE ( 'NONE', #6379, #9618 ) ;
#2409 = AXIS2_PLACEMENT_3D ( 'NONE', #9982, #5046, #9006 ) ;
#2410 = CARTESIAN_POINT ( 'NONE',  ( 28.30000000000000071, 73.69999999999998863, 9.999999999999998224 ) ) ;
#2411 = AXIS2_PLACEMENT_3D ( 'NONE', #2132, #2067, #3049 ) ;
#2412 = DIRECTION ( 'NONE',  ( -1.299418334065024873E-16, 1.000000000000000000, 0.000000000000000000 ) ) ;
#2413 = FACE_OUTER_BOUND ( 'NONE', #7272, .T. ) ;
#2414 = LINE ( 'NONE', #5269, #3836 ) ;
#2415 = VERTEX_POINT ( 'NONE', #427 ) ;
#2416 = AXIS2_PLACEMENT_3D ( 'NONE', #3884, #2958, #3748 ) ;
#2417 = FACE_OUTER_BOUND ( 'NONE', #5610, .T. ) ;
#2418 = ORIENTED_EDGE ( 'NONE', *, *, #11672, .F. ) ;
#2419 = DIRECTION ( 'NONE',  ( 0.000000000000000000, 1.000000000000000000, 0.000000000000000000 ) ) ;
#2420 = VECTOR ( 'NONE', #6188, 1000.000000000000000 ) ;
#2421 = DIRECTION ( 'NONE',  ( 0.000000000000000000, 0.000000000000000000, 1.000000000000000000 ) ) ;
#2422 = CIRCLE ( 'NONE', #131, 1.000000000000000888 ) ;
#2423 = DIRECTION ( 'NONE',  ( -0.000000000000000000, -0.000000000000000000, 1.000000000000000000 ) ) ;
#2424 = DIRECTION ( 'NONE',  ( 0.000000000000000000, -1.000000000000000000, -0.000000000000000000 ) ) ;
#2425 = ORIENTED_EDGE ( 'NONE', *, *, #10031, .F. ) ;
#2426 = VECTOR ( 'NONE', #12618, 1000.000000000000114 ) ;
#2427 = EDGE_CURVE ( 'NONE', #1421, #3016, #3861, .T. ) ;
#2428 = VECTOR ( 'NONE', #4221, 1000.000000000000114 ) ;
#2429 = FACE_OUTER_BOUND ( 'NONE', #4512, .T. ) ;
#2430 = VECTOR ( 'NONE', #12162, 1000.000000000000000 ) ;
#2431 = EDGE_LOOP ( 'NONE', ( #5546, #11190, #4625, #1052 ) ) ;
#2432 = DIRECTION ( 'NONE',  ( -1.000000000000000000, 0.000000000000000000, 0.000000000000000000 ) ) ;
#2433 = EDGE_LOOP ( 'NONE', ( #3791, #5966, #11883, #9804, #659, #10486, #8126, #669 ) ) ;
#2434 = DIRECTION ( 'NONE',  ( 1.000000000000000000, 0.000000000000000000, 0.000000000000000000 ) ) ;
#2435 = ORIENTED_EDGE ( 'NONE', *, *, #6135, .F. ) ;
#2436 = EDGE_LOOP ( 'NONE', ( #345, #9621, #4252, #1245 ) ) ;
#2437 = ORIENTED_EDGE ( 'NONE', *, *, #4566, .T. ) ;
#2438 = EDGE_CURVE ( 'NONE', #3442, #11541, #4772, .T. ) ;
#2439 = PRODUCT ( '\X2\76d25b50\X0\^L-1K1W1007851A', '\X2\76d25b50\X0\^L-1K1W1007851A', '', ( #10411 ) ) ;
#2440 = ADVANCED_FACE ( 'NONE', ( #8491 ), #3557, .F. ) ;
#2441 = FACE_OUTER_BOUND ( 'NONE', #9681, .T. ) ;
#2442 = VERTEX_POINT ( 'NONE', #3799 ) ;
#2443 = FACE_OUTER_BOUND ( 'NONE', #2649, .T. ) ;
#2444 = CARTESIAN_POINT ( 'NONE',  ( 59.69999999999997442, 37.45000000000000284, 4.999999999999998224 ) ) ;
#2445 = EDGE_CURVE ( 'NONE', #2049, #2100, #5033, .T. ) ;
#2446 = LINE ( 'NONE', #10430, #10606 ) ;
#2447 = EDGE_CURVE ( 'NONE', #9891, #7434, #5452, .T. ) ;
#2448 = EDGE_CURVE ( 'NONE', #4411, #8210, #2507, .T. ) ;
#2449 = ORIENTED_EDGE ( 'NONE', *, *, #3323, .T. ) ;
#2450 = ORIENTED_EDGE ( 'NONE', *, *, #11949, .F. ) ;
#2451 = CARTESIAN_POINT ( 'NONE',  ( 24.30000000000000426, 47.54999999999999716, 4.600000660000000963 ) ) ;
#2452 = VERTEX_POINT ( 'NONE', #4467 ) ;
#2453 = ORIENTED_EDGE ( 'NONE', *, *, #1068, .F. ) ;
#2454 = CARTESIAN_POINT ( 'NONE',  ( 74.59999999999999432, 29.00000000000000000, 44.50000000000000711 ) ) ;
#2455 = DIRECTION ( 'NONE',  ( 0.000000000000000000, -0.000000000000000000, -1.000000000000000000 ) ) ;
#2456 = DIRECTION ( 'NONE',  ( -0.000000000000000000, -0.000000000000000000, 1.000000000000000000 ) ) ;
#2457 = DIRECTION ( 'NONE',  ( -0.000000000000000000, 0.000000000000000000, 1.000000000000000000 ) ) ;
#2458 = CARTESIAN_POINT ( 'NONE',  ( 42.69999999999998863, 68.95000000000000284, 4.999999999999998224 ) ) ;
#2459 = DIRECTION ( 'NONE',  ( -1.000000000000000000, 0.000000000000000000, -0.000000000000000000 ) ) ;
#2460 = DIRECTION ( 'NONE',  ( -1.000000000000000000, 0.000000000000000000, 0.000000000000000000 ) ) ;
#2461 = VERTEX_POINT ( 'NONE', #7748 ) ;
#2462 = DIRECTION ( 'NONE',  ( -1.000000000000000000, 0.000000000000000000, 0.000000000000000000 ) ) ;
#2463 = DIRECTION ( 'NONE',  ( 0.000000000000000000, -1.000000000000000000, 0.000000000000000000 ) ) ;
#2464 = ORIENTED_EDGE ( 'NONE', *, *, #9665, .T. ) ;
#2465 = CARTESIAN_POINT ( 'NONE',  ( 37.74999955999999912, 62.75000043999999377, -3.100000000000000533 ) ) ;
#2466 = DIRECTION ( 'NONE',  ( -1.000000000000000000, 0.000000000000000000, 0.000000000000000000 ) ) ;
#2467 = DIRECTION ( 'NONE',  ( -1.000000000000000000, 0.000000000000000000, 0.000000000000000000 ) ) ;
#2468 = EDGE_LOOP ( 'NONE', ( #7687, #10886, #11885, #410, #10419, #11718, #12186, #3404 ) ) ;
#2469 = FACE_OUTER_BOUND ( 'NONE', #3814, .T. ) ;
#2470 = AXIS2_PLACEMENT_3D ( 'NONE', #2541, #8267, #8526 ) ;
#2471 = DIRECTION ( 'NONE',  ( 1.000000000000000000, 0.000000000000000000, 0.000000000000000000 ) ) ;
#2472 = CARTESIAN_POINT ( 'NONE',  ( 72.44999999999997442, 53.94999999999999574, 8.499999999999998224 ) ) ;
#2473 = LINE ( 'NONE', #1503, #3465 ) ;
#2474 = ORIENTED_EDGE ( 'NONE', *, *, #12624, .T. ) ;
#2475 = PLANE ( 'NONE',  #833 ) ;
#2476 = CARTESIAN_POINT ( 'NONE',  ( 64.75000044000000798, 39.24999955999999912, -5.000000000000000000 ) ) ;
#2477 = DIRECTION ( 'NONE',  ( -0.000000000000000000, -0.000000000000000000, 1.000000000000000000 ) ) ;
#2478 = EDGE_CURVE ( 'NONE', #10405, #10968, #8432, .T. ) ;
#2479 = AXIS2_PLACEMENT_3D ( 'NONE', #2864, #6827, #9616 ) ;
#2480 = ORIENTED_EDGE ( 'NONE', *, *, #31, .F. ) ;
#2481 = DIRECTION ( 'NONE',  ( 0.000000000000000000, 0.000000000000000000, 1.000000000000000000 ) ) ;
#2482 = PLANE ( 'NONE',  #8277 ) ;
#2483 = EDGE_LOOP ( 'NONE', ( #819, #11697, #12459, #4903, #6749, #10096, #12057, #4784 ) ) ;
#2484 = DIRECTION ( 'NONE',  ( 1.000000000000000000, 1.299418334065024380E-16, 0.000000000000000000 ) ) ;
#2485 = VERTEX_POINT ( 'NONE', #7454 ) ;
#2486 = DIRECTION ( 'NONE',  ( -1.000000000000000000, 0.000000000000000000, 0.000000000000000000 ) ) ;
#2487 = ORIENTED_EDGE ( 'NONE', *, *, #11629, .F. ) ;
#2488 = ORIENTED_EDGE ( 'NONE', *, *, #6030, .F. ) ;
#2489 = VERTEX_POINT ( 'NONE', #5747 ) ;
#2490 = FACE_OUTER_BOUND ( 'NONE', #6002, .T. ) ;
#2491 = DIRECTION ( 'NONE',  ( 0.000000000000000000, 0.000000000000000000, 1.000000000000000000 ) ) ;
#2492 = VECTOR ( 'NONE', #8996, 1000.000000000000000 ) ;
#2493 = ORIENTED_EDGE ( 'NONE', *, *, #9140, .F. ) ;
#2494 = VECTOR ( 'NONE', #12691, 1000.000000000000000 ) ;
#2495 = DIRECTION ( 'NONE',  ( -0.000000000000000000, -0.000000000000000000, 1.000000000000000000 ) ) ;
#2496 = DIRECTION ( 'NONE',  ( 0.7071067811865475727, -0.7071067811865475727, 0.000000000000000000 ) ) ;
#2497 = ADVANCED_FACE ( 'NONE', ( #11428 ), #7510, .T. ) ;
#2498 = VERTEX_POINT ( 'NONE', #9105 ) ;
#2499 = EDGE_CURVE ( 'NONE', #9602, #8340, #4168, .T. ) ;
#2500 = ORIENTED_EDGE ( 'NONE', *, *, #12301, .F. ) ;
#2501 = LINE ( 'NONE', #11422, #63 ) ;
#2502 = ORIENTED_EDGE ( 'NONE', *, *, #8104, .T. ) ;
#2503 = ORIENTED_EDGE ( 'NONE', *, *, #383, .T. ) ;
#2504 = CARTESIAN_POINT ( 'NONE',  ( 63.14999999999998437, 24.29999999999999361, -0.1746290485561876882 ) ) ;
#2505 = VECTOR ( 'NONE', #303, 1000.000000000000000 ) ;
#2506 = VECTOR ( 'NONE', #8849, 1000.000000000000000 ) ;
#2507 = LINE ( 'NONE', #1473, #7317 ) ;
#2508 = LINE ( 'NONE', #1660, #8213 ) ;
#2509 = CARTESIAN_POINT ( 'NONE',  ( 65.14999999999999147, 24.49999999999997513, 0.5253709514437898687 ) ) ;
#2510 = EDGE_CURVE ( 'NONE', #2362, #5016, #12733, .T. ) ;
#2511 = LINE ( 'NONE', #3621, #696 ) ;
#2512 = ADVANCED_FACE ( 'NONE', ( #10814 ), #3128, .F. ) ;
#2513 = CARTESIAN_POINT ( 'NONE',  ( 61.14999999999999147, 24.29999999999999361, 0.5253709514437902017 ) ) ;
#2514 = EDGE_CURVE ( 'NONE', #1323, #9075, #10996, .T. ) ;
#2515 = ADVANCED_FACE ( 'NONE', ( #930 ), #2334, .F. ) ;
#2516 = LINE ( 'NONE', #10574, #10182 ) ;
#2517 = ORIENTED_EDGE ( 'NONE', *, *, #12048, .T. ) ;
#2518 = DIRECTION ( 'NONE',  ( -1.299418334065024626E-16, 1.000000000000000000, 0.000000000000000000 ) ) ;
#2519 = DIRECTION ( 'NONE',  ( -1.000000000000000000, 0.000000000000000000, 0.000000000000000000 ) ) ;
#2520 = VERTEX_POINT ( 'NONE', #1178 ) ;
#2521 = ORIENTED_EDGE ( 'NONE', *, *, #9572, .F. ) ;
#2522 = LINE ( 'NONE', #5518, #12187 ) ;
#2523 = CARTESIAN_POINT ( 'NONE',  ( 30.59999999999999432, 29.00000000000000000, 6.499999999999999112 ) ) ;
#2524 = DIRECTION ( 'NONE',  ( 0.000000000000000000, -0.000000000000000000, -1.000000000000000000 ) ) ;
#2525 = VECTOR ( 'NONE', #9518, 1000.000000000000000 ) ;
#2526 = EDGE_CURVE ( 'NONE', #379, #12653, #9896, .T. ) ;
#2527 = CARTESIAN_POINT ( 'NONE',  ( 53.64999999999999147, 24.29998799999999548, 0.5253709514437873151 ) ) ;
#2528 = CARTESIAN_POINT ( 'NONE',  ( 69.79999999999999716, 28.74999999999999645, -1.600000000000000311 ) ) ;
#2529 = CARTESIAN_POINT ( 'NONE',  ( 51.75000000000000000, 65.75000043999999377, 5.925518941756209301 ) ) ;
#2530 = CARTESIAN_POINT ( 'NONE',  ( 60.64999999999999147, 25.75000000000000000, 0.02537095144379032663 ) ) ;
#2531 = VECTOR ( 'NONE', #9802, 1000.000000000000000 ) ;
#2532 = CARTESIAN_POINT ( 'NONE',  ( 52.64999999999999147, 24.49999999999999289, 0.5253709514437873151 ) ) ;
#2533 = VERTEX_POINT ( 'NONE', #5152 ) ;
#2534 = VECTOR ( 'NONE', #12623, 1000.000000000000000 ) ;
#2535 = DIRECTION ( 'NONE',  ( -1.000000000000000000, 0.000000000000000000, -0.000000000000000000 ) ) ;
#2536 = DIRECTION ( 'NONE',  ( -1.000000000000000000, 0.000000000000000000, 0.000000000000000000 ) ) ;
#2537 = CARTESIAN_POINT ( 'NONE',  ( 27.35000000000000142, 67.74999999999998579, 35.97994811066136833 ) ) ;
#2538 = ORIENTED_EDGE ( 'NONE', *, *, #11407, .T. ) ;
#2539 = PERSON_AND_ORGANIZATION_ROLE ( 'creator' ) ;
#2540 = AXIS2_PLACEMENT_3D ( 'NONE', #6057, #10707, #12658 ) ;
#2541 = CARTESIAN_POINT ( 'NONE',  ( 71.44999999999997442, 58.19999999999998863, 4.999999999999998224 ) ) ;
#2542 = ORIENTED_EDGE ( 'NONE', *, *, #12364, .F. ) ;
#2543 = LINE ( 'NONE', #1636, #6125 ) ;
#2544 = ADVANCED_FACE ( 'NONE', ( #2940 ), #11064, .F. ) ;
#2545 = ORIENTED_EDGE ( 'NONE', *, *, #11558, .T. ) ;
#2546 = DIRECTION ( 'NONE',  ( -1.000000000000000000, 0.000000000000000000, 0.000000000000000000 ) ) ;
#2547 = EDGE_LOOP ( 'NONE', ( #10631, #5731, #1608, #5004 ) ) ;
#2548 = ORIENTED_EDGE ( 'NONE', *, *, #8479, .T. ) ;
#2549 = ORIENTED_EDGE ( 'NONE', *, *, #8647, .T. ) ;
#2550 = AXIS2_PLACEMENT_3D ( 'NONE', #7929, #5008, #4037 ) ;
#2551 = DIRECTION ( 'NONE',  ( -1.000000000000000000, 3.118604001756057919E-16, 0.000000000000000000 ) ) ;
#2552 = ORIENTED_EDGE ( 'NONE', *, *, #8719, .T. ) ;
#2553 = CARTESIAN_POINT ( 'NONE',  ( 72.63799999999999102, 68.99999999999998579, 2.255601768855265199 ) ) ;
#2554 = ORIENTED_EDGE ( 'NONE', *, *, #2806, .F. ) ;
#2555 = LINE ( 'NONE', #3490, #12568 ) ;
#2556 = VECTOR ( 'NONE', #12882, 1000.000000000000000 ) ;
#2557 = CARTESIAN_POINT ( 'NONE',  ( 60.64999999999999147, 24.29999999999999361, 5.999999999999999112 ) ) ;
#2558 = AXIS2_PLACEMENT_3D ( 'NONE', #1386, #3338, #1446 ) ;
#2559 = VERTEX_POINT ( 'NONE', #7876 ) ;
#2560 = CIRCLE ( 'NONE', #3609, 1.000000000000000888 ) ;
#2561 = VERTEX_POINT ( 'NONE', #11918 ) ;
#2562 = CARTESIAN_POINT ( 'NONE',  ( 50.44999999999998153, 35.45000000000000284, 6.499999999999999112 ) ) ;
#2563 = ORIENTED_EDGE ( 'NONE', *, *, #6252, .F. ) ;
#2564 = ORIENTED_EDGE ( 'NONE', *, *, #1243, .T. ) ;
#2565 = DIRECTION ( 'NONE',  ( -9.188275156155094973E-17, 0.7071067811865505703, -0.7071067811865444641 ) ) ;
#2566 = DIRECTION ( 'NONE',  ( 0.000000000000000000, -0.7071067811865524577, 0.7071067811865426878 ) ) ;
#2567 = DIRECTION ( 'NONE',  ( 0.000000000000000000, 0.000000000000000000, -1.000000000000000000 ) ) ;
#2568 = EDGE_CURVE ( 'NONE', #10643, #3234, #3544, .T. ) ;
#2569 = VECTOR ( 'NONE', #6029, 1000.000000000000000 ) ;
#2570 = DIRECTION ( 'NONE',  ( 0.000000000000000000, -1.000000000000000000, 0.000000000000000000 ) ) ;
#2571 = VECTOR ( 'NONE', #12300, 1000.000000000000000 ) ;
#2572 = DIRECTION ( 'NONE',  ( 0.000000000000000000, 0.000000000000000000, -1.000000000000000000 ) ) ;
#2573 = CARTESIAN_POINT ( 'NONE',  ( 74.25000000000000000, 73.00000000000000000, -8.535533905932741305 ) ) ;
#2574 = VERTEX_POINT ( 'NONE', #11854 ) ;
#2575 = AXIS2_PLACEMENT_3D ( 'NONE', #5553, #9508, #12511 ) ;
#2576 = VECTOR ( 'NONE', #5509, 1000.000000000000000 ) ;
#2577 = ORIENTED_EDGE ( 'NONE', *, *, #31, .T. ) ;
#2578 = AXIS2_PLACEMENT_3D ( 'NONE', #5622, #1593, #8808 ) ;
#2579 = CARTESIAN_POINT ( 'NONE',  ( 73.00000000000000000, 73.00000000000000000, 9.500000000000001776 ) ) ;
#2580 = FACE_OUTER_BOUND ( 'NONE', #11525, .T. ) ;
#2581 = ORIENTED_EDGE ( 'NONE', *, *, #6532, .T. ) ;
#2582 = VERTEX_POINT ( 'NONE', #993 ) ;
#2583 = DIRECTION ( 'NONE',  ( 0.000000000000000000, 0.000000000000000000, 1.000000000000000000 ) ) ;
#2584 = CARTESIAN_POINT ( 'NONE',  ( 50.24999999999999289, 28.85000000000000853, -3.100000000000000533 ) ) ;
#2585 = ADVANCED_FACE ( 'NONE', ( #2152 ), #5872, .F. ) ;
#2586 = CARTESIAN_POINT ( 'NONE',  ( 53.14999999999999147, 24.29998799999999548, 6.499999999999996447 ) ) ;
#2587 = EDGE_CURVE ( 'NONE', #10513, #4927, #11993, .T. ) ;
#2588 = AXIS2_PLACEMENT_3D ( 'NONE', #8745, #12721, #12652 ) ;
#2589 = VECTOR ( 'NONE', #7116, 1000.000000000000000 ) ;
#2590 = VECTOR ( 'NONE', #10291, 1000.000000000000000 ) ;
#2591 = EDGE_CURVE ( 'NONE', #11347, #6268, #12481, .T. ) ;
#2592 = DIRECTION ( 'NONE',  ( -0.000000000000000000, -0.000000000000000000, 1.000000000000000000 ) ) ;
#2593 = CARTESIAN_POINT ( 'NONE',  ( 73.75000000000000000, 67.74999999999998579, 3.404999829744057127 ) ) ;
#2594 = EDGE_CURVE ( 'NONE', #7730, #4318, #6863, .T. ) ;
#2595 = EDGE_CURVE ( 'NONE', #7031, #6278, #3006, .T. ) ;
#2596 = DIRECTION ( 'NONE',  ( -1.000000000000000000, 0.000000000000000000, 0.000000000000000000 ) ) ;
#2597 = DIRECTION ( 'NONE',  ( -0.000000000000000000, 0.000000000000000000, -1.000000000000000000 ) ) ;
#2598 = AXIS2_PLACEMENT_3D ( 'NONE', #12606, #9597, #3695 ) ;
#2599 = LINE ( 'NONE', #12561, #6371 ) ;
#2600 = ORIENTED_EDGE ( 'NONE', *, *, #1801, .F. ) ;
#2601 = CARTESIAN_POINT ( 'NONE',  ( 53.64999999999999147, 24.49999999999999289, 0.5253709514437873151 ) ) ;
#2602 = DIRECTION ( 'NONE',  ( -0.000000000000000000, 0.000000000000000000, 1.000000000000000000 ) ) ;
#2603 = ORIENTED_EDGE ( 'NONE', *, *, #5455, .T. ) ;
#2604 = FACE_OUTER_BOUND ( 'NONE', #6908, .T. ) ;
#2605 = CIRCLE ( 'NONE', #5722, 0.7500000000000006661 ) ;
#2606 = ORIENTED_EDGE ( 'NONE', *, *, #7483, .F. ) ;
#2607 = CARTESIAN_POINT ( 'NONE',  ( 70.59900000000000375, 68.99999999999998579, -3.000000000000000000 ) ) ;
#2608 = DIRECTION ( 'NONE',  ( 0.000000000000000000, -0.000000000000000000, -1.000000000000000000 ) ) ;
#2609 = VECTOR ( 'NONE', #7640, 1000.000000000000000 ) ;
#2610 = VERTEX_POINT ( 'NONE', #7939 ) ;
#2611 = CARTESIAN_POINT ( 'NONE',  ( 37.24999955999998491, 28.74999999999999645, -5.000000000000000000 ) ) ;
#2612 = ORIENTED_EDGE ( 'NONE', *, *, #2039, .F. ) ;
#2613 = AXIS2_PLACEMENT_3D ( 'NONE', #10502, #1600, #12656 ) ;
#2614 = DIRECTION ( 'NONE',  ( 0.000000000000000000, 0.000000000000000000, 1.000000000000000000 ) ) ;
#2615 = ORIENTED_EDGE ( 'NONE', *, *, #8151, .F. ) ;
#2616 = EDGE_LOOP ( 'NONE', ( #9129, #11610, #5239, #10501 ) ) ;
#2617 = ORIENTED_EDGE ( 'NONE', *, *, #2194, .T. ) ;
#2618 = AXIS2_PLACEMENT_3D ( 'NONE', #2529, #578, #9550 ) ;
#2619 = CARTESIAN_POINT ( 'NONE',  ( 64.14999999999999147, 24.29998799999999548, 6.499999999999999112 ) ) ;
#2620 = ORIENTED_EDGE ( 'NONE', *, *, #11987, .F. ) ;
#2621 = VECTOR ( 'NONE', #3510, 1000.000000000000000 ) ;
#2622 = ORIENTED_EDGE ( 'NONE', *, *, #3764, .F. ) ;
#2623 = DIRECTION ( 'NONE',  ( -1.000000000000000000, 0.000000000000000000, 0.000000000000000000 ) ) ;
#2624 = ADVANCED_FACE ( 'NONE', ( #6975 ), #9947, .F. ) ;
#2625 = CONICAL_SURFACE ( 'NONE', #5958, 0.6999999999999988454, 0.7853981633974482790 ) ;
#2626 = EDGE_LOOP ( 'NONE', ( #10649, #10842, #5716, #10818, #4188, #2056, #7305, #12299 ) ) ;
#2627 = VECTOR ( 'NONE', #1906, 1000.000000000000000 ) ;
#2628 = PLANE ( 'NONE',  #12772 ) ;
#2629 = CARTESIAN_POINT ( 'NONE',  ( 55.64999999999999147, 24.29999999999999361, 5.999999999999999112 ) ) ;
#2630 = EDGE_LOOP ( 'NONE', ( #7195, #661, #10993, #5427 ) ) ;
#2631 = DIRECTION ( 'NONE',  ( 1.299418334065024873E-16, -1.000000000000000000, -0.000000000000000000 ) ) ;
#2632 = ORIENTED_EDGE ( 'NONE', *, *, #7, .T. ) ;
#2633 = FACE_OUTER_BOUND ( 'NONE', #2733, .T. ) ;
#2634 = ORIENTED_EDGE ( 'NONE', *, *, #3723, .F. ) ;
#2635 = ORIENTED_EDGE ( 'NONE', *, *, #929, .T. ) ;
#2636 = CARTESIAN_POINT ( 'NONE',  ( 31.74999999999997158, 70.25000000000000000, 4.499999999999999112 ) ) ;
#2637 = CARTESIAN_POINT ( 'NONE',  ( 52.44999999999998863, 24.29999999999999361, 5.999999999999996447 ) ) ;
#2638 = DIRECTION ( 'NONE',  ( 1.000000000000000000, 0.000000000000000000, -0.000000000000000000 ) ) ;
#2639 = CARTESIAN_POINT ( 'NONE',  ( 28.74999999999998934, 25.75000000000000000, 0.000000000000000000 ) ) ;
#2640 = EDGE_CURVE ( 'NONE', #6331, #9480, #1111, .T. ) ;
#2641 = CARTESIAN_POINT ( 'NONE',  ( 48.74999999999999289, 28.85000000000000853, -4.000000000000003553 ) ) ;
#2642 = LINE ( 'NONE', #956, #9253 ) ;
#2643 = DIRECTION ( 'NONE',  ( 1.000000000000000000, 0.000000000000000000, 0.000000000000000000 ) ) ;
#2644 = VERTEX_POINT ( 'NONE', #9311 ) ;
#2645 = EDGE_LOOP ( 'NONE', ( #7048, #5367, #2368, #919 ) ) ;
#2646 = VERTEX_POINT ( 'NONE', #11261 ) ;
#2647 = CARTESIAN_POINT ( 'NONE',  ( 65.64999999999999147, 24.49999999999997513, 6.499999999999999112 ) ) ;
#2648 = CARTESIAN_POINT ( 'NONE',  ( 59.14999999999999147, 24.49999999999999289, 0.5253709514437902017 ) ) ;
#2649 = EDGE_LOOP ( 'NONE', ( #4325, #10610, #9798, #6305 ) ) ;
#2650 = ORIENTED_EDGE ( 'NONE', *, *, #6420, .T. ) ;
#2651 = CARTESIAN_POINT ( 'NONE',  ( 52.19999999999998153, 70.95000000000000284, 6.499999999999999112 ) ) ;
#2652 = DIRECTION ( 'NONE',  ( 0.7071067811865475727, -0.7071067811865475727, 0.000000000000000000 ) ) ;
#2653 = CARTESIAN_POINT ( 'NONE',  ( 67.75000000000000000, 25.75000000000000000, 0.000000000000000000 ) ) ;
#2654 = LINE ( 'NONE', #4241, #4832 ) ;
#2655 = ADVANCED_FACE ( 'NONE', ( #3462 ), #7352, .F. ) ;
#2656 = DIRECTION ( 'NONE',  ( -0.000000000000000000, -0.000000000000000000, -1.000000000000000000 ) ) ;
#2657 = CARTESIAN_POINT ( 'NONE',  ( 53.25000000000000000, 65.75000043999999377, -3.100000000000000533 ) ) ;
#2658 = EDGE_CURVE ( 'NONE', #581, #8299, #12110, .T. ) ;
#2659 = CARTESIAN_POINT ( 'NONE',  ( 73.38799999999999102, 64.96099999999999852, -4.000000000000000000 ) ) ;
#2660 = CARTESIAN_POINT ( 'NONE',  ( 28.74999999999998934, 25.84999999999999432, 21.50000000000000000 ) ) ;
#2661 = ADVANCED_FACE ( 'NONE', ( #8261, #5273, #259, #7293, #4431, #7228, #11330 ), #2475, .T. ) ;
#2662 = CYLINDRICAL_SURFACE ( 'NONE', #4719, 2.899999999999999911 ) ;
#2663 = ORIENTED_EDGE ( 'NONE', *, *, #1705, .F. ) ;
#2664 = DIRECTION ( 'NONE',  ( -0.000000000000000000, -0.000000000000000000, 1.000000000000000000 ) ) ;
#2665 = CARTESIAN_POINT ( 'NONE',  ( 42.69999999999998153, 36.45000000000000284, 4.999999999999998224 ) ) ;
#2666 = ORIENTED_EDGE ( 'NONE', *, *, #753, .T. ) ;
#2667 = CARTESIAN_POINT ( 'NONE',  ( 51.94999999999998153, 36.45000000000000284, 8.499999999999998224 ) ) ;
#2668 = EDGE_CURVE ( 'NONE', #2909, #10725, #2286, .T. ) ;
#2669 = AXIS2_PLACEMENT_3D ( 'NONE', #11583, #9547, #705 ) ;
#2670 = EDGE_CURVE ( 'NONE', #9386, #11057, #7421, .T. ) ;
#2671 = EDGE_CURVE ( 'NONE', #2754, #958, #8121, .T. ) ;
#2672 = EDGE_CURVE ( 'NONE', #8668, #8467, #4364, .T. ) ;
#2673 = EDGE_CURVE ( 'NONE', #6642, #826, #8303, .T. ) ;
#2674 = VERTEX_POINT ( 'NONE', #526 ) ;
#2675 = AXIS2_PLACEMENT_3D ( 'NONE', #789, #6706, #8791 ) ;
#2676 = CARTESIAN_POINT ( 'NONE',  ( 56.84999999999999432, 24.29999999999999361, 5.999999999999999112 ) ) ;
#2677 = PERSON_AND_ORGANIZATION ( #6428, #3852 ) ;
#2678 = EDGE_CURVE ( 'NONE', #4834, #402, #11197, .T. ) ;
#2679 = DIRECTION ( 'NONE',  ( 0.000000000000000000, 0.000000000000000000, -1.000000000000000000 ) ) ;
#2680 = ORIENTED_EDGE ( 'NONE', *, *, #8711, .T. ) ;
#2681 = DIRECTION ( 'NONE',  ( 0.000000000000000000, 0.000000000000000000, -1.000000000000000000 ) ) ;
#2682 = VERTEX_POINT ( 'NONE', #9373 ) ;
#2683 = CARTESIAN_POINT ( 'NONE',  ( 62.75000043999999377, 64.25000043999999377, -3.100000000000000533 ) ) ;
#2684 = ORIENTED_EDGE ( 'NONE', *, *, #11107, .T. ) ;
#2685 = ORIENTED_EDGE ( 'NONE', *, *, #6161, .F. ) ;
#2686 = EDGE_LOOP ( 'NONE', ( #8631, #7716, #10290, #5757 ) ) ;
#2687 = VECTOR ( 'NONE', #8130, 1000.000000000000000 ) ;
#2688 = VERTEX_POINT ( 'NONE', #6314 ) ;
#2689 = ORIENTED_EDGE ( 'NONE', *, *, #2427, .F. ) ;
#2690 = DIRECTION ( 'NONE',  ( 0.000000000000000000, 0.000000000000000000, -1.000000000000000000 ) ) ;
#2691 = EDGE_LOOP ( 'NONE', ( #2685, #7788, #11163, #10908, #3496 ) ) ;
#2692 = CYLINDRICAL_SURFACE ( 'NONE', #3005, 0.7500000000000006661 ) ;
#2693 = CARTESIAN_POINT ( 'NONE',  ( 76.25000000000000000, 54.94999999999999574, -3.500000000000000000 ) ) ;
#2694 = ADVANCED_FACE ( 'NONE', ( #5341 ), #7164, .T. ) ;
#2695 = VECTOR ( 'NONE', #8454, 1000.000000000000000 ) ;
#2696 = ORIENTED_EDGE ( 'NONE', *, *, #12128, .F. ) ;
#2697 = CARTESIAN_POINT ( 'NONE',  ( 73.38799999999999102, 65.71099999999999852, -3.000000000000000000 ) ) ;
#2698 = ORIENTED_EDGE ( 'NONE', *, *, #5040, .T. ) ;
#2699 = DIRECTION ( 'NONE',  ( 0.000000000000000000, 0.000000000000000000, 1.000000000000000000 ) ) ;
#2700 = ORIENTED_EDGE ( 'NONE', *, *, #6445, .T. ) ;
#2701 = VERTEX_POINT ( 'NONE', #6250 ) ;
#2702 = CARTESIAN_POINT ( 'NONE',  ( 77.69999999999998863, 24.29999999999999716, -0.1746290485561876604 ) ) ;
#2703 = DIRECTION ( 'NONE',  ( 1.299418334065024873E-16, -1.000000000000000000, -0.000000000000000000 ) ) ;
#2704 = VECTOR ( 'NONE', #1371, 1000.000000000000000 ) ;
#2705 = CARTESIAN_POINT ( 'NONE',  ( 33.24999999999997158, 74.75000000000000000, 8.499999999999998224 ) ) ;
#2706 = CIRCLE ( 'NONE', #3117, 2.000000000000001776 ) ;
#2707 = VECTOR ( 'NONE', #11834, 1000.000000000000000 ) ;
#2708 = LINE ( 'NONE', #1800, #5063 ) ;
#2709 = PLANE ( 'NONE',  #1747 ) ;
#2710 = DIRECTION ( 'NONE',  ( -0.000000000000000000, 0.000000000000000000, -1.000000000000000000 ) ) ;
#2711 = DIRECTION ( 'NONE',  ( 1.000000000000000000, 0.000000000000000000, 0.000000000000000000 ) ) ;
#2712 = ORIENTED_EDGE ( 'NONE', *, *, #2448, .F. ) ;
#2713 = AXIS2_PLACEMENT_3D ( 'NONE', #9990, #235, #373 ) ;
#2714 = VECTOR ( 'NONE', #9228, 1000.000000000000000 ) ;
#2715 = ORIENTED_EDGE ( 'NONE', *, *, #9579, .F. ) ;
#2716 = ORIENTED_EDGE ( 'NONE', *, *, #11920, .F. ) ;
#2717 = CARTESIAN_POINT ( 'NONE',  ( 74.64999999999997726, 63.67200000000001836, -1.600000000000000311 ) ) ;
#2718 = ADVANCED_FACE ( 'NONE', ( #5466 ), #6387, .F. ) ;
#2719 = DIRECTION ( 'NONE',  ( 0.000000000000000000, -0.000000000000000000, 1.000000000000000000 ) ) ;
#2720 = EDGE_LOOP ( 'NONE', ( #1609, #6214, #7628, #6831, #8562, #3662, #4289, #4770 ) ) ;
#2721 = ORIENTED_EDGE ( 'NONE', *, *, #3227, .F. ) ;
#2722 = LINE ( 'NONE', #11638, #3044 ) ;
#2723 = LINE ( 'NONE', #8701, #6762 ) ;
#2724 = DIRECTION ( 'NONE',  ( -0.000000000000000000, -0.000000000000000000, -1.000000000000000000 ) ) ;
#2725 = AXIS2_PLACEMENT_3D ( 'NONE', #2557, #11550, #12332 ) ;
#2726 = DIRECTION ( 'NONE',  ( 0.000000000000000000, -0.000000000000000000, -1.000000000000000000 ) ) ;
#2727 = DIRECTION ( 'NONE',  ( -1.000000000000000000, 0.000000000000000000, 0.000000000000000000 ) ) ;
#2728 = LINE ( 'NONE', #8708, #7673 ) ;
#2729 = CARTESIAN_POINT ( 'NONE',  ( 63.64999999999998437, 24.29999999999999361, 6.499999999999999112 ) ) ;
#2730 = CARTESIAN_POINT ( 'NONE',  ( 69.94999999999997442, 48.70000000000000995, 4.999999999999998224 ) ) ;
#2731 = VECTOR ( 'NONE', #6723, 1000.000000000000000 ) ;
#2732 = DIRECTION ( 'NONE',  ( 1.000000000000000000, 0.000000000000000000, 0.000000000000000000 ) ) ;
#2733 = EDGE_LOOP ( 'NONE', ( #7862, #9114, #2488, #3297 ) ) ;
#2734 = DIRECTION ( 'NONE',  ( -1.000000000000000000, 0.000000000000000000, 0.000000000000000000 ) ) ;
#2735 = DIRECTION ( 'NONE',  ( -1.299418334065024873E-16, 1.000000000000000000, 0.000000000000000000 ) ) ;
#2736 = ORIENTED_EDGE ( 'NONE', *, *, #7124, .F. ) ;
#2737 = CARTESIAN_POINT ( 'NONE',  ( 51.75000000000000000, 67.25000043999999377, -3.100000000000000533 ) ) ;
#2738 = EDGE_CURVE ( 'NONE', #1421, #12612, #9438, .T. ) ;
#2739 = EDGE_CURVE ( 'NONE', #8413, #2858, #10388, .T. ) ;
#2740 = DIRECTION ( 'NONE',  ( -0.000000000000000000, -1.000000000000000000, -0.000000000000000000 ) ) ;
#2741 = CARTESIAN_POINT ( 'NONE',  ( 50.24999999999999289, 67.25000043999999377, -4.000000000000000000 ) ) ;
#2742 = ORIENTED_EDGE ( 'NONE', *, *, #6692, .T. ) ;
#2743 = AXIS2_PLACEMENT_3D ( 'NONE', #8959, #4021, #10850 ) ;
#2744 = DIRECTION ( 'NONE',  ( 0.000000000000000000, -0.000000000000000000, 1.000000000000000000 ) ) ;
#2745 = ORIENTED_EDGE ( 'NONE', *, *, #6891, .T. ) ;
#2746 = EDGE_CURVE ( 'NONE', #2485, #8765, #6189, .T. ) ;
#2747 = DIRECTION ( 'NONE',  ( 0.000000000000000000, 0.000000000000000000, -1.000000000000000000 ) ) ;
#2748 = ORIENTED_EDGE ( 'NONE', *, *, #10214, .F. ) ;
#2749 = ORIENTED_EDGE ( 'NONE', *, *, #8270, .F. ) ;
#2750 = EDGE_CURVE ( 'NONE', #7544, #2137, #8194, .T. ) ;
#2751 = CARTESIAN_POINT ( 'NONE',  ( 72.09900000000000375, 63.67200000000001836, -3.000000000000000000 ) ) ;
#2752 = EDGE_CURVE ( 'NONE', #12013, #8260, #5729, .T. ) ;
#2753 = CIRCLE ( 'NONE', #12313, 1.500000000000001332 ) ;
#2754 = VERTEX_POINT ( 'NONE', #1830 ) ;
#2755 = VECTOR ( 'NONE', #5634, 1000.000000000000000 ) ;
#2756 = CARTESIAN_POINT ( 'NONE',  ( 71.49999999999998579, 40.94999999999998863, 0.000000000000000000 ) ) ;
#2757 = EDGE_CURVE ( 'NONE', #12089, #8260, #2706, .T. ) ;
#2758 = ORIENTED_EDGE ( 'NONE', *, *, #9472, .F. ) ;
#2759 = DIRECTION ( 'NONE',  ( -1.000000000000000000, 0.000000000000000000, 0.000000000000000000 ) ) ;
#2760 = CARTESIAN_POINT ( 'NONE',  ( 37.74999955999999912, 39.24999955999999912, -1.500000000000000000 ) ) ;
#2761 = EDGE_CURVE ( 'NONE', #6798, #7964, #6700, .T. ) ;
#2762 = EDGE_CURVE ( 'NONE', #1528, #12609, #12563, .T. ) ;
#2763 = ORIENTED_EDGE ( 'NONE', *, *, #9125, .T. ) ;
#2764 = CARTESIAN_POINT ( 'NONE',  ( 54.14999999999999147, 24.29998799999999548, 6.499999999999996447 ) ) ;
#2765 = VERTEX_POINT ( 'NONE', #10598 ) ;
#2766 = CARTESIAN_POINT ( 'NONE',  ( 73.75000000000000000, 67.74999999999998579, 0.000000000000000000 ) ) ;
#2767 = ORIENTED_EDGE ( 'NONE', *, *, #10183, .F. ) ;
#2768 = VERTEX_POINT ( 'NONE', #11653 ) ;
#2770 = DIRECTION ( 'NONE',  ( -1.000000000000000000, 0.000000000000000000, 0.000000000000000000 ) ) ;
#2769 = VECTOR ( 'NONE', #9093, 1000.000000000000000 ) ;
#2771 = PLANE ( 'NONE',  #8757 ) ;
#2772 = CARTESIAN_POINT ( 'NONE',  ( 62.75000043999999377, 37.24999955999998491, -5.000000000000000000 ) ) ;
#2773 = LINE ( 'NONE', #9792, #6739 ) ;
#2774 = CIRCLE ( 'NONE', #7131, 0.5000000000000004441 ) ;
#2775 = DIRECTION ( 'NONE',  ( -1.000000000000000000, 0.000000000000000000, 0.000000000000000000 ) ) ;
#2776 = CARTESIAN_POINT ( 'NONE',  ( 76.25000000000000000, 67.24999999999998579, 8.499999999999996447 ) ) ;
#2777 = DIRECTION ( 'NONE',  ( 0.000000000000000000, 0.000000000000000000, 1.000000000000000000 ) ) ;
#2778 = EDGE_CURVE ( 'NONE', #10189, #4888, #8519, .T. ) ;
#2779 = ORIENTED_EDGE ( 'NONE', *, *, #4331, .T. ) ;
#2780 = ORIENTED_EDGE ( 'NONE', *, *, #7111, .F. ) ;
#2781 = EDGE_LOOP ( 'NONE', ( #5089, #5512, #2245, #5953, #9655, #11823, #3762, #6858, #8759, #874, #6139, #11151, #9912, #6431, #7302, #9542 ) ) ;
#2782 = CARTESIAN_POINT ( 'NONE',  ( 50.24999999999999289, 36.24999955999999912, -3.100000000000000533 ) ) ;
#2783 = CARTESIAN_POINT ( 'NONE',  ( 59.94999999999998863, 24.29999999999999361, 5.999999999999999112 ) ) ;
#2784 = ORIENTED_EDGE ( 'NONE', *, *, #11345, .F. ) ;
#2785 = CIRCLE ( 'NONE', #11513, 0.6999999999999992895 ) ;
#2786 = ORIENTED_EDGE ( 'NONE', *, *, #4114, .T. ) ;
#2787 = DIRECTION ( 'NONE',  ( 1.000000000000000000, 0.000000000000000000, 0.000000000000000000 ) ) ;
#2788 = DIRECTION ( 'NONE',  ( -9.188275156154995133E-17, 0.7071067811865429098, -0.7071067811865521247 ) ) ;
#2789 = CIRCLE ( 'NONE', #3415, 1.500000000000001332 ) ;
#2790 = DIRECTION ( 'NONE',  ( -0.000000000000000000, -0.000000000000000000, -1.000000000000000000 ) ) ;
#2791 = DIRECTION ( 'NONE',  ( 1.000000000000000000, 0.000000000000000000, 0.000000000000000000 ) ) ;
#2792 = EDGE_CURVE ( 'NONE', #8767, #990, #12497, .T. ) ;
#2793 = AXIS2_PLACEMENT_3D ( 'NONE', #2641, #9477, #7644 ) ;
#2794 = CIRCLE ( 'NONE', #3421, 1.500000000000001332 ) ;
#2795 = AXIS2_PLACEMENT_3D ( 'NONE', #2240, #6205, #10961 ) ;
#2796 = DIRECTION ( 'NONE',  ( 0.000000000000000000, 0.000000000000000000, -1.000000000000000000 ) ) ;
#2797 = DIRECTION ( 'NONE',  ( -1.000000000000000000, -1.299418334065024380E-16, 0.000000000000000000 ) ) ;
#2798 = AXIS2_PLACEMENT_3D ( 'NONE', #1544, #9483, #8371 ) ;
#2799 = FACE_OUTER_BOUND ( 'NONE', #12336, .T. ) ;
#2800 = PLANE ( 'NONE',  #12138 ) ;
#2801 = CARTESIAN_POINT ( 'NONE',  ( 64.14999999999999147, 24.49999999999996803, 5.999999999999999112 ) ) ;
#2802 = EDGE_LOOP ( 'NONE', ( #292, #12411, #2873, #1448 ) ) ;
#2803 = PLANE ( 'NONE',  #8728 ) ;
#2804 = CARTESIAN_POINT ( 'NONE',  ( 54.34999999999998721, 24.29999999999999361, 5.999999999999996447 ) ) ;
#2805 = VECTOR ( 'NONE', #2747, 1000.000000000000000 ) ;
#2806 = EDGE_CURVE ( 'NONE', #6267, #2378, #5621, .T. ) ;
#2807 = DIRECTION ( 'NONE',  ( 0.000000000000000000, -0.000000000000000000, -1.000000000000000000 ) ) ;
#2808 = AXIS2_PLACEMENT_3D ( 'NONE', #8016, #207, #11146 ) ;
#2809 = DIRECTION ( 'NONE',  ( -1.000000000000000000, 0.000000000000000000, 0.000000000000000000 ) ) ;
#2810 = APPROVAL_DATE_TIME ( #1573, #9216 ) ;
#2811 = DIRECTION ( 'NONE',  ( 0.000000000000000000, 0.000000000000000000, 1.000000000000000000 ) ) ;
#2812 = ORIENTED_EDGE ( 'NONE', *, *, #6423, .T. ) ;
#2813 = PLANE ( 'NONE',  #308 ) ;
#2814 = VERTEX_POINT ( 'NONE', #9554 ) ;
#2815 = DIRECTION ( 'NONE',  ( 0.000000000000000000, 0.000000000000000000, -1.000000000000000000 ) ) ;
#2816 = ORIENTED_EDGE ( 'NONE', *, *, #6053, .F. ) ;
#2817 = EDGE_LOOP ( 'NONE', ( #9324, #165, #8280, #5178, #8200, #3600, #2262, #9469 ) ) ;
#2818 = DIRECTION ( 'NONE',  ( 0.000000000000000000, 1.000000000000000000, 0.000000000000000000 ) ) ;
#2819 = AXIS2_PLACEMENT_3D ( 'NONE', #11314, #10523, #446 ) ;
#2820 = DIRECTION ( 'NONE',  ( 1.000000000000000000, 1.850371707708595943E-15, 0.000000000000000000 ) ) ;
#2821 = CYLINDRICAL_SURFACE ( 'NONE', #6262, 0.7500000000000006661 ) ;
#2822 = EDGE_CURVE ( 'NONE', #6427, #6785, #1688, .T. ) ;
#2823 = ORIENTED_EDGE ( 'NONE', *, *, #6010, .T. ) ;
#2824 = DIRECTION ( 'NONE',  ( 0.000000000000000000, 0.000000000000000000, 1.000000000000000000 ) ) ;
#2825 = VECTOR ( 'NONE', #4989, 1000.000000000000000 ) ;
#2826 = CARTESIAN_POINT ( 'NONE',  ( 73.43999999999998352, 64.96099999999999852, -3.000000000000000000 ) ) ;
#2827 = ORIENTED_EDGE ( 'NONE', *, *, #3245, .F. ) ;
#2828 = CARTESIAN_POINT ( 'NONE',  ( 76.25000000000000000, 70.25000000000000000, 8.499999999999996447 ) ) ;
#2829 = ORIENTED_EDGE ( 'NONE', *, *, #932, .T. ) ;
#2830 = CARTESIAN_POINT ( 'NONE',  ( 63.14999999999998437, 24.29999999999999361, 0.5253709514437898687 ) ) ;
#2831 = ORIENTED_EDGE ( 'NONE', *, *, #12228, .F. ) ;
#2832 = EDGE_CURVE ( 'NONE', #12742, #1587, #10175, .T. ) ;
#2833 = ORIENTED_EDGE ( 'NONE', *, *, #10460, .F. ) ;
#2834 = CARTESIAN_POINT ( 'NONE',  ( 48.74999999999999289, 28.85000000000000853, 35.97994811066136833 ) ) ;
#2835 = EDGE_CURVE ( 'NONE', #5097, #4796, #784, .T. ) ;
#2836 = CIRCLE ( 'NONE', #748, 0.5000000000000004441 ) ;
#2837 = CYLINDRICAL_SURFACE ( 'NONE', #8516, 0.5000000000000004441 ) ;
#2838 = VECTOR ( 'NONE', #12692, 1000.000000000000000 ) ;
#2839 = PLANE ( 'NONE',  #1289 ) ;
#2840 = VECTOR ( 'NONE', #9168, 1000.000000000000000 ) ;
#2841 = EDGE_CURVE ( 'NONE', #3139, #1140, #4790, .T. ) ;
#2842 = CARTESIAN_POINT ( 'NONE',  ( 66.14999999999999147, 24.29999999999999716, -0.1746290485561896033 ) ) ;
#2843 = ADVANCED_FACE ( 'NONE', ( #6575 ), #2803, .T. ) ;
#2844 = EDGE_CURVE ( 'NONE', #4442, #7372, #5826, .T. ) ;
#2845 = LINE ( 'NONE', #8754, #7150 ) ;
#2846 = LINE ( 'NONE', #6610, #9459 ) ;
#2847 = ADVANCED_FACE ( 'NONE', ( #5793, #4620 ), #3521, .T. ) ;
#2848 = ADVANCED_FACE ( 'NONE', ( #8582 ), #6508, .F. ) ;
#2849 = DIRECTION ( 'NONE',  ( 0.000000000000000000, -1.000000000000000000, 0.000000000000000000 ) ) ;
#2850 = ORIENTED_EDGE ( 'NONE', *, *, #1159, .F. ) ;
#2851 = ORIENTED_EDGE ( 'NONE', *, *, #2277, .F. ) ;
#2852 = AXIS2_PLACEMENT_3D ( 'NONE', #3909, #2018, #5979 ) ;
#2853 = EDGE_LOOP ( 'NONE', ( #1930, #11278, #6913, #2312, #2076, #5293, #7126, #7330 ) ) ;
#2854 = ORIENTED_EDGE ( 'NONE', *, *, #5305, .F. ) ;
#2855 = CARTESIAN_POINT ( 'NONE',  ( 65.75000043999999377, 62.75000043999999377, -3.100000000000000533 ) ) ;
#2856 = CARTESIAN_POINT ( 'NONE',  ( 76.89999999999999147, 34.00749664306601261, 2.323999333381998600 ) ) ;
#2857 = ORIENTED_EDGE ( 'NONE', *, *, #4112, .F. ) ;
#2858 = VERTEX_POINT ( 'NONE', #582 ) ;
#2859 = CARTESIAN_POINT ( 'NONE',  ( 73.38799999999999102, 65.71099999999999852, -4.000000000000000000 ) ) ;
#2860 = CARTESIAN_POINT ( 'NONE',  ( 29.00000000000000000, 29.00000000000000000, 9.999999999999998224 ) ) ;
#2861 = DIRECTION ( 'NONE',  ( 1.000000000000000000, 1.299418334065024873E-16, -0.000000000000000000 ) ) ;
#2862 = LINE ( 'NONE', #11776, #8969 ) ;
#2863 = DIRECTION ( 'NONE',  ( -1.374038396813312784E-16, -1.000000000000000000, 0.000000000000000000 ) ) ;
#2864 = CARTESIAN_POINT ( 'NONE',  ( 77.69999999999998863, 77.69999999999998863, 15.00000000000000000 ) ) ;
#2865 = DIRECTION ( 'NONE',  ( -1.000000000000000000, 0.000000000000000000, -0.000000000000000000 ) ) ;
#2866 = LINE ( 'NONE', #2923, #5266 ) ;
#2867 = LINE ( 'NONE', #5852, #5549 ) ;
#2868 = ORIENTED_EDGE ( 'NONE', *, *, #10946, .T. ) ;
#2869 = CARTESIAN_POINT ( 'NONE',  ( 48.74999999999999289, 27.35000000000000497, -3.100000000000000533 ) ) ;
#2870 = LINE ( 'NONE', #6701, #11368 ) ;
#2871 = DIRECTION ( 'NONE',  ( -1.000000000000000000, 0.000000000000000000, 0.000000000000000000 ) ) ;
#2872 = LINE ( 'NONE', #3726, #6211 ) ;
#2873 = ORIENTED_EDGE ( 'NONE', *, *, #6088, .F. ) ;
#2874 = DIRECTION ( 'NONE',  ( -0.000000000000000000, 0.000000000000000000, 1.000000000000000000 ) ) ;
#2875 = ORIENTED_EDGE ( 'NONE', *, *, #11708, .F. ) ;
#2876 = DIRECTION ( 'NONE',  ( 0.000000000000000000, -0.000000000000000000, 1.000000000000000000 ) ) ;
#2877 = ORIENTED_EDGE ( 'NONE', *, *, #2762, .T. ) ;
#2878 = ADVANCED_FACE ( 'NONE', ( #8517 ), #7683, .T. ) ;
#2879 = DIRECTION ( 'NONE',  ( 0.000000000000000000, 0.000000000000000000, 1.000000000000000000 ) ) ;
#2880 = DIRECTION ( 'NONE',  ( 1.000000000000000000, 0.000000000000000000, 0.000000000000000000 ) ) ;
#2881 = DIRECTION ( 'NONE',  ( 0.000000000000000000, 0.000000000000000000, 1.000000000000000000 ) ) ;
#2882 = ORIENTED_EDGE ( 'NONE', *, *, #97, .T. ) ;
#2883 = CARTESIAN_POINT ( 'NONE',  ( 43.19999999999998863, 68.95000000000000284, 4.999999999999998224 ) ) ;
#2884 = DIRECTION ( 'NONE',  ( 1.000000000000000000, 1.299418334065024380E-16, 0.000000000000000000 ) ) ;
#2885 = ORIENTED_EDGE ( 'NONE', *, *, #2499, .F. ) ;
#2886 = LINE ( 'NONE', #11930, #7064 ) ;
#2887 = ORIENTED_EDGE ( 'NONE', *, *, #6556, .T. ) ;
#2888 = DIRECTION ( 'NONE',  ( 0.000000000000000000, 0.000000000000000000, -1.000000000000000000 ) ) ;
#2889 = ORIENTED_EDGE ( 'NONE', *, *, #6241, .F. ) ;
#2890 = VECTOR ( 'NONE', #3137, 1000.000000000000000 ) ;
#2891 = ORIENTED_EDGE ( 'NONE', *, *, #8152, .F. ) ;
#2892 = DIRECTION ( 'NONE',  ( -1.000000000000000000, -1.299418334065024626E-16, 0.000000000000000000 ) ) ;
#2893 = DIRECTION ( 'NONE',  ( -0.000000000000000000, -0.000000000000000000, 1.000000000000000000 ) ) ;
#2894 = CARTESIAN_POINT ( 'NONE',  ( 76.89999999999999147, 33.00749664306601261, 2.323999333381998600 ) ) ;
#2895 = VECTOR ( 'NONE', #4357, 1000.000000000000000 ) ;
#2896 = CARTESIAN_POINT ( 'NONE',  ( 70.25000000000000000, 72.75000000000000000, 3.404999829744057127 ) ) ;
#2897 = EDGE_CURVE ( 'NONE', #10196, #11668, #7893, .T. ) ;
#2898 = FACE_OUTER_BOUND ( 'NONE', #1235, .T. ) ;
#2899 = ADVANCED_FACE ( 'NONE', ( #982 ), #6832, .F. ) ;
#2900 = LINE ( 'NONE', #9858, #434 ) ;
#2901 = VERTEX_POINT ( 'NONE', #10800 ) ;
#2902 = ORIENTED_EDGE ( 'NONE', *, *, #1706, .T. ) ;
#2903 = EDGE_LOOP ( 'NONE', ( #4758, #5177, #6963, #8520 ) ) ;
#2904 = CARTESIAN_POINT ( 'NONE',  ( 76.89999999999999147, 33.00749664306601261, -0.3000000000000012101 ) ) ;
#2905 = EDGE_CURVE ( 'NONE', #12617, #10357, #9352, .T. ) ;
#2906 = DIRECTION ( 'NONE',  ( -1.000000000000000000, 0.000000000000000000, 0.000000000000000000 ) ) ;
#2907 = ORIENTED_EDGE ( 'NONE', *, *, #2111, .F. ) ;
#2908 = AXIS2_PLACEMENT_3D ( 'NONE', #9584, #5626, #3373 ) ;
#2909 = VERTEX_POINT ( 'NONE', #2139 ) ;
#2910 = EDGE_CURVE ( 'NONE', #11701, #6328, #3334, .T. ) ;
#2911 = DIRECTION ( 'NONE',  ( -0.000000000000000000, -0.000000000000000000, -1.000000000000000000 ) ) ;
#2912 = DIRECTION ( 'NONE',  ( 0.000000000000000000, 0.000000000000000000, 1.000000000000000000 ) ) ;
#2913 = CARTESIAN_POINT ( 'NONE',  ( 74.64999999999999147, 34.25000000000000000, -1.600000000000004086 ) ) ;
#2914 = EDGE_CURVE ( 'NONE', #12163, #9124, #5917, .T. ) ;
#2915 = EDGE_CURVE ( 'NONE', #3795, #5066, #124, .T. ) ;
#2916 = DIRECTION ( 'NONE',  ( 1.000000000000000000, 0.000000000000000000, 0.000000000000000000 ) ) ;
#2917 = VECTOR ( 'NONE', #6269, 1000.000000000000000 ) ;
#2918 = AXIS2_PLACEMENT_3D ( 'NONE', #10470, #6632, #8715 ) ;
#2919 = DIRECTION ( 'NONE',  ( -0.000000000000000000, 0.000000000000000000, 1.000000000000000000 ) ) ;
#2920 = CARTESIAN_POINT ( 'NONE',  ( 50.19999999999998153, 70.95000000000000284, 8.499999999999998224 ) ) ;
#2921 = ADVANCED_FACE ( 'NONE', ( #6958 ), #4944, .F. ) ;
#2922 = CARTESIAN_POINT ( 'NONE',  ( 59.19999999999998153, 69.95000000000000284, 4.999999999999998224 ) ) ;
#2923 = CARTESIAN_POINT ( 'NONE',  ( 76.69999999999998863, 31.50749664306601261, -0.3000000000000012101 ) ) ;
#2924 = DIRECTION ( 'NONE',  ( 1.000000000000000000, -0.000000000000000000, 0.000000000000000000 ) ) ;
#2925 = VERTEX_POINT ( 'NONE', #6107 ) ;
#2926 = VECTOR ( 'NONE', #4535, 1000.000000000000000 ) ;
#2927 = CARTESIAN_POINT ( 'NONE',  ( 34.24999999999998579, 28.24999999999999645, 78.50196847342608919 ) ) ;
#2928 = CARTESIAN_POINT ( 'NONE',  ( 50.44999999999998153, 35.45000000000000284, 8.499999999999998224 ) ) ;
#2929 = DIRECTION ( 'NONE',  ( -0.000000000000000000, -0.000000000000000000, 1.000000000000000000 ) ) ;
#2930 = ORIENTED_EDGE ( 'NONE', *, *, #7017, .F. ) ;
#2931 = ADVANCED_FACE ( 'NONE', ( #1954 ), #1037, .F. ) ;
#2932 = VECTOR ( 'NONE', #1263, 1000.000000000000000 ) ;
#2933 = LINE ( 'NONE', #4041, #10795 ) ;
#2934 = VERTEX_POINT ( 'NONE', #910 ) ;
#2935 = CARTESIAN_POINT ( 'NONE',  ( 71.88799999999999102, 69.74999999999998579, -67.93053710242747911 ) ) ;
#2936 = ORIENTED_EDGE ( 'NONE', *, *, #10858, .T. ) ;
#2937 = CARTESIAN_POINT ( 'NONE',  ( 53.14999999999999147, 24.49999999999999289, 6.499999999999996447 ) ) ;
#2938 = VERTEX_POINT ( 'NONE', #8906 ) ;
#2939 = VECTOR ( 'NONE', #4642, 1000.000000000000000 ) ;
#2940 = FACE_OUTER_BOUND ( 'NONE', #9134, .T. ) ;
#2941 = CARTESIAN_POINT ( 'NONE',  ( 57.64999999999999147, 24.49999999999999289, 6.499999999999999112 ) ) ;
#2942 = LINE ( 'NONE', #9113, #5443 ) ;
#2943 = ORIENTED_EDGE ( 'NONE', *, *, #4579, .F. ) ;
#2944 = VECTOR ( 'NONE', #10841, 1000.000000000000000 ) ;
#2945 = CARTESIAN_POINT ( 'NONE',  ( 63.64999999999998437, 24.49999999999997158, 6.499999999999999112 ) ) ;
#2946 = CIRCLE ( 'NONE', #4611, 1.250000000000001110 ) ;
#2947 = ADVANCED_FACE ( 'NONE', ( #12827 ), #2073, .F. ) ;
#2948 = LINE ( 'NONE', #4907, #9979 ) ;
#2949 = VERTEX_POINT ( 'NONE', #2020 ) ;
#2950 = LINE ( 'NONE', #7762, #11431 ) ;
#2951 = ORIENTED_EDGE ( 'NONE', *, *, #10542, .F. ) ;
#2952 = CARTESIAN_POINT ( 'NONE',  ( 0.000000000000000000, 0.000000000000000000, 4.999999999999998224 ) ) ;
#2953 = VERTEX_POINT ( 'NONE', #5856 ) ;
#2954 = VERTEX_POINT ( 'NONE', #12886 ) ;
#2955 = DIRECTION ( 'NONE',  ( 0.000000000000000000, 0.000000000000000000, 1.000000000000000000 ) ) ;
#2956 = AXIS2_PLACEMENT_3D ( 'NONE', #4011, #11822, #4741 ) ;
#2957 = AXIS2_PLACEMENT_3D ( 'NONE', #5972, #8163, #9927 ) ;
#2958 = DIRECTION ( 'NONE',  ( -1.000000000000000000, 0.000000000000000000, 0.000000000000000000 ) ) ;
#2959 = CARTESIAN_POINT ( 'NONE',  ( 43.19999999999998153, 36.45000000000000284, 4.999999999999998224 ) ) ;
#2960 = LINE ( 'NONE', #11812, #8181 ) ;
#2961 = CARTESIAN_POINT ( 'NONE',  ( 65.75000043999999377, 50.24999999999999289, 5.925518941756209301 ) ) ;
#2962 = DIRECTION ( 'NONE',  ( 0.000000000000000000, 0.000000000000000000, -1.000000000000000000 ) ) ;
#2963 = ORIENTED_EDGE ( 'NONE', *, *, #2114, .F. ) ;
#2964 = AXIS2_PLACEMENT_3D ( 'NONE', #4170, #11066, #8124 ) ;
#2965 = ORIENTED_EDGE ( 'NONE', *, *, #5544, .T. ) ;
#2966 = EDGE_LOOP ( 'NONE', ( #731, #3994, #6409, #10614 ) ) ;
#2967 = DIRECTION ( 'NONE',  ( -1.000000000000000000, 0.000000000000000000, 0.000000000000000000 ) ) ;
#2968 = DIRECTION ( 'NONE',  ( 1.000000000000000000, 0.000000000000000000, 0.000000000000000000 ) ) ;
#2969 = ORIENTED_EDGE ( 'NONE', *, *, #10526, .T. ) ;
#2970 = ORIENTED_EDGE ( 'NONE', *, *, #9842, .T. ) ;
#2971 = CARTESIAN_POINT ( 'NONE',  ( 70.09999999999999432, 73.00000000000000000, 6.499999999999999112 ) ) ;
#2972 = VECTOR ( 'NONE', #8902, 1000.000000000000000 ) ;
#2973 = LINE ( 'NONE', #969, #12378 ) ;
#2974 = AXIS2_PLACEMENT_3D ( 'NONE', #8112, #2075, #7081 ) ;
#2975 = CARTESIAN_POINT ( 'NONE',  ( 29.00000000000000000, 29.00000000000000000, -8.535533905932741305 ) ) ;
#2976 = DIRECTION ( 'NONE',  ( 0.000000000000000000, 0.000000000000000000, 1.000000000000000000 ) ) ;
#2977 = EDGE_CURVE ( 'NONE', #4705, #6466, #10600, .T. ) ;
#2978 = DIRECTION ( 'NONE',  ( -0.000000000000000000, 0.000000000000000000, 1.000000000000000000 ) ) ;
#2979 = CARTESIAN_POINT ( 'NONE',  ( 76.89999999999999147, 39.40749664306598987, 3.323999333381999488 ) ) ;
#2980 = CIRCLE ( 'NONE', #12135, 1.000000000000000888 ) ;
#2981 = DIRECTION ( 'NONE',  ( -1.000000000000000000, 0.000000000000000000, -0.000000000000000000 ) ) ;
#2982 = LINE ( 'NONE', #5065, #4087 ) ;
#2983 = ORIENTED_EDGE ( 'NONE', *, *, #1807, .F. ) ;
#2984 = EDGE_CURVE ( 'NONE', #2814, #2954, #3125, .T. ) ;
#2985 = EDGE_CURVE ( 'NONE', #893, #3442, #7079, .T. ) ;
#2986 = DIRECTION ( 'NONE',  ( -1.000000000000000000, 0.000000000000000000, 0.000000000000000000 ) ) ;
#2987 = DIRECTION ( 'NONE',  ( -1.000000000000000000, 0.000000000000000000, 0.000000000000000000 ) ) ;
#2988 = ORIENTED_EDGE ( 'NONE', *, *, #1223, .F. ) ;
#2989 = DIRECTION ( 'NONE',  ( 1.531339326913906801E-32, -1.178480622266852710E-16, -1.000000000000000000 ) ) ;
#2990 = EDGE_LOOP ( 'NONE', ( #9720, #4217, #5640, #3495 ) ) ;
#2991 = CIRCLE ( 'NONE', #3618, 1.250000000000001110 ) ;
#2992 = ADVANCED_FACE ( 'NONE', ( #6040 ), #5068, .F. ) ;
#2993 = AXIS2_PLACEMENT_3D ( 'NONE', #7246, #1195, #7183 ) ;
#2994 = EDGE_CURVE ( 'NONE', #3539, #8351, #9032, .T. ) ;
#2995 = VECTOR ( 'NONE', #240, 1000.000000000000000 ) ;
#2996 = EDGE_CURVE ( 'NONE', #8032, #1323, #4819, .T. ) ;
#2997 = CARTESIAN_POINT ( 'NONE',  ( 26.10000000000000497, 29.00000000000000000, 9.499999999999991118 ) ) ;
#2998 = ORIENTED_EDGE ( 'NONE', *, *, #3487, .T. ) ;
#2999 = LINE ( 'NONE', #6116, #5905 ) ;
#3000 = ORIENTED_EDGE ( 'NONE', *, *, #6010, .F. ) ;
#3001 = CIRCLE ( 'NONE', #714, 3.000000000000002665 ) ;
#3002 = AXIS2_PLACEMENT_3D ( 'NONE', #5037, #4266, #8216 ) ;
#3003 = CARTESIAN_POINT ( 'NONE',  ( 26.10000000000000497, 73.00000000000000000, 6.499999999999999112 ) ) ;
#3004 = ORIENTED_EDGE ( 'NONE', *, *, #6649, .F. ) ;
#3005 = AXIS2_PLACEMENT_3D ( 'NONE', #1711, #7564, #9520 ) ;
#3006 = LINE ( 'NONE', #8, #12678 ) ;
#3007 = DIRECTION ( 'NONE',  ( 0.000000000000000000, -0.000000000000000000, -1.000000000000000000 ) ) ;
#3008 = VECTOR ( 'NONE', #2041, 1000.000000000000000 ) ;
#3009 = DIRECTION ( 'NONE',  ( -1.000000000000000000, -0.000000000000000000, -0.000000000000000000 ) ) ;
#3010 = ORIENTED_EDGE ( 'NONE', *, *, #4972, .T. ) ;
#3011 = AXIS2_PLACEMENT_3D ( 'NONE', #8614, #1656, #744 ) ;
#3012 = DIRECTION ( 'NONE',  ( 0.000000000000000000, 0.000000000000000000, -1.000000000000000000 ) ) ;
#3013 = APPROVAL_PERSON_ORGANIZATION ( #7738, #157, #4628 ) ;
#3014 = LINE ( 'NONE', #10087, #12453 ) ;
#3015 = VECTOR ( 'NONE', #1107, 1000.000000000000000 ) ;
#3016 = VERTEX_POINT ( 'NONE', #12756 ) ;
#3017 = DIRECTION ( 'NONE',  ( 0.000000000000000000, 0.000000000000000000, -1.000000000000000000 ) ) ;
#3018 = ORIENTED_EDGE ( 'NONE', *, *, #11092, .T. ) ;
#3019 = DIRECTION ( 'NONE',  ( -0.000000000000000000, -0.000000000000000000, -1.000000000000000000 ) ) ;
#3020 = VERTEX_POINT ( 'NONE', #11785 ) ;
#3021 = ORIENTED_EDGE ( 'NONE', *, *, #12857, .T. ) ;
#3022 = CARTESIAN_POINT ( 'NONE',  ( 49.44999999999997442, 25.75000000000000000, 6.499999999999999112 ) ) ;
#3023 = CIRCLE ( 'NONE', #2406, 1.500000000000001332 ) ;
#3024 = LINE ( 'NONE', #4000, #4788 ) ;
#3025 = EDGE_LOOP ( 'NONE', ( #6698, #7120 ) ) ;
#3026 = CARTESIAN_POINT ( 'NONE',  ( 73.75000000000000000, 70.25000000000000000, 12.49999999999999645 ) ) ;
#3027 = AXIS2_PLACEMENT_3D ( 'NONE', #11976, #6177, #7217 ) ;
#3028 = CARTESIAN_POINT ( 'NONE',  ( 73.75000000000000000, 70.25000000000000000, 0.000000000000000000 ) ) ;
#3029 = CARTESIAN_POINT ( 'NONE',  ( 63.64999999999998437, 24.29999999999999361, 0.5253709514437902017 ) ) ;
#3030 = AXIS2_PLACEMENT_3D ( 'NONE', #11645, #2656, #6624 ) ;
#3031 = FACE_OUTER_BOUND ( 'NONE', #11675, .T. ) ;
#3032 = ORIENTED_EDGE ( 'NONE', *, *, #7082, .T. ) ;
#3033 = VECTOR ( 'NONE', #679, 1000.000000000000000 ) ;
#3034 = VERTEX_POINT ( 'NONE', #2869 ) ;
#3035 = ORIENTED_EDGE ( 'NONE', *, *, #1714, .T. ) ;
#3036 = DIRECTION ( 'NONE',  ( 1.000000000000000000, 0.000000000000000000, 0.000000000000000000 ) ) ;
#3037 = AXIS2_PLACEMENT_3D ( 'NONE', #7453, #12211, #3362 ) ;
#3038 = DIRECTION ( 'NONE',  ( -1.000000000000000000, 0.000000000000000000, 0.000000000000000000 ) ) ;
#3039 = ORIENTED_EDGE ( 'NONE', *, *, #1715, .T. ) ;
#3040 = ADVANCED_FACE ( 'NONE', ( #2332 ), #11244, .F. ) ;
#3041 = CARTESIAN_POINT ( 'NONE',  ( 76.16702747273642160, 40.12163948592027651, 5.924041587756089520E-15 ) ) ;
#3042 = DIRECTION ( 'NONE',  ( 0.000000000000000000, 0.000000000000000000, -1.000000000000000000 ) ) ;
#3043 = LINE ( 'NONE', #7010, #6726 ) ;
#3044 = VECTOR ( 'NONE', #4482, 1000.000000000000000 ) ;
#3045 = CARTESIAN_POINT ( 'NONE',  ( 63.14999999999998437, 25.75000000000000000, 5.999999999999999112 ) ) ;
#3046 = VECTOR ( 'NONE', #785, 1000.000000000000000 ) ;
#3047 = DIRECTION ( 'NONE',  ( 0.7071067811865597852, -0.7071067811865352493, 0.000000000000000000 ) ) ;
#3048 = VECTOR ( 'NONE', #8004, 1000.000000000000114 ) ;
#3049 = DIRECTION ( 'NONE',  ( -1.000000000000000000, 0.000000000000000000, 0.000000000000000000 ) ) ;
#3050 = LINE ( 'NONE', #6035, #10590 ) ;
#3051 = CYLINDRICAL_SURFACE ( 'NONE', #8183, 1.250000000000001110 ) ;
#3052 = DIRECTION ( 'NONE',  ( 1.000000000000000000, 0.000000000000000000, 0.000000000000000000 ) ) ;
#3053 = VERTEX_POINT ( 'NONE', #6376 ) ;
#3054 = CARTESIAN_POINT ( 'NONE',  ( 39.24999955999999912, 39.24999955999999912, -1.500000000000000000 ) ) ;
#3055 = FACE_OUTER_BOUND ( 'NONE', #10222, .T. ) ;
#3056 = DIRECTION ( 'NONE',  ( -0.000000000000000000, -0.000000000000000000, 1.000000000000000000 ) ) ;
#3057 = ORIENTED_EDGE ( 'NONE', *, *, #8140, .T. ) ;
#3058 = EDGE_CURVE ( 'NONE', #7315, #12512, #11655, .T. ) ;
#3059 = EDGE_CURVE ( 'NONE', #4572, #4448, #10397, .T. ) ;
#3060 = EDGE_CURVE ( 'NONE', #1468, #11311, #9299, .T. ) ;
#3061 = DIRECTION ( 'NONE',  ( 1.000000000000000000, 0.000000000000000000, 0.000000000000000000 ) ) ;
#3062 = ORIENTED_EDGE ( 'NONE', *, *, #7323, .T. ) ;
#3063 = CARTESIAN_POINT ( 'NONE',  ( 70.44999999999997442, 58.19999999999998863, 4.999999999999998224 ) ) ;
#3064 = ORIENTED_EDGE ( 'NONE', *, *, #8233, .F. ) ;
#3065 = CARTESIAN_POINT ( 'NONE',  ( 24.30000000000000071, 73.69999999999998863, -4.499999999999993783 ) ) ;
#3066 = EDGE_LOOP ( 'NONE', ( #4510, #10838, #2088, #8929 ) ) ;
#3067 = DIRECTION ( 'NONE',  ( 0.000000000000000000, 0.000000000000000000, -1.000000000000000000 ) ) ;
#3068 = DIRECTION ( 'NONE',  ( 0.000000000000000000, 0.000000000000000000, 1.000000000000000000 ) ) ;
#3069 = EDGE_CURVE ( 'NONE', #11279, #10497, #5195, .T. ) ;
#3070 = EDGE_CURVE ( 'NONE', #11607, #10196, #9158, .T. ) ;
#3071 = CARTESIAN_POINT ( 'NONE',  ( 72.44999999999997442, 53.94999999999999574, 6.499999999999999112 ) ) ;
#3072 = EDGE_CURVE ( 'NONE', #12254, #11876, #1427, .T. ) ;
#3073 = DIRECTION ( 'NONE',  ( 0.000000000000000000, -0.000000000000000000, -1.000000000000000000 ) ) ;
#3074 = EDGE_CURVE ( 'NONE', #7880, #1921, #11022, .T. ) ;
#3075 = VERTEX_POINT ( 'NONE', #3181 ) ;
#3076 = DIRECTION ( 'NONE',  ( -0.7071067811865474617, -0.7071067811865474617, 0.000000000000000000 ) ) ;
#3077 = CARTESIAN_POINT ( 'NONE',  ( 73.43999999999998352, 65.71099999999999852, 35.97994811066136833 ) ) ;
#3078 = VERTEX_POINT ( 'NONE', #5388 ) ;
#3079 = LINE ( 'NONE', #9257, #11115 ) ;
#3080 = VECTOR ( 'NONE', #1823, 1000.000000000000000 ) ;
#3081 = ORIENTED_EDGE ( 'NONE', *, *, #12461, .F. ) ;
#3082 = LINE ( 'NONE', #7047, #8827 ) ;
#3083 = ORIENTED_EDGE ( 'NONE', *, *, #12294, .F. ) ;
#3084 = ORIENTED_EDGE ( 'NONE', *, *, #6074, .F. ) ;
#3085 = DIRECTION ( 'NONE',  ( 0.000000000000000000, 0.000000000000000000, -1.000000000000000000 ) ) ;
#3086 = ORIENTED_EDGE ( 'NONE', *, *, #10579, .F. ) ;
#3087 = CARTESIAN_POINT ( 'NONE',  ( 52.94999999999997442, 25.74999999999999645, 8.499999999999996447 ) ) ;
#3088 = ADVANCED_FACE ( 'NONE', ( #9361, #1286 ), #9091, .F. ) ;
#3089 = DIRECTION ( 'NONE',  ( -1.000000000000000000, 0.000000000000000000, 0.000000000000000000 ) ) ;
#3090 = CARTESIAN_POINT ( 'NONE',  ( 28.24999999999999645, 70.25000000000000000, 0.000000000000000000 ) ) ;
#3091 = DIRECTION ( 'NONE',  ( -0.000000000000000000, -0.000000000000000000, 1.000000000000000000 ) ) ;
#3092 = VECTOR ( 'NONE', #7678, 1000.000000000000000 ) ;
#3093 = ORIENTED_EDGE ( 'NONE', *, *, #8083, .T. ) ;
#3094 = ORIENTED_EDGE ( 'NONE', *, *, #9176, .T. ) ;
#3095 = VERTEX_POINT ( 'NONE', #2210 ) ;
#3096 = CYLINDRICAL_SURFACE ( 'NONE', #328, 0.5000000000000004441 ) ;
#3097 = CARTESIAN_POINT ( 'NONE',  ( 27.35000000000000142, 32.25000000000000000, -1.599999999999997202 ) ) ;
#3098 = EDGE_LOOP ( 'NONE', ( #2207, #544, #4725, #10026 ) ) ;
#3099 = DIRECTION ( 'NONE',  ( -1.000000000000000000, 0.000000000000000000, 0.000000000000000000 ) ) ;
#3100 = DIRECTION ( 'NONE',  ( -1.000000000000000000, 0.000000000000000000, 0.000000000000000000 ) ) ;
#3101 = AXIS2_PLACEMENT_3D ( 'NONE', #7534, #10592, #5723 ) ;
#3102 = DIRECTION ( 'NONE',  ( 1.000000000000000000, 0.000000000000000000, 0.000000000000000000 ) ) ;
#3103 = B_SPLINE_CURVE_WITH_KNOTS ( 'NONE', 3,
 ( #11088, #9275, #7119, #1335 ),
 .UNSPECIFIED., .F., .F.,
 ( 4, 4 ),
 ( 0.0001898022375253258069, 0.0009805328354901272740 ),
 .UNSPECIFIED. ) ;
#3104 = FACE_OUTER_BOUND ( 'NONE', #7630, .T. ) ;
#3105 = FACE_OUTER_BOUND ( 'NONE', #8538, .T. ) ;
#3106 = LINE ( 'NONE', #8841, #11137 ) ;
#3107 = ADVANCED_FACE ( 'NONE', ( #12165 ), #12096, .T. ) ;
#3108 = CARTESIAN_POINT ( 'NONE',  ( 30.24999999999998579, 71.75000000000000000, -4.000000000000003553 ) ) ;
#3109 = CIRCLE ( 'NONE', #2908, 1.599999999999993872 ) ;
#3110 = CARTESIAN_POINT ( 'NONE',  ( 73.00000000000000000, 29.00000000000000000, -8.535533905932741305 ) ) ;
#3111 = DIRECTION ( 'NONE',  ( 0.000000000000000000, 0.000000000000000000, 1.000000000000000000 ) ) ;
#3112 = ORIENTED_EDGE ( 'NONE', *, *, #6812, .F. ) ;
#3113 = DIRECTION ( 'NONE',  ( -0.000000000000000000, -0.000000000000000000, -1.000000000000000000 ) ) ;
#3114 = CARTESIAN_POINT ( 'NONE',  ( 34.74999955999999202, 51.75000000000000000, -4.000000000000000000 ) ) ;
#3115 = CYLINDRICAL_SURFACE ( 'NONE', #6929, 1.000000000000000888 ) ;
#3116 = VECTOR ( 'NONE', #11252, 1000.000000000000000 ) ;
#3117 = AXIS2_PLACEMENT_3D ( 'NONE', #4697, #7669, #2734 ) ;
#3118 = AXIS2_PLACEMENT_3D ( 'NONE', #8875, #11804, #3741 ) ;
#3119 = DIRECTION ( 'NONE',  ( 1.000000000000000000, 0.000000000000000000, 0.000000000000000000 ) ) ;
#3120 = CARTESIAN_POINT ( 'NONE',  ( 68.75000000000000000, 41.94999999999998863, -7.999999999999998224 ) ) ;
#3121 = ORIENTED_EDGE ( 'NONE', *, *, #6564, .F. ) ;
#3122 = CARTESIAN_POINT ( 'NONE',  ( 72.09900000000000375, 63.67200000000001836, -3.000000000000000000 ) ) ;
#3123 = AXIS2_PLACEMENT_3D ( 'NONE', #9733, #817, #2711 ) ;
#3124 = VERTEX_POINT ( 'NONE', #2465 ) ;
#3125 = CIRCLE ( 'NONE', #426, 1.500000000000000000 ) ;
#3126 = DIRECTION ( 'NONE',  ( 0.000000000000000000, -1.000000000000000000, -0.000000000000000000 ) ) ;
#3127 = ORIENTED_EDGE ( 'NONE', *, *, #9744, .F. ) ;
#3128 = CYLINDRICAL_SURFACE ( 'NONE', #6279, 1.500000000000000000 ) ;
#3129 = CARTESIAN_POINT ( 'NONE',  ( 58.64999999999999147, 24.29999999999999361, 5.999999999999999112 ) ) ;
#3130 = EDGE_CURVE ( 'NONE', #1851, #3975, #12693, .T. ) ;
#3131 = DIRECTION ( 'NONE',  ( 0.000000000000000000, 0.000000000000000000, -1.000000000000000000 ) ) ;
#3132 = ORIENTED_EDGE ( 'NONE', *, *, #4419, .T. ) ;
#3133 = DIRECTION ( 'NONE',  ( 0.000000000000000000, -0.000000000000000000, 1.000000000000000000 ) ) ;
#3134 = CIRCLE ( 'NONE', #6882, 1.500000000000001332 ) ;
#3135 = ORIENTED_EDGE ( 'NONE', *, *, #9812, .T. ) ;
#3136 = CARTESIAN_POINT ( 'NONE',  ( 63.64999999999998437, 24.29999999999999361, 0.5253709514437902017 ) ) ;
#3137 = DIRECTION ( 'NONE',  ( -1.299418334065024873E-16, 1.000000000000000000, 0.000000000000000000 ) ) ;
#3138 = EDGE_CURVE ( 'NONE', #8425, #5801, #5136, .T. ) ;
#3139 = VERTEX_POINT ( 'NONE', #4153 ) ;
#3140 = LINE ( 'NONE', #2099, #7983 ) ;
#3141 = ORIENTED_EDGE ( 'NONE', *, *, #3635, .F. ) ;
#3142 = LINE ( 'NONE', #7104, #11326 ) ;
#3143 = VERTEX_POINT ( 'NONE', #8110 ) ;
#3144 = ORIENTED_EDGE ( 'NONE', *, *, #11582, .T. ) ;
#3145 = EDGE_CURVE ( 'NONE', #9569, #2520, #1220, .T. ) ;
#3146 = AXIS2_PLACEMENT_3D ( 'NONE', #10359, #9389, #6591 ) ;
#3147 = EDGE_CURVE ( 'NONE', #1566, #6460, #10126, .T. ) ;
#3148 = CARTESIAN_POINT ( 'NONE',  ( 62.75000043999999377, 65.75000043999999377, -4.000000000000000000 ) ) ;
#3149 = ORIENTED_EDGE ( 'NONE', *, *, #11506, .T. ) ;
#3150 = AXIS2_PLACEMENT_3D ( 'NONE', #5155, #9899, #1116 ) ;
#3151 = CARTESIAN_POINT ( 'NONE',  ( 36.24999955999999912, 62.75000043999999377, -3.100000000000000533 ) ) ;
#3152 = CARTESIAN_POINT ( 'NONE',  ( 50.24999999999999289, 28.85000000000000853, -3.099999999999998757 ) ) ;
#3153 = FACE_OUTER_BOUND ( 'NONE', #4524, .T. ) ;
#3154 = ADVANCED_FACE ( 'NONE', ( #6234 ), #10192, .T. ) ;
#3155 = EDGE_CURVE ( 'NONE', #2954, #127, #12230, .T. ) ;
#3156 = DIRECTION ( 'NONE',  ( -1.299418334065024873E-16, 1.000000000000000000, 0.000000000000000000 ) ) ;
#3157 = EDGE_CURVE ( 'NONE', #5893, #3807, #773, .T. ) ;
#3158 = ORIENTED_EDGE ( 'NONE', *, *, #2985, .F. ) ;
#3159 = ORIENTED_EDGE ( 'NONE', *, *, #11503, .F. ) ;
#3160 = AXIS2_PLACEMENT_3D ( 'NONE', #11504, #12483, #8373 ) ;
#3161 = DIRECTION ( 'NONE',  ( 0.000000000000000000, 1.000000000000000000, 8.031127203596367580E-17 ) ) ;
#3162 = ORIENTED_EDGE ( 'NONE', *, *, #12861, .T. ) ;
#3163 = ORIENTED_EDGE ( 'NONE', *, *, #6171, .F. ) ;
#3165 = CARTESIAN_POINT ( 'NONE',  ( 72.75000000000000000, 70.25000000000000000, 78.50196847342608919 ) ) ;
#3164 = AXIS2_PLACEMENT_3D ( 'NONE', #11268, #9251, #6623 ) ;
#3166 = DIRECTION ( 'NONE',  ( -1.000000000000000000, 0.000000000000000000, 0.000000000000000000 ) ) ;
#3167 = CARTESIAN_POINT ( 'NONE',  ( 58.64999999999999147, 24.49999999999999289, 0.02537095144379032663 ) ) ;
#3168 = CARTESIAN_POINT ( 'NONE',  ( 42.69999999999998153, 37.95000000000000284, 4.999999999999998224 ) ) ;
#3169 = DIRECTION ( 'NONE',  ( 0.000000000000000000, 0.000000000000000000, -1.000000000000000000 ) ) ;
#3170 = ADVANCED_FACE ( 'NONE', ( #573 ), #1385, .T. ) ;
#3171 = CARTESIAN_POINT ( 'NONE',  ( 53.25000000000000000, 67.25000043999999377, 5.925518941756209301 ) ) ;
#3172 = VECTOR ( 'NONE', #8038, 1000.000000000000000 ) ;
#3173 = DIRECTION ( 'NONE',  ( -1.000000000000000000, 0.000000000000000000, 0.000000000000000000 ) ) ;
#3174 = ORIENTED_EDGE ( 'NONE', *, *, #11671, .T. ) ;
#3175 = CARTESIAN_POINT ( 'NONE',  ( 77.69999999999998863, 73.69999999999998863, 9.500000000000005329 ) ) ;
#3176 = PLANE ( 'NONE',  #300 ) ;
#3177 = DIRECTION ( 'NONE',  ( -1.000000000000000000, 0.000000000000000000, 0.000000000000000000 ) ) ;
#3178 = ORIENTED_EDGE ( 'NONE', *, *, #11494, .F. ) ;
#3179 = CIRCLE ( 'NONE', #10444, 1.500000000000001332 ) ;
#3180 = ORIENTED_EDGE ( 'NONE', *, *, #6712, .F. ) ;
#3181 = CARTESIAN_POINT ( 'NONE',  ( 25.74999999999999289, 55.74999999999999289, 2.100000659999999630 ) ) ;
#3182 = DIRECTION ( 'NONE',  ( -0.000000000000000000, 0.000000000000000000, -1.000000000000000000 ) ) ;
#3183 = CARTESIAN_POINT ( 'NONE',  ( 74.25000000000000000, 29.00000000000000000, -8.535533905932741305 ) ) ;
#3184 = EDGE_CURVE ( 'NONE', #4183, #9839, #5648, .T. ) ;
#3185 = AXIS2_PLACEMENT_3D ( 'NONE', #780, #7726, #8156 ) ;
#3186 = VECTOR ( 'NONE', #7470, 1000.000000000000000 ) ;
#3187 = DIRECTION ( 'NONE',  ( 0.000000000000000000, -0.000000000000000000, 1.000000000000000000 ) ) ;
#3188 = FACE_OUTER_BOUND ( 'NONE', #11067, .T. ) ;
#3189 = DIRECTION ( 'NONE',  ( 3.700743415417189125E-16, -1.000000000000000000, 0.000000000000000000 ) ) ;
#3190 = ORIENTED_EDGE ( 'NONE', *, *, #11848, .F. ) ;
#3191 = PLANE ( 'NONE',  #7547 ) ;
#3192 = ORIENTED_EDGE ( 'NONE', *, *, #10381, .T. ) ;
#3193 = CARTESIAN_POINT ( 'NONE',  ( 73.69999999999998863, 73.69999999999998863, -5.000000000000000000 ) ) ;
#3194 = ORIENTED_EDGE ( 'NONE', *, *, #11548, .F. ) ;
#3195 = EDGE_CURVE ( 'NONE', #593, #12567, #5583, .T. ) ;
#3196 = DIRECTION ( 'NONE',  ( 0.000000000000000000, 1.000000000000000000, 0.000000000000000000 ) ) ;
#3197 = FACE_OUTER_BOUND ( 'NONE', #2686, .T. ) ;
#3198 = AXIS2_PLACEMENT_3D ( 'NONE', #10709, #10638, #6672 ) ;
#3199 = PLANE ( 'NONE',  #2343 ) ;
#3200 = EDGE_CURVE ( 'NONE', #5027, #7029, #12673, .T. ) ;
#3201 = ORIENTED_EDGE ( 'NONE', *, *, #2757, .F. ) ;
#3202 = AXIS2_PLACEMENT_3D ( 'NONE', #9619, #7607, #4756 ) ;
#3203 = DIRECTION ( 'NONE',  ( 0.000000000000000000, 1.000000000000000000, 0.000000000000000000 ) ) ;
#3204 = ORIENTED_EDGE ( 'NONE', *, *, #10134, .F. ) ;
#3205 = DIRECTION ( 'NONE',  ( 1.000000000000000000, 0.000000000000000000, 0.000000000000000000 ) ) ;
#3206 = LINE ( 'NONE', #79, #1218 ) ;
#3207 = AXIS2_PLACEMENT_3D ( 'NONE', #11564, #2572, #433 ) ;
#3208 = AXIS2_PLACEMENT_3D ( 'NONE', #8607, #800, #12590 ) ;
#3209 = ORIENTED_EDGE ( 'NONE', *, *, #4986, .F. ) ;
#3210 = LINE ( 'NONE', #6198, #4471 ) ;
#3211 = ORIENTED_EDGE ( 'NONE', *, *, #2117, .T. ) ;
#3212 = DIRECTION ( 'NONE',  ( 0.000000000000000000, 0.7071067811865524577, 0.7071067811865426878 ) ) ;
#3213 = ORIENTED_EDGE ( 'NONE', *, *, #7752, .T. ) ;
#3214 = AXIS2_PLACEMENT_3D ( 'NONE', #7210, #2518, #4345 ) ;
#3215 = EDGE_LOOP ( 'NONE', ( #12544, #10558, #206, #10563 ) ) ;
#3216 = ORIENTED_EDGE ( 'NONE', *, *, #9193, .T. ) ;
#3217 = DIRECTION ( 'NONE',  ( 0.000000000000000000, 0.000000000000000000, -1.000000000000000000 ) ) ;
#3218 = EDGE_CURVE ( 'NONE', #6527, #9480, #6378, .T. ) ;
#3219 = AXIS2_PLACEMENT_3D ( 'NONE', #9566, #7745, #8471 ) ;
#3220 = VECTOR ( 'NONE', #4899, 1000.000000000000000 ) ;
#3221 = CARTESIAN_POINT ( 'NONE',  ( 71.99999999999998579, 31.67905841137542922, 0.000000000000000000 ) ) ;
#3222 = CIRCLE ( 'NONE', #6754, 2.500000000000002220 ) ;
#3223 = CARTESIAN_POINT ( 'NONE',  ( 62.75000043999999377, 64.25000043999999377, -4.499999999999992895 ) ) ;
#3224 = DIRECTION ( 'NONE',  ( 1.299418334065024873E-16, -1.000000000000000000, 0.000000000000000000 ) ) ;
#3225 = ADVANCED_FACE ( 'NONE', ( #1615 ), #698, .F. ) ;
#3226 = CARTESIAN_POINT ( 'NONE',  ( 69.94999999999997442, 57.69999999999998863, 8.499999999999998224 ) ) ;
#3227 = EDGE_CURVE ( 'NONE', #6187, #9179, #3768, .T. ) ;
#3228 = EDGE_LOOP ( 'NONE', ( #7953, #7347, #9206, #4226 ) ) ;
#3229 = EDGE_CURVE ( 'NONE', #3812, #11541, #8449, .T. ) ;
#3230 = ORIENTED_EDGE ( 'NONE', *, *, #356, .T. ) ;
#3231 = AXIS2_PLACEMENT_3D ( 'NONE', #12439, #3625, #11565 ) ;
#3232 = FACE_OUTER_BOUND ( 'NONE', #1811, .T. ) ;
#3233 = ORIENTED_EDGE ( 'NONE', *, *, #5050, .T. ) ;
#3234 = VERTEX_POINT ( 'NONE', #7528 ) ;
#3235 = LINE ( 'NONE', #3298, #4709 ) ;
#3236 = CARTESIAN_POINT ( 'NONE',  ( 59.94999999999998863, 24.29999999999999361, 5.999999999999998224 ) ) ;
#3237 = EDGE_CURVE ( 'NONE', #391, #9507, #8655, .T. ) ;
#3238 = ADVANCED_FACE ( 'NONE', ( #7718 ), #11702, .F. ) ;
#3239 = DIRECTION ( 'NONE',  ( 0.000000000000000000, -1.000000000000000000, 0.000000000000000000 ) ) ;
#3240 = EDGE_CURVE ( 'NONE', #3477, #644, #8505, .T. ) ;
#3241 = PLANE ( 'NONE',  #253 ) ;
#3242 = EDGE_CURVE ( 'NONE', #3666, #7465, #7654, .T. ) ;
#3243 = EDGE_CURVE ( 'NONE', #4849, #2234, #2722, .T. ) ;
#3244 = DIRECTION ( 'NONE',  ( 0.000000000000000000, -0.7071067811865467956, -0.7071067811865483499 ) ) ;
#3245 = EDGE_CURVE ( 'NONE', #1810, #12708, #9694, .T. ) ;
#3246 = CARTESIAN_POINT ( 'NONE',  ( 77.19999999999998863, 0.000000000000000000, 9.999999999999998224 ) ) ;
#3247 = FACE_BOUND ( 'NONE', #1219, .T. ) ;
#3248 = VECTOR ( 'NONE', #12874, 1000.000000000000000 ) ;
#3249 = ORIENTED_EDGE ( 'NONE', *, *, #10225, .T. ) ;
#3251 = CARTESIAN_POINT ( 'NONE',  ( 53.64999999999999147, 24.29999999999999361, 0.5253709514437873151 ) ) ;
#3250 = AXIS2_PLACEMENT_3D ( 'NONE', #9283, #12338, #361 ) ;
#3252 = DIRECTION ( 'NONE',  ( 1.000000000000000000, 0.000000000000000000, 0.000000000000000000 ) ) ;
#3253 = CIRCLE ( 'NONE', #3030, 1.500000000000001332 ) ;
#3254 = LINE ( 'NONE', #8307, #8025 ) ;
#3255 = ORIENTED_EDGE ( 'NONE', *, *, #838, .T. ) ;
#3256 = ORIENTED_EDGE ( 'NONE', *, *, #9572, .T. ) ;
#3257 = DIRECTION ( 'NONE',  ( -0.000000000000000000, -1.000000000000000000, -0.000000000000000000 ) ) ;
#3258 = DIRECTION ( 'NONE',  ( 0.000000000000000000, -0.7071067811865431318, -0.7071067811865517916 ) ) ;
#3259 = VECTOR ( 'NONE', #9013, 1000.000000000000000 ) ;
#3260 = CARTESIAN_POINT ( 'NONE',  ( 29.00000000000000000, 29.00000000000000000, 0.000000000000000000 ) ) ;
#3261 = VECTOR ( 'NONE', #12698, 1000.000000000000000 ) ;
#3262 = VERTEX_POINT ( 'NONE', #12426 ) ;
#3263 = CARTESIAN_POINT ( 'NONE',  ( 25.74999999999999289, 55.74999999999999289, 3.600000659999999630 ) ) ;
#3264 = CARTESIAN_POINT ( 'NONE',  ( 58.14999999999999147, 25.75000000000000000, 5.999999999999999112 ) ) ;
#3265 = ORIENTED_EDGE ( 'NONE', *, *, #3632, .F. ) ;
#3266 = FACE_OUTER_BOUND ( 'NONE', #10236, .T. ) ;
#3267 = VERTEX_POINT ( 'NONE', #1677 ) ;
#3268 = VECTOR ( 'NONE', #1827, 1000.000000000000000 ) ;
#3269 = DIRECTION ( 'NONE',  ( 1.000000000000000000, 0.000000000000000000, 0.000000000000000000 ) ) ;
#3270 = VERTEX_POINT ( 'NONE', #5717 ) ;
#3271 = DIRECTION ( 'NONE',  ( -1.000000000000000000, 0.000000000000000000, 0.000000000000000000 ) ) ;
#3272 = CARTESIAN_POINT ( 'NONE',  ( 25.74999999999999289, 47.54999999999999716, 1.100000660000000741 ) ) ;
#3273 = CARTESIAN_POINT ( 'NONE',  ( 62.64999999999998437, 24.49999999999997158, 6.499999999999999112 ) ) ;
#3274 = FACE_BOUND ( 'NONE', #10158, .T. ) ;
#3275 = CARTESIAN_POINT ( 'NONE',  ( 32.24999999999998579, 71.75000000000000000, -4.000000000000003553 ) ) ;
#3276 = VERTEX_POINT ( 'NONE', #3706 ) ;
#3277 = DIRECTION ( 'NONE',  ( 0.7071067811865451302, 0.000000000000000000, 0.7071067811865500152 ) ) ;
#3278 = ORIENTED_EDGE ( 'NONE', *, *, #1413, .T. ) ;
#3279 = DIRECTION ( 'NONE',  ( -1.000000000000000000, 0.000000000000000000, 0.000000000000000000 ) ) ;
#3280 = EDGE_CURVE ( 'NONE', #1374, #1517, #2522, .T. ) ;
#3281 = ORIENTED_EDGE ( 'NONE', *, *, #10119, .F. ) ;
#3282 = LINE ( 'NONE', #11209, #11316 ) ;
#3283 = ORIENTED_EDGE ( 'NONE', *, *, #11558, .F. ) ;
#3284 = ORIENTED_EDGE ( 'NONE', *, *, #4114, .F. ) ;
#3285 = ORIENTED_EDGE ( 'NONE', *, *, #12686, .F. ) ;
#3286 = LINE ( 'NONE', #1328, #4575 ) ;
#3287 = ADVANCED_FACE ( 'NONE', ( #10651 ), #9682, .F. ) ;
#3288 = ORIENTED_EDGE ( 'NONE', *, *, #10781, .T. ) ;
#3289 = CARTESIAN_POINT ( 'NONE',  ( 59.19999999999998153, 69.45000000000000284, 4.999999999999998224 ) ) ;
#3290 = CARTESIAN_POINT ( 'NONE',  ( 29.00000000000000000, 29.00000000000000000, 6.499999999999999112 ) ) ;
#3291 = CYLINDRICAL_SURFACE ( 'NONE', #111, 1.500000000000001332 ) ;
#3292 = DIRECTION ( 'NONE',  ( 0.000000000000000000, 0.000000000000000000, -1.000000000000000000 ) ) ;
#3293 = ORIENTED_EDGE ( 'NONE', *, *, #12696, .T. ) ;
#3294 = VERTEX_POINT ( 'NONE', #509 ) ;
#3295 = CYLINDRICAL_SURFACE ( 'NONE', #1103, 1.000000000000000888 ) ;
#3296 = VERTEX_POINT ( 'NONE', #12743 ) ;
#3297 = ORIENTED_EDGE ( 'NONE', *, *, #6967, .F. ) ;
#3298 = CARTESIAN_POINT ( 'NONE',  ( 69.79999999999999716, 70.50000000000000000, -1.600000000000004086 ) ) ;
#3299 = CARTESIAN_POINT ( 'NONE',  ( 73.14999999999997726, 53.25000000000000000, 5.925518941756209301 ) ) ;
#3300 = CARTESIAN_POINT ( 'NONE',  ( 71.75000000000000000, 73.00000000000000000, -1.600000000000000311 ) ) ;
#3301 = DIRECTION ( 'NONE',  ( -0.000000000000000000, 0.000000000000000000, 1.000000000000000000 ) ) ;
#3302 = EDGE_CURVE ( 'NONE', #10076, #3262, #11826, .T. ) ;
#3303 = DIRECTION ( 'NONE',  ( 1.000000000000000000, 0.000000000000000000, -0.000000000000000000 ) ) ;
#3304 = EDGE_CURVE ( 'NONE', #10826, #3856, #827, .T. ) ;
#3305 = DIRECTION ( 'NONE',  ( 0.000000000000000000, -0.000000000000000000, -1.000000000000000000 ) ) ;
#3306 = CARTESIAN_POINT ( 'NONE',  ( 77.69999999999998863, 73.69999999999998863, -4.499999999999993783 ) ) ;
#3307 = VERTEX_POINT ( 'NONE', #7853 ) ;
#3308 = CARTESIAN_POINT ( 'NONE',  ( 58.64999999999999147, 24.29999999999999361, -0.1746290485562078665 ) ) ;
#3309 = EDGE_CURVE ( 'NONE', #10995, #4435, #8953, .T. ) ;
#3310 = DIRECTION ( 'NONE',  ( -0.000000000000000000, -0.000000000000000000, -1.000000000000000000 ) ) ;
#3311 = EDGE_CURVE ( 'NONE', #7242, #5709, #1878, .T. ) ;
#3312 = DIRECTION ( 'NONE',  ( 1.000000000000000000, 0.000000000000000000, 0.000000000000000000 ) ) ;
#3313 = VERTEX_POINT ( 'NONE', #895 ) ;
#3314 = VECTOR ( 'NONE', #7824, 1000.000000000000000 ) ;
#3315 = AXIS2_PLACEMENT_3D ( 'NONE', #6501, #10461, #11707 ) ;
#3316 = EDGE_LOOP ( 'NONE', ( #9517, #1411, #7425, #3159 ) ) ;
#3317 = ADVANCED_FACE ( 'NONE', ( #4994 ), #6027, .F. ) ;
#3318 = CARTESIAN_POINT ( 'NONE',  ( 77.69999999999998863, 31.50749664306601261, 3.323999333381999932 ) ) ;
#3319 = CARTESIAN_POINT ( 'NONE',  ( 24.30000000000000426, 46.54999999999999716, 2.100000660000000074 ) ) ;
#3320 = DIRECTION ( 'NONE',  ( 0.000000000000000000, -1.000000000000000000, 0.000000000000000000 ) ) ;
#3321 = EDGE_CURVE ( 'NONE', #2682, #12665, #4919, .T. ) ;
#3322 = AXIS2_PLACEMENT_3D ( 'NONE', #7083, #5986, #3119 ) ;
#3323 = EDGE_CURVE ( 'NONE', #12393, #2610, #971, .T. ) ;
#3324 = ORIENTED_EDGE ( 'NONE', *, *, #1152, .F. ) ;
#3325 = LINE ( 'NONE', #1559, #9940 ) ;
#3326 = CARTESIAN_POINT ( 'NONE',  ( 73.25000000000000000, 25.84999999999999787, -1.600000000000000755 ) ) ;
#3327 = ORIENTED_EDGE ( 'NONE', *, *, #5056, .F. ) ;
#3328 = CARTESIAN_POINT ( 'NONE',  ( 24.80000000000001137, 3.222557468481261822E-15, 9.999999999999998224 ) ) ;
#3329 = ORIENTED_EDGE ( 'NONE', *, *, #2977, .F. ) ;
#3330 = CARTESIAN_POINT ( 'NONE',  ( 77.69999999999998863, 33.00749664306601261, 4.823999333381999932 ) ) ;
#3331 = ORIENTED_EDGE ( 'NONE', *, *, #9665, .F. ) ;
#3332 = DIRECTION ( 'NONE',  ( -0.000000000000000000, 0.000000000000000000, -1.000000000000000000 ) ) ;
#3333 = CARTESIAN_POINT ( 'NONE',  ( 70.25000000000000000, 76.25000000000000000, 3.404999829744057127 ) ) ;
#3334 = CIRCLE ( 'NONE', #10589, 2.899999999999999911 ) ;
#3335 = DIRECTION ( 'NONE',  ( 1.000000000000000000, -0.000000000000000000, -0.000000000000000000 ) ) ;
#3336 = FACE_OUTER_BOUND ( 'NONE', #4931, .T. ) ;
#3337 = ORIENTED_EDGE ( 'NONE', *, *, #1232, .T. ) ;
#3338 = DIRECTION ( 'NONE',  ( 0.000000000000000000, -0.000000000000000000, -1.000000000000000000 ) ) ;
#3339 = DIRECTION ( 'NONE',  ( 1.000000000000000000, 0.000000000000000000, -0.000000000000000000 ) ) ;
#3340 = AXIS2_PLACEMENT_3D ( 'NONE', #3054, #7020, #2986 ) ;
#3341 = EDGE_LOOP ( 'NONE', ( #471, #5210, #4198, #7351 ) ) ;
#3342 = CARTESIAN_POINT ( 'NONE',  ( 71.75000000000000000, 73.00000000000000000, -8.535533905932741305 ) ) ;
#3343 = ORIENTED_EDGE ( 'NONE', *, *, #4174, .T. ) ;
#3344 = DIRECTION ( 'NONE',  ( -9.188275156155080182E-17, 0.7071067811865494601, 0.7071067811865456854 ) ) ;
#3345 = ORIENTED_EDGE ( 'NONE', *, *, #11769, .T. ) ;
#3346 = ORIENTED_EDGE ( 'NONE', *, *, #7804, .T. ) ;
#3347 = EDGE_LOOP ( 'NONE', ( #5970, #7568, #7924, #4508 ) ) ;
#3348 = CARTESIAN_POINT ( 'NONE',  ( 50.24999999999999289, 65.75000043999999377, -4.000000000000000000 ) ) ;
#3349 = VECTOR ( 'NONE', #5361, 1000.000000000000000 ) ;
#3350 = VERTEX_POINT ( 'NONE', #1084 ) ;
#3351 = DIRECTION ( 'NONE',  ( 0.000000000000000000, 0.000000000000000000, -1.000000000000000000 ) ) ;
#3352 = EDGE_CURVE ( 'NONE', #10927, #4242, #5051, .T. ) ;
#3353 = DIRECTION ( 'NONE',  ( 1.000000000000000000, -0.000000000000000000, -0.000000000000000000 ) ) ;
#3354 = CARTESIAN_POINT ( 'NONE',  ( 36.24999955999999912, 62.75000043999999377, -4.000000000000000000 ) ) ;
#3355 = EDGE_LOOP ( 'NONE', ( #8568, #269, #1488, #8537 ) ) ;
#3356 = VECTOR ( 'NONE', #5948, 1000.000000000000000 ) ;
#3357 = ORIENTED_EDGE ( 'NONE', *, *, #2134, .T. ) ;
#3359 = EDGE_CURVE ( 'NONE', #2754, #673, #3675, .T. ) ;
#3358 = DIRECTION ( 'NONE',  ( -0.000000000000000000, -0.000000000000000000, 1.000000000000000000 ) ) ;
#3360 = ORIENTED_EDGE ( 'NONE', *, *, #8945, .T. ) ;
#3361 = ORIENTED_EDGE ( 'NONE', *, *, #5460, .T. ) ;
#3362 = DIRECTION ( 'NONE',  ( -1.000000000000000000, 0.000000000000000000, 0.000000000000000000 ) ) ;
#3363 = DIRECTION ( 'NONE',  ( 0.000000000000000000, -1.000000000000000000, 0.000000000000000000 ) ) ;
#3364 = VECTOR ( 'NONE', #12519, 1000.000000000000000 ) ;
#3365 = DIRECTION ( 'NONE',  ( 0.000000000000000000, 0.000000000000000000, 1.000000000000000000 ) ) ;
#3366 = PLANE ( 'NONE',  #11486 ) ;
#3367 = CARTESIAN_POINT ( 'NONE',  ( 25.84999999999998721, 73.25000000000000000, 21.50000000000000000 ) ) ;
#3368 = CYLINDRICAL_SURFACE ( 'NONE', #8392, 1.500000000000001332 ) ;
#3369 = CARTESIAN_POINT ( 'NONE',  ( 53.19999999999998153, 76.25000000000000000, 6.499999999999999112 ) ) ;
#3370 = VECTOR ( 'NONE', #2719, 1000.000000000000000 ) ;
#3371 = ORIENTED_EDGE ( 'NONE', *, *, #4443, .T. ) ;
#3372 = CIRCLE ( 'NONE', #6690, 3.000000000000002665 ) ;
#3373 = DIRECTION ( 'NONE',  ( -1.000000000000000000, 0.000000000000000000, 0.000000000000000000 ) ) ;
#3374 = CARTESIAN_POINT ( 'NONE',  ( 53.14999999999999147, 24.49999999999999289, 0.02537095144378732903 ) ) ;
#3375 = CARTESIAN_POINT ( 'NONE',  ( 0.000000000000000000, 25.75000000000000000, 4.499999999999999112 ) ) ;
#3376 = ORIENTED_EDGE ( 'NONE', *, *, #8623, .T. ) ;
#3377 = ORIENTED_EDGE ( 'NONE', *, *, #3501, .T. ) ;
#3378 = CARTESIAN_POINT ( 'NONE',  ( 53.14999999999999147, 24.29998799999999548, 0.5253709514437873151 ) ) ;
#3379 = DIRECTION ( 'NONE',  ( 0.000000000000000000, 0.000000000000000000, -1.000000000000000000 ) ) ;
#3380 = VECTOR ( 'NONE', #3498, 1000.000000000000000 ) ;
#3381 = AXIS2_PLACEMENT_3D ( 'NONE', #3617, #4854, #7579 ) ;
#3382 = DIRECTION ( 'NONE',  ( 0.000000000000000000, 0.000000000000000000, -1.000000000000000000 ) ) ;
#3383 = EDGE_CURVE ( 'NONE', #3095, #12595, #107, .T. ) ;
#3384 = ORIENTED_EDGE ( 'NONE', *, *, #10492, .T. ) ;
#3385 = CARTESIAN_POINT ( 'NONE',  ( 77.69999999999998863, 77.69999999999998863, 9.500000000000005329 ) ) ;
#3386 = EDGE_CURVE ( 'NONE', #2610, #3270, #11771, .T. ) ;
#3387 = CARTESIAN_POINT ( 'NONE',  ( 29.35000000000000142, 69.74999999999998579, -67.93053710242747911 ) ) ;
#3388 = VERTEX_POINT ( 'NONE', #9985 ) ;
#3389 = CIRCLE ( 'NONE', #10653, 3.500000000000003109 ) ;
#3390 = CARTESIAN_POINT ( 'NONE',  ( 57.64999999999999147, 24.49999999999999289, 0.5253709514437889805 ) ) ;
#3391 = ADVANCED_FACE ( 'NONE', ( #4805 ), #5781, .T. ) ;
#3392 = ORIENTED_EDGE ( 'NONE', *, *, #2670, .T. ) ;
#3393 = CARTESIAN_POINT ( 'NONE',  ( 30.24999999999998579, 32.25000000000000000, -4.000000000000003553 ) ) ;
#3394 = VERTEX_POINT ( 'NONE', #6821 ) ;
#3395 = DIRECTION ( 'NONE',  ( 0.000000000000000000, 0.000000000000000000, 1.000000000000000000 ) ) ;
#3396 = DIRECTION ( 'NONE',  ( -1.000000000000000000, 0.000000000000000000, 0.000000000000000000 ) ) ;
#3397 = EDGE_CURVE ( 'NONE', #1394, #1549, #547, .T. ) ;
#3398 = DIRECTION ( 'NONE',  ( 0.000000000000000000, 0.000000000000000000, -1.000000000000000000 ) ) ;
#3399 = VECTOR ( 'NONE', #3358, 1000.000000000000000 ) ;
#3400 = EDGE_CURVE ( 'NONE', #2858, #3449, #1939, .T. ) ;
#3401 = EDGE_CURVE ( 'NONE', #11985, #3481, #3459, .T. ) ;
#3402 = CIRCLE ( 'NONE', #905, 2.899999999999999911 ) ;
#3403 = CYLINDRICAL_SURFACE ( 'NONE', #7522, 1.000000000000000888 ) ;
#3404 = ORIENTED_EDGE ( 'NONE', *, *, #1302, .T. ) ;
#3405 = DIRECTION ( 'NONE',  ( -0.000000000000000000, -0.000000000000000000, -1.000000000000000000 ) ) ;
#3406 = FACE_OUTER_BOUND ( 'NONE', #7226, .T. ) ;
#3407 = EDGE_LOOP ( 'NONE', ( #1, #10810, #5931, #12206 ) ) ;
#3408 = CARTESIAN_POINT ( 'NONE',  ( 76.25000000000000000, 76.25000000000000000, -3.500000000000000000 ) ) ;
#3409 = ORIENTED_EDGE ( 'NONE', *, *, #3280, .F. ) ;
#3410 = DIRECTION ( 'NONE',  ( 1.000000000000000000, -0.000000000000000000, -0.000000000000000000 ) ) ;
#3411 = EDGE_LOOP ( 'NONE', ( #10480, #8947, #11091, #2228 ) ) ;
#3412 = VERTEX_POINT ( 'NONE', #10786 ) ;
#3413 = AXIS2_PLACEMENT_3D ( 'NONE', #5507, #4472, #2570 ) ;
#3414 = ORIENTED_EDGE ( 'NONE', *, *, #1214, .F. ) ;
#3415 = AXIS2_PLACEMENT_3D ( 'NONE', #5725, #10797, #11837 ) ;
#3416 = FACE_OUTER_BOUND ( 'NONE', #5596, .T. ) ;
#3417 = ORIENTED_EDGE ( 'NONE', *, *, #6881, .F. ) ;
#3418 = DIRECTION ( 'NONE',  ( -0.000000000000000000, -1.000000000000000000, -0.000000000000000000 ) ) ;
#3419 = VECTOR ( 'NONE', #2321, 1000.000000000000000 ) ;
#3420 = DIRECTION ( 'NONE',  ( -1.000000000000000000, 0.000000000000000000, 0.000000000000000000 ) ) ;
#3421 = AXIS2_PLACEMENT_3D ( 'NONE', #8071, #4057, #10018 ) ;
#3422 = LINE ( 'NONE', #6468, #3349 ) ;
#3423 = VECTOR ( 'NONE', #8566, 1000.000000000000000 ) ;
#3424 = ORIENTED_EDGE ( 'NONE', *, *, #6566, .T. ) ;
#3425 = ORIENTED_EDGE ( 'NONE', *, *, #8104, .F. ) ;
#3426 = LINE ( 'NONE', #2451, #4434 ) ;
#3427 = VERTEX_POINT ( 'NONE', #6877 ) ;
#3428 = VERTEX_POINT ( 'NONE', #5902 ) ;
#3429 = CARTESIAN_POINT ( 'NONE',  ( 30.25000000000000355, 29.00000000000000000, -4.500000000000000888 ) ) ;
#3430 = CIRCLE ( 'NONE', #8180, 2.900000000000003464 ) ;
#3431 = AXIS2_PLACEMENT_3D ( 'NONE', #12774, #3863, #1301 ) ;
#3432 = CARTESIAN_POINT ( 'NONE',  ( 58.64999999999999147, 25.75000000000000000, 5.999999999999999112 ) ) ;
#3433 = AXIS2_PLACEMENT_3D ( 'NONE', #11400, #2481, #6451 ) ;
#3434 = CARTESIAN_POINT ( 'NONE',  ( 43.19999999999998863, 68.45000000000000284, 4.999999999999998224 ) ) ;
#3435 = LINE ( 'NONE', #7396, #2335 ) ;
#3436 = AXIS2_PLACEMENT_3D ( 'NONE', #7369, #6329, #538 ) ;
#3437 = LINE ( 'NONE', #1538, #8811 ) ;
#3438 = CARTESIAN_POINT ( 'NONE',  ( 71.44999999999997442, 58.19999999999998863, 4.999999999999998224 ) ) ;
#3439 = CARTESIAN_POINT ( 'NONE',  ( 50.24999999999999289, 34.74999955999999202, -3.100000000000000533 ) ) ;
#3440 = CIRCLE ( 'NONE', #8190, 0.5000000000000000000 ) ;
#3441 = AXIS2_PLACEMENT_3D ( 'NONE', #4858, #757, #10714 ) ;
#3442 = VERTEX_POINT ( 'NONE', #7910 ) ;
#3443 = CARTESIAN_POINT ( 'NONE',  ( 53.64999999999999147, 24.29999999999999361, 6.499999999999996447 ) ) ;
#3444 = FACE_OUTER_BOUND ( 'NONE', #10778, .T. ) ;
#3445 = EDGE_CURVE ( 'NONE', #1531, #2814, #10972, .T. ) ;
#3446 = AXIS2_PLACEMENT_3D ( 'NONE', #1493, #12487, #8571 ) ;
#3447 = DIRECTION ( 'NONE',  ( -1.000000000000000000, 0.000000000000000000, 0.000000000000000000 ) ) ;
#3448 = ORIENTED_EDGE ( 'NONE', *, *, #2984, .F. ) ;
#3449 = VERTEX_POINT ( 'NONE', #11886 ) ;
#3450 = DIRECTION ( 'NONE',  ( -1.299418334065024133E-16, 1.000000000000000000, 0.000000000000000000 ) ) ;
#3451 = CARTESIAN_POINT ( 'NONE',  ( 77.69999999999998863, 41.90749664306598987, 0.6999999999999999556 ) ) ;
#3452 = DIRECTION ( 'NONE',  ( 1.000000000000000000, 1.299418334065024626E-16, 0.000000000000000000 ) ) ;
#3453 = AXIS2_PLACEMENT_3D ( 'NONE', #2187, #5179, #2967 ) ;
#3454 = ORIENTED_EDGE ( 'NONE', *, *, #5608, .T. ) ;
#3455 = VECTOR ( 'NONE', #6569, 1000.000000000000000 ) ;
#3456 = LINE ( 'NONE', #3385, #9949 ) ;
#3457 = LINE ( 'NONE', #11390, #11076 ) ;
#3458 = FACE_OUTER_BOUND ( 'NONE', #8244, .T. ) ;
#3459 = CIRCLE ( 'NONE', #1376, 1.000000000000000888 ) ;
#3460 = CARTESIAN_POINT ( 'NONE',  ( 57.64999999999999147, 24.29998799999999548, 6.499999999999999112 ) ) ;
#3461 = ORIENTED_EDGE ( 'NONE', *, *, #10930, .F. ) ;
#3462 = FACE_OUTER_BOUND ( 'NONE', #1212, .T. ) ;
#3463 = AXIS2_PLACEMENT_3D ( 'NONE', #12178, #8933, #3271 ) ;
#3464 = LINE ( 'NONE', #2476, #6548 ) ;
#3465 = VECTOR ( 'NONE', #5464, 1000.000000000000000 ) ;
#3466 = EDGE_CURVE ( 'NONE', #2688, #9278, #10925, .T. ) ;
#3467 = LINE ( 'NONE', #7543, #476 ) ;
#3468 = PRODUCT_DEFINITION ( 'æœ', '', #8408, #10843 ) ;
#3469 = CARTESIAN_POINT ( 'NONE',  ( 60.64999999999999147, 24.29999999999999361, 5.999999999999999112 ) ) ;
#3470 = EDGE_CURVE ( 'NONE', #1453, #9444, #6220, .T. ) ;
#3471 = EDGE_LOOP ( 'NONE', ( #2850, #691, #5516, #2265 ) ) ;
#3472 = EDGE_CURVE ( 'NONE', #9907, #2949, #324, .T. ) ;
#3473 = CARTESIAN_POINT ( 'NONE',  ( 76.25000000000000000, 43.44999999999998863, -3.500000000000000000 ) ) ;
#3474 = AXIS2_PLACEMENT_3D ( 'NONE', #6297, #10121, #9224 ) ;
#3475 = ORIENTED_EDGE ( 'NONE', *, *, #4916, .T. ) ;
#3476 = FACE_OUTER_BOUND ( 'NONE', #6790, .T. ) ;
#3477 = VERTEX_POINT ( 'NONE', #4399 ) ;
#3478 = EDGE_CURVE ( 'NONE', #7172, #4573, #3883, .T. ) ;
#3479 = CARTESIAN_POINT ( 'NONE',  ( 77.69999999999998863, 40.40749664306598987, -1.800000000000000711 ) ) ;
#3480 = ORIENTED_EDGE ( 'NONE', *, *, #9718, .T. ) ;
#3481 = VERTEX_POINT ( 'NONE', #8161 ) ;
#3482 = EDGE_CURVE ( 'NONE', #127, #1531, #1575, .T. ) ;
#3483 = ORIENTED_EDGE ( 'NONE', *, *, #10773, .T. ) ;
#3484 = PLANE ( 'NONE',  #3146 ) ;
#3485 = EDGE_CURVE ( 'NONE', #820, #3549, #10730, .T. ) ;
#3486 = ORIENTED_EDGE ( 'NONE', *, *, #3619, .T. ) ;
#3487 = EDGE_CURVE ( 'NONE', #9124, #4970, #126, .T. ) ;
#3488 = CARTESIAN_POINT ( 'NONE',  ( 73.69999999999998863, 24.29999999999999716, 9.500000000000005329 ) ) ;
#3489 = ORIENTED_EDGE ( 'NONE', *, *, #1876, .T. ) ;
#3490 = CARTESIAN_POINT ( 'NONE',  ( 77.69999999999998863, 33.00749664306601261, -1.800000000000001155 ) ) ;
#3491 = FACE_OUTER_BOUND ( 'NONE', #3833, .T. ) ;
#3492 = VERTEX_POINT ( 'NONE', #1273 ) ;
#3493 = ORIENTED_EDGE ( 'NONE', *, *, #6001, .F. ) ;
#3494 = CARTESIAN_POINT ( 'NONE',  ( 24.30000000000000426, 46.54999999999999716, 3.600000660000000074 ) ) ;
#3495 = ORIENTED_EDGE ( 'NONE', *, *, #3157, .T. ) ;
#3496 = ORIENTED_EDGE ( 'NONE', *, *, #123, .F. ) ;
#3497 = CARTESIAN_POINT ( 'NONE',  ( 59.14999999999999147, 24.29999999999999361, 0.5253709514437902017 ) ) ;
#3498 = DIRECTION ( 'NONE',  ( 0.000000000000000000, 0.000000000000000000, 1.000000000000000000 ) ) ;
#3499 = CARTESIAN_POINT ( 'NONE',  ( 25.74999999999999289, 47.54999999999999716, 4.600000660000001851 ) ) ;
#3500 = DIRECTION ( 'NONE',  ( 0.000000000000000000, 0.000000000000000000, -1.000000000000000000 ) ) ;
#3501 = EDGE_CURVE ( 'NONE', #1595, #1624, #12149, .T. ) ;
#3502 = DIRECTION ( 'NONE',  ( -1.000000000000000000, 0.000000000000000000, 0.000000000000000000 ) ) ;
#3503 = CARTESIAN_POINT ( 'NONE',  ( 32.24999999999998579, 74.64999999999997726, -1.599999999999997202 ) ) ;
#3504 = LINE ( 'NONE', #1540, #7485 ) ;
#3505 = ORIENTED_EDGE ( 'NONE', *, *, #12340, .F. ) ;
#3506 = DIRECTION ( 'NONE',  ( 0.000000000000000000, 1.000000000000000000, 0.000000000000000000 ) ) ;
#3507 = DIRECTION ( 'NONE',  ( 0.000000000000000000, -0.000000000000000000, -1.000000000000000000 ) ) ;
#3508 = ORIENTED_EDGE ( 'NONE', *, *, #2996, .F. ) ;
#3509 = ORIENTED_EDGE ( 'NONE', *, *, #9975, .F. ) ;
#3510 = DIRECTION ( 'NONE',  ( 1.000000000000000000, 0.000000000000000000, 0.000000000000000000 ) ) ;
#3511 = CARTESIAN_POINT ( 'NONE',  ( 73.00000000000000000, 73.00000000000000000, -1.600000000000000311 ) ) ;
#3512 = CARTESIAN_POINT ( 'NONE',  ( 73.00000000000000000, 29.00000000000000000, 9.500000000000001776 ) ) ;
#3513 = EDGE_CURVE ( 'NONE', #12653, #4909, #5945, .T. ) ;
#3514 = CARTESIAN_POINT ( 'NONE',  ( 64.25000043999999377, 39.24999955999999912, -4.499999999999992895 ) ) ;
#3515 = CYLINDRICAL_SURFACE ( 'NONE', #3101, 1.000000000000000888 ) ;
#3516 = AXIS2_PLACEMENT_3D ( 'NONE', #6393, #9318, #401 ) ;
#3517 = DIRECTION ( 'NONE',  ( 1.299418334065024873E-16, -1.000000000000000000, -0.000000000000000000 ) ) ;
#3518 = CARTESIAN_POINT ( 'NONE',  ( 70.44999999999997442, 48.70000000000000995, 4.999999999999998224 ) ) ;
#3519 = PLANE ( 'NONE',  #12403 ) ;
#3520 = ORIENTED_EDGE ( 'NONE', *, *, #8477, .T. ) ;
#3521 = PLANE ( 'NONE',  #6238 ) ;
#3522 = LINE ( 'NONE', #10536, #2183 ) ;
#3523 = CARTESIAN_POINT ( 'NONE',  ( 55.14999999999999147, 24.49999999999999289, 0.5253709514437898687 ) ) ;
#3524 = AXIS2_PLACEMENT_3D ( 'NONE', #5075, #1963, #3061 ) ;
#3525 = ORIENTED_EDGE ( 'NONE', *, *, #7124, .T. ) ;
#3526 = APPROVAL_STATUS ( 'not_yet_approved' ) ;
#3527 = DIRECTION ( 'NONE',  ( 0.000000000000000000, -1.000000000000000000, 0.000000000000000000 ) ) ;
#3528 = EDGE_LOOP ( 'NONE', ( #9706, #10093, #12643, #2325, #4405, #11791, #11366, #10910 ) ) ;
#3529 = FACE_OUTER_BOUND ( 'NONE', #11204, .T. ) ;
#3530 = ORIENTED_EDGE ( 'NONE', *, *, #2568, .T. ) ;
#3531 = CARTESIAN_POINT ( 'NONE',  ( 75.50000000000000000, 32.77905841137542353, 13.86814535675424764 ) ) ;
#3532 = VERTEX_POINT ( 'NONE', #12274 ) ;
#3533 = CIRCLE ( 'NONE', #6648, 1.250000000000001110 ) ;
#3534 = ADVANCED_FACE ( 'NONE', ( #2318 ), #1207, .F. ) ;
#3535 = VERTEX_POINT ( 'NONE', #428 ) ;
#3536 = ORIENTED_EDGE ( 'NONE', *, *, #8364, .F. ) ;
#3537 = PLANE ( 'NONE',  #1041 ) ;
#3538 = VERTEX_POINT ( 'NONE', #5247 ) ;
#3539 = VERTEX_POINT ( 'NONE', #11037 ) ;
#3540 = PLANE ( 'NONE',  #1908 ) ;
#3541 = AXIS2_PLACEMENT_3D ( 'NONE', #3264, #10137, #6383 ) ;
#3542 = VERTEX_POINT ( 'NONE', #6159 ) ;
#3543 = EDGE_CURVE ( 'NONE', #1468, #10409, #9268, .T. ) ;
#3544 = CIRCLE ( 'NONE', #3963, 3.499999999999999556 ) ;
#3545 = DIRECTION ( 'NONE',  ( -0.000000000000000000, 0.000000000000000000, -1.000000000000000000 ) ) ;
#3546 = CARTESIAN_POINT ( 'NONE',  ( 0.000000000000000000, 0.000000000000000000, 8.499999999999998224 ) ) ;
#3547 = ORIENTED_EDGE ( 'NONE', *, *, #7284, .T. ) ;
#3548 = ADVANCED_FACE ( 'NONE', ( #298 ), #2125, .F. ) ;
#3549 = VERTEX_POINT ( 'NONE', #3300 ) ;
#3550 = DIRECTION ( 'NONE',  ( -0.000000000000000000, -0.000000000000000000, -1.000000000000000000 ) ) ;
#3551 = VERTEX_POINT ( 'NONE', #10045 ) ;
#3552 = EDGE_CURVE ( 'NONE', #10995, #4454, #9479, .T. ) ;
#3553 = VERTEX_POINT ( 'NONE', #3167 ) ;
#3554 = DIRECTION ( 'NONE',  ( -0.000000000000000000, -0.000000000000000000, 1.000000000000000000 ) ) ;
#3555 = ADVANCED_FACE ( 'NONE', ( #170 ), #1347, .F. ) ;
#3556 = CIRCLE ( 'NONE', #1258, 3.000000000000002665 ) ;
#3557 = CYLINDRICAL_SURFACE ( 'NONE', #48, 1.000000000000000888 ) ;
#3558 = CARTESIAN_POINT ( 'NONE',  ( 66.14999999999999147, 24.29998799999999548, 5.999999999999999112 ) ) ;
#3559 = CARTESIAN_POINT ( 'NONE',  ( 59.69999999999998153, 68.95000000000000284, 4.999999999999998224 ) ) ;
#3560 = ADVANCED_FACE ( 'NONE', ( #12083 ), #11102, .F. ) ;
#3561 = DIRECTION ( 'NONE',  ( 0.000000000000000000, 0.000000000000000000, -1.000000000000000000 ) ) ;
#3562 = EDGE_CURVE ( 'NONE', #1877, #5564, #4334, .T. ) ;
#3563 = DIRECTION ( 'NONE',  ( -0.000000000000000000, -0.000000000000000000, -1.000000000000000000 ) ) ;
#3564 = EDGE_CURVE ( 'NONE', #11819, #355, #8492, .T. ) ;
#3565 = CIRCLE ( 'NONE', #8749, 0.6999999999999992895 ) ;
#3566 = CARTESIAN_POINT ( 'NONE',  ( 25.74999999999999289, 54.74999999999999289, 1.100000659999999852 ) ) ;
#3567 = ORIENTED_EDGE ( 'NONE', *, *, #238, .T. ) ;
#3569 = DIRECTION ( 'NONE',  ( 1.299418334065024873E-16, -1.000000000000000000, -0.000000000000000000 ) ) ;
#3568 = AXIS2_PLACEMENT_3D ( 'NONE', #8603, #9838, #11738 ) ;
#3570 = DIRECTION ( 'NONE',  ( 0.000000000000000000, 0.000000000000000000, -1.000000000000000000 ) ) ;
#3571 = ORIENTED_EDGE ( 'NONE', *, *, #2792, .F. ) ;
#3572 = ORIENTED_EDGE ( 'NONE', *, *, #2762, .F. ) ;
#3573 = CARTESIAN_POINT ( 'NONE',  ( 28.30000000000000071, 73.69999999999998863, -5.000000000000000888 ) ) ;
#3574 = DIRECTION ( 'NONE',  ( -1.000000000000000000, 0.000000000000000000, 0.000000000000000000 ) ) ;
#3575 = DIRECTION ( 'NONE',  ( -0.000000000000000000, -0.000000000000000000, -1.000000000000000000 ) ) ;
#3576 = CONICAL_SURFACE ( 'NONE', #8552, 0.6999999999999992895, 0.7853981633974492782 ) ;
#3577 = CARTESIAN_POINT ( 'NONE',  ( 60.14999999999999147, 24.49999999999999289, 6.499999999999999112 ) ) ;
#3578 = FACE_OUTER_BOUND ( 'NONE', #2116, .T. ) ;
#3579 = FACE_OUTER_BOUND ( 'NONE', #12644, .T. ) ;
#3580 = DIRECTION ( 'NONE',  ( 1.000000000000000000, 0.000000000000000000, 0.000000000000000000 ) ) ;
#3581 = AXIS2_PLACEMENT_3D ( 'NONE', #505, #11441, #2519 ) ;
#3582 = DIRECTION ( 'NONE',  ( -1.000000000000000000, 1.374038396813312784E-16, -0.000000000000000000 ) ) ;
#3583 = EDGE_LOOP ( 'NONE', ( #12198, #8611, #6401, #6339 ) ) ;
#3584 = ADVANCED_FACE ( 'NONE', ( #1726 ), #5694, .F. ) ;
#3585 = DIRECTION ( 'NONE',  ( 0.000000000000000000, 0.000000000000000000, -1.000000000000000000 ) ) ;
#3586 = CYLINDRICAL_SURFACE ( 'NONE', #7585, 2.000000000000001776 ) ;
#3587 = ORIENTED_EDGE ( 'NONE', *, *, #5924, .F. ) ;
#3588 = DIRECTION ( 'NONE',  ( 0.000000000000000000, 0.000000000000000000, 1.000000000000000000 ) ) ;
#3589 = VERTEX_POINT ( 'NONE', #2637 ) ;
#3590 = ORIENTED_EDGE ( 'NONE', *, *, #1271, .F. ) ;
#3591 = FACE_OUTER_BOUND ( 'NONE', #5219, .T. ) ;
#3592 = DATE_TIME_ROLE ( 'classification_date' ) ;
#3593 = VECTOR ( 'NONE', #619, 1000.000000000000000 ) ;
#3594 = CARTESIAN_POINT ( 'NONE',  ( 70.25000000000000000, 30.67905841137542922, 0.000000000000000000 ) ) ;
#3595 = ORIENTED_EDGE ( 'NONE', *, *, #5460, .F. ) ;
#3596 = DIRECTION ( 'NONE',  ( -1.000000000000000000, 0.000000000000000000, 0.000000000000000000 ) ) ;
#3597 = EDGE_LOOP ( 'NONE', ( #12447, #9334, #7828, #4317 ) ) ;
#3598 = DIRECTION ( 'NONE',  ( 0.000000000000000000, 0.000000000000000000, -1.000000000000000000 ) ) ;
#3599 = ORIENTED_EDGE ( 'NONE', *, *, #2438, .F. ) ;
#3600 = ORIENTED_EDGE ( 'NONE', *, *, #4408, .F. ) ;
#3601 = EDGE_CURVE ( 'NONE', #3267, #1408, #6670, .T. ) ;
#3602 = ORIENTED_EDGE ( 'NONE', *, *, #1485, .T. ) ;
#3603 = CARTESIAN_POINT ( 'NONE',  ( 68.75000000000000000, 74.75000000000000000, 3.404999829744057127 ) ) ;
#3604 = CARTESIAN_POINT ( 'NONE',  ( 26.10000000000000497, 73.00000000000000000, 9.499999999999991118 ) ) ;
#3605 = VERTEX_POINT ( 'NONE', #3499 ) ;
#3606 = CARTESIAN_POINT ( 'NONE',  ( 63.64999999999998437, 24.49999999999996803, 0.02537095144379032663 ) ) ;
#3607 = FACE_OUTER_BOUND ( 'NONE', #4395, .T. ) ;
#3608 = ORIENTED_EDGE ( 'NONE', *, *, #2905, .F. ) ;
#3609 = AXIS2_PLACEMENT_3D ( 'NONE', #6109, #1167, #10194 ) ;
#3610 = EDGE_LOOP ( 'NONE', ( #5575, #99, #7336, #6731, #10163, #6185, #7572, #11803 ) ) ;
#3611 = DIRECTION ( 'NONE',  ( 1.000000000000000000, 1.299418334065024626E-16, 0.000000000000000000 ) ) ;
#3612 = ORIENTED_EDGE ( 'NONE', *, *, #878, .T. ) ;
#3613 = CIRCLE ( 'NONE', #4449, 0.6999999999999992895 ) ;
#3614 = ORIENTED_EDGE ( 'NONE', *, *, #1322, .F. ) ;
#3615 = DIRECTION ( 'NONE',  ( 0.000000000000000000, 0.000000000000000000, 1.000000000000000000 ) ) ;
#3616 = DIRECTION ( 'NONE',  ( -0.000000000000000000, 0.000000000000000000, 1.000000000000000000 ) ) ;
#3617 = CARTESIAN_POINT ( 'NONE',  ( 49.44999999999998153, 35.45000000000000284, 6.499999999999999112 ) ) ;
#3618 = AXIS2_PLACEMENT_3D ( 'NONE', #9345, #4534, #4596 ) ;
#3619 = EDGE_CURVE ( 'NONE', #9915, #4290, #9686, .T. ) ;
#3620 = VECTOR ( 'NONE', #4533, 1000.000000000000000 ) ;
#3621 = CARTESIAN_POINT ( 'NONE',  ( 77.69999999999998863, 34.00749664306601261, -1.800000000000001155 ) ) ;
#3622 = VECTOR ( 'NONE', #821, 1000.000000000000000 ) ;
#3623 = CARTESIAN_POINT ( 'NONE',  ( 73.00000000000000000, 73.00000000000000000, 9.500000000000001776 ) ) ;
#3624 = EDGE_CURVE ( 'NONE', #2100, #332, #4593, .T. ) ;
#3625 = DIRECTION ( 'NONE',  ( 1.850371707708595943E-15, 1.000000000000000000, 0.000000000000000000 ) ) ;
#3626 = EDGE_CURVE ( 'NONE', #8994, #10986, #1998, .T. ) ;
#3627 = CARTESIAN_POINT ( 'NONE',  ( 64.25000043999999377, 39.24999955999999912, -4.000000000000000000 ) ) ;
#3628 = ORIENTED_EDGE ( 'NONE', *, *, #9242, .T. ) ;
#3629 = VECTOR ( 'NONE', #1581, 1000.000000000000000 ) ;
#3630 = CIRCLE ( 'NONE', #923, 1.000000000000000888 ) ;
#3631 = VERTEX_POINT ( 'NONE', #12341 ) ;
#3632 = EDGE_CURVE ( 'NONE', #9563, #6551, #9407, .T. ) ;
#3633 = VERTEX_POINT ( 'NONE', #3434 ) ;
#3634 = DIRECTION ( 'NONE',  ( 0.000000000000000000, 0.000000000000000000, -1.000000000000000000 ) ) ;
#3635 = EDGE_CURVE ( 'NONE', #2520, #12105, #6478, .T. ) ;
#3636 = EDGE_CURVE ( 'NONE', #9559, #10391, #11560, .T. ) ;
#3637 = EDGE_CURVE ( 'NONE', #1008, #6702, #11489, .T. ) ;
#3638 = CARTESIAN_POINT ( 'NONE',  ( 59.14999999999999147, 25.75000000000000000, 6.000000000000000000 ) ) ;
#3639 = ORIENTED_EDGE ( 'NONE', *, *, #8876, .F. ) ;
#3640 = VECTOR ( 'NONE', #4287, 1000.000000000000000 ) ;
#3641 = EDGE_CURVE ( 'NONE', #2378, #10082, #8433, .T. ) ;
#3642 = ORIENTED_EDGE ( 'NONE', *, *, #11669, .F. ) ;
#3643 = EDGE_CURVE ( 'NONE', #9675, #8641, #12532, .T. ) ;
#3644 = DIRECTION ( 'NONE',  ( -1.000000000000000000, -1.299418334065024380E-16, 0.000000000000000000 ) ) ;
#3645 = CARTESIAN_POINT ( 'NONE',  ( 28.30000000000001137, 24.29999999999999005, -4.499999999999993783 ) ) ;
#3646 = LINE ( 'NONE', #10524, #6299 ) ;
#3647 = AXIS2_PLACEMENT_3D ( 'NONE', #1856, #8546, #6797 ) ;
#3648 = CIRCLE ( 'NONE', #10266, 1.500000000000001332 ) ;
#3649 = LOCAL_TIME ( 22, 45, 46.00000000000000000, #10747 ) ;
#3650 = AXIS2_PLACEMENT_3D ( 'NONE', #9634, #9707, #11726 ) ;
#3651 = CARTESIAN_POINT ( 'NONE',  ( 77.69999999999998863, 31.50749664306601261, 3.323999333381999932 ) ) ;
#3652 = CYLINDRICAL_SURFACE ( 'NONE', #3739, 4.000000000000000000 ) ;
#3653 = CARTESIAN_POINT ( 'NONE',  ( 77.19999999999998863, 73.69999999999998863, 9.999999999999998224 ) ) ;
#3654 = DIRECTION ( 'NONE',  ( 0.000000000000000000, 1.000000000000000000, 0.000000000000000000 ) ) ;
#3655 = CIRCLE ( 'NONE', #5308, 2.499999999999998668 ) ;
#3656 = CARTESIAN_POINT ( 'NONE',  ( 65.64999999999999147, 25.75000000000000000, 5.999999999999999112 ) ) ;
#3657 = ORIENTED_EDGE ( 'NONE', *, *, #450, .F. ) ;
#3658 = CARTESIAN_POINT ( 'NONE',  ( 69.79999999999999716, 27.35000000000000853, -4.000000000000000000 ) ) ;
#3659 = FACE_OUTER_BOUND ( 'NONE', #12616, .T. ) ;
#3660 = LINE ( 'NONE', #8396, #12114 ) ;
#3661 = AXIS2_PLACEMENT_3D ( 'NONE', #12674, #1819, #5782 ) ;
#3662 = ORIENTED_EDGE ( 'NONE', *, *, #10999, .T. ) ;
#3663 = CARTESIAN_POINT ( 'NONE',  ( 25.84999999999998721, 28.74999999999999645, 21.50000000000000000 ) ) ;
#3664 = PLANE ( 'NONE',  #1644 ) ;
#3665 = VECTOR ( 'NONE', #7394, 1000.000000000000000 ) ;
#3666 = VERTEX_POINT ( 'NONE', #10439 ) ;
#3667 = LINE ( 'NONE', #9829, #730 ) ;
#3668 = VERTEX_POINT ( 'NONE', #6606 ) ;
#3669 = VECTOR ( 'NONE', #10109, 1000.000000000000000 ) ;
#3670 = DIRECTION ( 'NONE',  ( 0.000000000000000000, 0.000000000000000000, 1.000000000000000000 ) ) ;
#3671 = ORIENTED_EDGE ( 'NONE', *, *, #5976, .T. ) ;
#3672 = EDGE_LOOP ( 'NONE', ( #10392, #5340, #9799, #3392 ) ) ;
#3673 = ORIENTED_EDGE ( 'NONE', *, *, #3501, .F. ) ;
#3674 = EDGE_LOOP ( 'NONE', ( #12832, #5165, #5292, #887, #4321, #6473, #12849, #7755, #8339, #5091, #7309, #3361 ) ) ;
#3675 = CIRCLE ( 'NONE', #10933, 0.7500000000000006661 ) ;
#3676 = DIRECTION ( 'NONE',  ( 0.000000000000000000, -1.000000000000000000, 0.000000000000000000 ) ) ;
#3677 = AXIS2_PLACEMENT_3D ( 'NONE', #10674, #8664, #8721 ) ;
#3678 = VERTEX_POINT ( 'NONE', #10568 ) ;
#3679 = VECTOR ( 'NONE', #6843, 1000.000000000000000 ) ;
#3680 = CARTESIAN_POINT ( 'NONE',  ( 67.79999999999999716, 72.64999999999997726, -4.000000000000003553 ) ) ;
#3681 = EDGE_CURVE ( 'NONE', #1624, #9759, #2508, .T. ) ;
#3682 = CARTESIAN_POINT ( 'NONE',  ( 39.24999955999999912, 37.74999955999999912, -1.500000000000000000 ) ) ;
#3683 = ORIENTED_EDGE ( 'NONE', *, *, #12462, .F. ) ;
#3684 = DIRECTION ( 'NONE',  ( -0.000000000000000000, 0.000000000000000000, -1.000000000000000000 ) ) ;
#3685 = VERTEX_POINT ( 'NONE', #1535 ) ;
#3686 = CARTESIAN_POINT ( 'NONE',  ( 31.74999999999998579, 72.75000000000000000, 0.000000000000000000 ) ) ;
#3687 = ORIENTED_EDGE ( 'NONE', *, *, #8598, .T. ) ;
#3688 = VERTEX_POINT ( 'NONE', #9473 ) ;
#3689 = CARTESIAN_POINT ( 'NONE',  ( 69.79999999999999716, 70.50000000000000000, -1.600000000000000311 ) ) ;
#3690 = EDGE_CURVE ( 'NONE', #7123, #7847, #4531, .T. ) ;
#3691 = CARTESIAN_POINT ( 'NONE',  ( 69.94999999999997442, 57.69999999999998863, 4.999999999999998224 ) ) ;
#3692 = DIRECTION ( 'NONE',  ( -0.000000000000000000, 0.000000000000000000, -1.000000000000000000 ) ) ;
#3693 = FACE_OUTER_BOUND ( 'NONE', #2232, .T. ) ;
#3694 = CARTESIAN_POINT ( 'NONE',  ( 72.63799999999999102, 64.96099999999999852, 2.255601768855265199 ) ) ;
#3695 = DIRECTION ( 'NONE',  ( -1.000000000000000000, 0.000000000000000000, 0.000000000000000000 ) ) ;
#3696 = LINE ( 'NONE', #3627, #1896 ) ;
#3697 = ORIENTED_EDGE ( 'NONE', *, *, #6362, .T. ) ;
#3698 = EDGE_LOOP ( 'NONE', ( #9077, #5222 ) ) ;
#3699 = ORIENTED_EDGE ( 'NONE', *, *, #2757, .T. ) ;
#3700 = LINE ( 'NONE', #10721, #507 ) ;
#3701 = CARTESIAN_POINT ( 'NONE',  ( 71.39999999999999147, 73.00000000000000000, 6.499999999999999112 ) ) ;
#3702 = ORIENTED_EDGE ( 'NONE', *, *, #8387, .F. ) ;
#3703 = EDGE_CURVE ( 'NONE', #8430, #10826, #12601, .T. ) ;
#3704 = ORIENTED_EDGE ( 'NONE', *, *, #4569, .T. ) ;
#3705 = EDGE_CURVE ( 'NONE', #7592, #2485, #2836, .T. ) ;
#3706 = CARTESIAN_POINT ( 'NONE',  ( 37.24999955999998491, 39.24999955999999912, -5.000000000000000000 ) ) ;
#3707 = DIRECTION ( 'NONE',  ( -1.299418334065024873E-16, 1.000000000000000000, 0.000000000000000000 ) ) ;
#3708 = CARTESIAN_POINT ( 'NONE',  ( 76.69999999999998863, 41.90749664306598987, 3.323999333381999932 ) ) ;
#3709 = CARTESIAN_POINT ( 'NONE',  ( 61.64999999999999147, 24.49999999999999289, 0.5253709514437902017 ) ) ;
#3710 = EDGE_CURVE ( 'NONE', #4727, #7222, #8620, .T. ) ;
#3711 = FACE_OUTER_BOUND ( 'NONE', #6059, .T. ) ;
#3712 = EDGE_CURVE ( 'NONE', #8276, #11259, #879, .T. ) ;
#3713 = CARTESIAN_POINT ( 'NONE',  ( 53.19999999999998153, 70.95000000000000284, 6.499999999999999112 ) ) ;
#3714 = CARTESIAN_POINT ( 'NONE',  ( 73.38799999999999102, 65.71099999999999852, -5.000000000000000000 ) ) ;
#3715 = DIRECTION ( 'NONE',  ( -1.000000000000000000, 0.000000000000000000, 0.000000000000000000 ) ) ;
#3716 = ADVANCED_FACE ( 'NONE', ( #5823 ), #10769, .T. ) ;
#3717 = CARTESIAN_POINT ( 'NONE',  ( 63.14999999999998437, 24.29998799999999548, 0.02537095144379032663 ) ) ;
#3718 = ORIENTED_EDGE ( 'NONE', *, *, #10197, .T. ) ;
#3719 = ADVANCED_FACE ( 'NONE', ( #3939 ), #10892, .F. ) ;
#3720 = DIRECTION ( 'NONE',  ( 0.000000000000000000, 1.000000000000000000, 8.031127203596367580E-17 ) ) ;
#3721 = DIRECTION ( 'NONE',  ( 0.7071067811865431318, 0.000000000000000000, 0.7071067811865517916 ) ) ;
#3722 = CYLINDRICAL_SURFACE ( 'NONE', #1295, 1.599999999999993872 ) ;
#3723 = EDGE_CURVE ( 'NONE', #12139, #10632, #4853, .T. ) ;
#3724 = CARTESIAN_POINT ( 'NONE',  ( 69.79999999999999716, 30.25000000000000000, -1.600000000000000311 ) ) ;
#3725 = SECURITY_CLASSIFICATION_LEVEL ( 'unclassified' ) ;
#3726 = CARTESIAN_POINT ( 'NONE',  ( 69.94999999999997442, 48.20000000000000995, 4.999999999999998224 ) ) ;
#3727 = EDGE_LOOP ( 'NONE', ( #12543, #869, #9090, #2712 ) ) ;
#3728 = DIRECTION ( 'NONE',  ( -0.000000000000000000, -0.000000000000000000, 1.000000000000000000 ) ) ;
#3729 = VERTEX_POINT ( 'NONE', #7891 ) ;
#3730 = CARTESIAN_POINT ( 'NONE',  ( 73.00000000000000000, 29.00000000000000000, 0.000000000000000000 ) ) ;
#3731 = EDGE_LOOP ( 'NONE', ( #5117, #6020, #8088, #10017 ) ) ;
#3732 = ORIENTED_EDGE ( 'NONE', *, *, #2806, .T. ) ;
#3733 = VECTOR ( 'NONE', #7220, 1000.000000000000114 ) ;
#3734 = ADVANCED_FACE ( 'NONE', ( #8819 ), #8883, .T. ) ;
#3735 = FACE_OUTER_BOUND ( 'NONE', #4587, .T. ) ;
#3736 = ORIENTED_EDGE ( 'NONE', *, *, #12056, .F. ) ;
#3737 = CYLINDRICAL_SURFACE ( 'NONE', #11100, 0.5000000000000004441 ) ;
#3738 = DIRECTION ( 'NONE',  ( 0.000000000000000000, 0.000000000000000000, 1.000000000000000000 ) ) ;
#3739 = AXIS2_PLACEMENT_3D ( 'NONE', #12626, #11646, #8511 ) ;
#3740 = ORIENTED_EDGE ( 'NONE', *, *, #10860, .T. ) ;
#3741 = DIRECTION ( 'NONE',  ( -1.000000000000000000, 0.000000000000000000, 0.000000000000000000 ) ) ;
#3742 = VERTEX_POINT ( 'NONE', #2048 ) ;
#3743 = CARTESIAN_POINT ( 'NONE',  ( 28.30000000000000426, 77.69999999999998863, 15.00000000000000000 ) ) ;
#3744 = ORIENTED_EDGE ( 'NONE', *, *, #5373, .T. ) ;
#3745 = ORIENTED_EDGE ( 'NONE', *, *, #8637, .F. ) ;
#3746 = LINE ( 'NONE', #7701, #4701 ) ;
#3747 = EDGE_CURVE ( 'NONE', #10888, #6328, #9914, .T. ) ;
#3748 = DIRECTION ( 'NONE',  ( 0.000000000000000000, 0.000000000000000000, 1.000000000000000000 ) ) ;
#3749 = AXIS2_PLACEMENT_3D ( 'NONE', #10959, #12727, #9966 ) ;
#3750 = DIRECTION ( 'NONE',  ( -1.000000000000000000, 0.000000000000000000, 0.000000000000000000 ) ) ;
#3751 = AXIS2_PLACEMENT_3D ( 'NONE', #1439, #10207, #327 ) ;
#3752 = CIRCLE ( 'NONE', #3118, 1.500000000000001332 ) ;
#3753 = DIRECTION ( 'NONE',  ( -1.000000000000000000, 0.000000000000000000, 0.000000000000000000 ) ) ;
#3754 = LINE ( 'NONE', #7895, #11524 ) ;
#3755 = LINE ( 'NONE', #8755, #10490 ) ;
#3756 = LINE ( 'NONE', #9919, #6039 ) ;
#3757 = EDGE_CURVE ( 'NONE', #12720, #607, #1991, .T. ) ;
#3758 = ORIENTED_EDGE ( 'NONE', *, *, #3184, .F. ) ;
#3759 = VECTOR ( 'NONE', #4144, 1000.000000000000000 ) ;
#3760 = VECTOR ( 'NONE', #10261, 1000.000000000000000 ) ;
#3761 = EDGE_LOOP ( 'NONE', ( #8389, #10551, #11152, #12051, #5869, #7556, #9657, #236 ) ) ;
#3762 = ORIENTED_EDGE ( 'NONE', *, *, #9904, .F. ) ;
#3763 = FACE_OUTER_BOUND ( 'NONE', #3899, .T. ) ;
#3764 = EDGE_CURVE ( 'NONE', #10391, #6249, #8440, .T. ) ;
#3765 = FACE_BOUND ( 'NONE', #2169, .T. ) ;
#3766 = ORIENTED_EDGE ( 'NONE', *, *, #5302, .T. ) ;
#3767 = ORIENTED_EDGE ( 'NONE', *, *, #10102, .T. ) ;
#3768 = LINE ( 'NONE', #2651, #10313 ) ;
#3769 = CARTESIAN_POINT ( 'NONE',  ( 76.25000000000001421, 33.36644219045504656, 3.113520226201298868 ) ) ;
#3770 = FACE_OUTER_BOUND ( 'NONE', #1676, .T. ) ;
#3771 = AXIS2_PLACEMENT_3D ( 'NONE', #98, #12012, #2115 ) ;
#3772 = DIRECTION ( 'NONE',  ( -1.299418334065024873E-16, 1.000000000000000000, 0.000000000000000000 ) ) ;
#3773 = DIRECTION ( 'NONE',  ( 1.000000000000000000, 0.000000000000000000, 0.000000000000000000 ) ) ;
#3774 = CARTESIAN_POINT ( 'NONE',  ( 28.30000000000001137, 28.29999999999999005, 15.00000000000000000 ) ) ;
#3775 = CARTESIAN_POINT ( 'NONE',  ( 76.69999999999998863, 34.00749664306601261, -1.800000000000001155 ) ) ;
#3776 = CARTESIAN_POINT ( 'NONE',  ( 72.44999999999997442, 53.94999999999999574, 8.499999999999998224 ) ) ;
#3777 = VECTOR ( 'NONE', #8417, 1000.000000000000000 ) ;
#3778 = LINE ( 'NONE', #9436, #11778 ) ;
#3779 = VERTEX_POINT ( 'NONE', #6012 ) ;
#3780 = EDGE_CURVE ( 'NONE', #151, #1326, #7703, .T. ) ;
#3781 = DIRECTION ( 'NONE',  ( -0.000000000000000000, -0.000000000000000000, -1.000000000000000000 ) ) ;
#3782 = CARTESIAN_POINT ( 'NONE',  ( 75.50000000000000000, 33.52905841137543064, 3.323999333381998600 ) ) ;
#3783 = AXIS2_PLACEMENT_3D ( 'NONE', #7312, #413, #12260 ) ;
#3784 = CARTESIAN_POINT ( 'NONE',  ( 66.14999999999999147, 25.75000000000000000, 0.02537095144379032663 ) ) ;
#3785 = DIRECTION ( 'NONE',  ( 0.000000000000000000, 0.000000000000000000, -1.000000000000000000 ) ) ;
#3786 = APPROVAL_DATE_TIME ( #852, #157 ) ;
#3787 = EDGE_CURVE ( 'NONE', #3481, #4915, #11688, .T. ) ;
#3788 = ADVANCED_FACE ( 'NONE', ( #7835 ), #2771, .F. ) ;
#3789 = DIRECTION ( 'NONE',  ( 0.000000000000000000, -0.000000000000000000, -1.000000000000000000 ) ) ;
#3790 = VECTOR ( 'NONE', #3363, 1000.000000000000000 ) ;
#3791 = ORIENTED_EDGE ( 'NONE', *, *, #3564, .T. ) ;
#3792 = LINE ( 'NONE', #856, #5715 ) ;
#3793 = ORIENTED_EDGE ( 'NONE', *, *, #12264, .T. ) ;
#3794 = DIRECTION ( 'NONE',  ( -0.000000000000000000, -0.000000000000000000, -1.000000000000000000 ) ) ;
#3795 = VERTEX_POINT ( 'NONE', #7769 ) ;
#3796 = EDGE_CURVE ( 'NONE', #10966, #6745, #3024, .T. ) ;
#3797 = ORIENTED_EDGE ( 'NONE', *, *, #1040, .T. ) ;
#3798 = ADVANCED_FACE ( 'NONE', ( #1861 ), #8751, .F. ) ;
#3799 = CARTESIAN_POINT ( 'NONE',  ( 71.34900000000000375, 68.99999999999998579, -4.000000000000000000 ) ) ;
#3800 = LINE ( 'NONE', #1910, #12156 ) ;
#3801 = ADVANCED_FACE ( 'NONE', ( #3818 ), #2837, .F. ) ;
#3802 = ADVANCED_FACE ( 'NONE', ( #6801 ), #9790, .F. ) ;
#3803 = EDGE_CURVE ( 'NONE', #5387, #11279, #12053, .T. ) ;
#3804 = VECTOR ( 'NONE', #2818, 1000.000000000000000 ) ;
#3805 = CIRCLE ( 'NONE', #2540, 1.600000000000004086 ) ;
#3806 = PLANE ( 'NONE',  #6886 ) ;
#3807 = VERTEX_POINT ( 'NONE', #5035 ) ;
#3808 = DIRECTION ( 'NONE',  ( 0.000000000000000000, -0.000000000000000000, 1.000000000000000000 ) ) ;
#3809 = CARTESIAN_POINT ( 'NONE',  ( 43.19999999999998153, 36.45000000000000284, 8.499999999999998224 ) ) ;
#3810 = EDGE_LOOP ( 'NONE', ( #11808, #11568, #11119, #12646 ) ) ;
#3811 = DIRECTION ( 'NONE',  ( -1.299418334065024626E-16, 1.000000000000000000, 0.000000000000000000 ) ) ;
#3812 = VERTEX_POINT ( 'NONE', #91 ) ;
#3813 = DIRECTION ( 'NONE',  ( 0.7071067811865524577, 0.000000000000000000, -0.7071067811865426878 ) ) ;
#3814 = EDGE_LOOP ( 'NONE', ( #1259, #4836, #12319, #7889 ) ) ;
#3815 = ORIENTED_EDGE ( 'NONE', *, *, #6887, .F. ) ;
#3817 = DIRECTION ( 'NONE',  ( 0.000000000000000000, -1.000000000000000000, -0.000000000000000000 ) ) ;
#3816 = VECTOR ( 'NONE', #2929, 1000.000000000000000 ) ;
#3818 = FACE_OUTER_BOUND ( 'NONE', #1102, .T. ) ;
#3819 = DIRECTION ( 'NONE',  ( 0.000000000000000000, 0.000000000000000000, 1.000000000000000000 ) ) ;
#3820 = LINE ( 'NONE', #4922, #285 ) ;
#3821 = AXIS2_PLACEMENT_3D ( 'NONE', #10593, #12493, #7664 ) ;
#3822 = LINE ( 'NONE', #5961, #80 ) ;
#3823 = DIRECTION ( 'NONE',  ( 1.000000000000000000, 0.000000000000000000, 0.000000000000000000 ) ) ;
#3824 = CIRCLE ( 'NONE', #486, 1.599999999999993872 ) ;
#3825 = DIRECTION ( 'NONE',  ( -1.000000000000000000, -0.000000000000000000, -0.000000000000000000 ) ) ;
#3826 = PRODUCT_RELATED_PRODUCT_CATEGORY ( 'detail', '', ( #2439 ) ) ;
#3827 = ORIENTED_EDGE ( 'NONE', *, *, #4187, .T. ) ;
#3828 = ORIENTED_EDGE ( 'NONE', *, *, #3712, .F. ) ;
#3829 = VERTEX_POINT ( 'NONE', #8211 ) ;
#3830 = DIRECTION ( 'NONE',  ( -1.299418334065024873E-16, 1.000000000000000000, 0.000000000000000000 ) ) ;
#3831 = LINE ( 'NONE', #4930, #4610 ) ;
#3832 = VERTEX_POINT ( 'NONE', #6340 ) ;
#3833 = EDGE_LOOP ( 'NONE', ( #11341, #769, #7851, #1874 ) ) ;
#3834 = DIRECTION ( 'NONE',  ( -0.000000000000000000, -0.000000000000000000, -1.000000000000000000 ) ) ;
#3835 = CARTESIAN_POINT ( 'NONE',  ( 67.79999999999999716, 74.64999999999997726, -1.599999999999997202 ) ) ;
#3836 = VECTOR ( 'NONE', #2597, 1000.000000000000000 ) ;
#3837 = DIRECTION ( 'NONE',  ( -0.000000000000000000, -0.000000000000000000, 1.000000000000000000 ) ) ;
#3838 = CARTESIAN_POINT ( 'NONE',  ( 67.79999999999999716, 74.64999999999997726, -4.000000000000000000 ) ) ;
#3839 = CIRCLE ( 'NONE', #11098, 1.500000000000001332 ) ;
#3840 = VECTOR ( 'NONE', #2159, 1000.000000000000114 ) ;
#3841 = CARTESIAN_POINT ( 'NONE',  ( 59.69999999999998153, 68.95000000000000284, 8.499999999999998224 ) ) ;
#3842 = EDGE_CURVE ( 'NONE', #66, #7525, #7180, .T. ) ;
#3843 = DIRECTION ( 'NONE',  ( -1.000000000000000000, 0.000000000000000000, 0.000000000000000000 ) ) ;
#3844 = CONICAL_SURFACE ( 'NONE', #4664, 3.499999999999999556, 0.7853981633974552734 ) ;
#3845 = CARTESIAN_POINT ( 'NONE',  ( 69.94999999999997442, 58.19999999999998863, 4.999999999999998224 ) ) ;
#3846 = LINE ( 'NONE', #709, #498 ) ;
#3847 = DIRECTION ( 'NONE',  ( -0.000000000000000000, -0.000000000000000000, -1.000000000000000000 ) ) ;
#3848 = ORIENTED_EDGE ( 'NONE', *, *, #9904, .T. ) ;
#3849 = CARTESIAN_POINT ( 'NONE',  ( 28.85000000000000497, 53.25000000000000000, 35.97994811066136833 ) ) ;
#3850 = CARTESIAN_POINT ( 'NONE',  ( 61.84999999999998721, 24.29999999999999361, 0.5253709514437902017 ) ) ;
#3851 = AXIS2_PLACEMENT_3D ( 'NONE', #1126, #9063, #8878 ) ;
#3852 = ORGANIZATION ( 'æœª', 'æœª', '' ) ;
#3853 = FACE_OUTER_BOUND ( 'NONE', #7447, .T. ) ;
#3854 = CIRCLE ( 'NONE', #9869, 2.900000000000003464 ) ;
#3855 = LINE ( 'NONE', #6777, #3936 ) ;
#3856 = VERTEX_POINT ( 'NONE', #6073 ) ;
#3857 = FACE_OUTER_BOUND ( 'NONE', #2364, .T. ) ;
#3858 = ORIENTED_EDGE ( 'NONE', *, *, #5018, .F. ) ;
#3859 = LINE ( 'NONE', #7873, #6783 ) ;
#3860 = ORIENTED_EDGE ( 'NONE', *, *, #12454, .F. ) ;
#3861 = LINE ( 'NONE', #4837, #4417 ) ;
#3862 = CIRCLE ( 'NONE', #5938, 1.599999999999993872 ) ;
#3863 = DIRECTION ( 'NONE',  ( -0.000000000000000000, -0.000000000000000000, -1.000000000000000000 ) ) ;
#3864 = ADVANCED_FACE ( 'NONE', ( #10229 ), #12480, .F. ) ;
#3865 = ADVANCED_FACE ( 'NONE', ( #6141 ), #12086, .F. ) ;
#3866 = LINE ( 'NONE', #9715, #7091 ) ;
#3867 = ORIENTED_EDGE ( 'NONE', *, *, #11755, .T. ) ;
#3868 = FACE_OUTER_BOUND ( 'NONE', #11455, .T. ) ;
#3869 = VECTOR ( 'NONE', #10173, 1000.000000000000000 ) ;
#3870 = DIRECTION ( 'NONE',  ( 1.000000000000000000, 1.850371707708595943E-15, 0.000000000000000000 ) ) ;
#3871 = EDGE_CURVE ( 'NONE', #5363, #8475, #10028, .T. ) ;
#3872 = EDGE_LOOP ( 'NONE', ( #7697, #9920, #1007, #1855 ) ) ;
#3873 = CARTESIAN_POINT ( 'NONE',  ( 63.64999999999998437, 24.29999999999999361, 5.999999999999999112 ) ) ;
#3874 = EDGE_CURVE ( 'NONE', #9633, #8540, #11228, .T. ) ;
#3875 = VERTEX_POINT ( 'NONE', #10095 ) ;
#3876 = VECTOR ( 'NONE', #778, 1000.000000000000000 ) ;
#3877 = CARTESIAN_POINT ( 'NONE',  ( 33.24999999999995737, 0.000000000000000000, 4.499999999999999112 ) ) ;
#3878 = ORIENTED_EDGE ( 'NONE', *, *, #9974, .T. ) ;
#3879 = VERTEX_POINT ( 'NONE', #7308 ) ;
#3880 = PLANE ( 'NONE',  #8860 ) ;
#3881 = EDGE_CURVE ( 'NONE', #12806, #7503, #6204, .T. ) ;
#3882 = ADVANCED_FACE ( 'NONE', ( #1257 ), #5230, .F. ) ;
#3883 = CIRCLE ( 'NONE', #11559, 0.5000000000000001110 ) ;
#3884 = CARTESIAN_POINT ( 'NONE',  ( 51.19999999999998863, 34.00749664306601261, 0.6999999999999992895 ) ) ;
#3885 = CIRCLE ( 'NONE', #8230, 0.4999999999999995559 ) ;
#3886 = CYLINDRICAL_SURFACE ( 'NONE', #5034, 0.5000000000000004441 ) ;
#3887 = CIRCLE ( 'NONE', #6578, 1.000000000000000888 ) ;
#3888 = LINE ( 'NONE', #9664, #11929 ) ;
#3889 = CYLINDRICAL_SURFACE ( 'NONE', #9232, 2.999999999999999112 ) ;
#3890 = CARTESIAN_POINT ( 'NONE',  ( 28.30000000000000071, 77.69999999999998863, -4.499999999999993783 ) ) ;
#3891 = DIRECTION ( 'NONE',  ( 1.000000000000000000, 0.000000000000000000, 0.000000000000000000 ) ) ;
#3892 = ORIENTED_EDGE ( 'NONE', *, *, #7273, .F. ) ;
#3893 = EDGE_LOOP ( 'NONE', ( #6194, #6413, #2503, #10469, #3486, #3057, #921, #5465 ) ) ;
#3894 = VERTEX_POINT ( 'NONE', #12067 ) ;
#3895 = LINE ( 'NONE', #6872, #6773 ) ;
#3896 = DIRECTION ( 'NONE',  ( -0.000000000000000000, -0.000000000000000000, -1.000000000000000000 ) ) ;
#3897 = ORIENTED_EDGE ( 'NONE', *, *, #5767, .T. ) ;
#3898 = EDGE_CURVE ( 'NONE', #9968, #409, #1193, .T. ) ;
#3899 = EDGE_LOOP ( 'NONE', ( #293, #10744, #5479, #9468 ) ) ;
#3900 = CARTESIAN_POINT ( 'NONE',  ( 28.85000000000000497, 53.25000000000000000, -3.099999999999998757 ) ) ;
#3901 = DIRECTION ( 'NONE',  ( -1.000000000000000000, 0.000000000000000000, 0.000000000000000000 ) ) ;
#3902 = CARTESIAN_POINT ( 'NONE',  ( 74.13799999999999102, 65.71099999999999852, -3.000000000000000000 ) ) ;
#3903 = LINE ( 'NONE', #2065, #459 ) ;
#3904 = DIRECTION ( 'NONE',  ( -0.000000000000000000, -1.000000000000000000, -0.000000000000000000 ) ) ;
#3905 = DIRECTION ( 'NONE',  ( 0.000000000000000000, 0.000000000000000000, -1.000000000000000000 ) ) ;
#3906 = FACE_OUTER_BOUND ( 'NONE', #5898, .T. ) ;
#3907 = DIRECTION ( 'NONE',  ( -0.000000000000000000, 0.000000000000000000, 1.000000000000000000 ) ) ;
#3908 = B_SPLINE_CURVE_WITH_KNOTS ( 'NONE', 3,
 ( #6686, #5649, #7655, #9610, #699, #4745, #3769, #8837 ),
 .UNSPECIFIED., .F., .F.,
 ( 4, 2, 2, 4 ),
 ( 0.0001395091219104351520, 0.0004132651991668032294, 0.0006870212764231713610, 0.001234533430935917707 ),
 .UNSPECIFIED. ) ;
#3909 = CARTESIAN_POINT ( 'NONE',  ( 29.00000000000000000, 73.00000000000000000, -4.500000000000000888 ) ) ;
#3910 = ORIENTED_EDGE ( 'NONE', *, *, #4546, .T. ) ;
#3911 = DIRECTION ( 'NONE',  ( 1.000000000000000000, 0.000000000000000000, 0.000000000000000000 ) ) ;
#3912 = LINE ( 'NONE', #7926, #1591 ) ;
#3913 = VERTEX_POINT ( 'NONE', #4065 ) ;
#3914 = PLANE ( 'NONE',  #10859 ) ;
#3915 = EDGE_CURVE ( 'NONE', #8158, #12510, #3286, .T. ) ;
#3916 = EDGE_LOOP ( 'NONE', ( #2767, #1177, #12250, #3639, #9041, #11546, #3141 ) ) ;
#3917 = CARTESIAN_POINT ( 'NONE',  ( 43.19999999999998153, 37.95000000000000284, 4.999999999999998224 ) ) ;
#3918 = ORIENTED_EDGE ( 'NONE', *, *, #9174, .T. ) ;
#3919 = CARTESIAN_POINT ( 'NONE',  ( 27.35000000000000142, 48.74999999999999289, -4.000000000000000000 ) ) ;
#3920 = EDGE_LOOP ( 'NONE', ( #8119, #12015, #3642, #9523 ) ) ;
#3921 = DIRECTION ( 'NONE',  ( 0.000000000000000000, 1.000000000000000000, 0.000000000000000000 ) ) ;
#3922 = ORIENTED_EDGE ( 'NONE', *, *, #9502, .F. ) ;
#3923 = DIRECTION ( 'NONE',  ( -1.000000000000000000, 0.000000000000000000, 0.000000000000000000 ) ) ;
#3924 = CARTESIAN_POINT ( 'NONE',  ( 67.74999999999998579, 73.75000000000000000, 3.404999829744057127 ) ) ;
#3925 = LINE ( 'NONE', #10557, #9161 ) ;
#3926 = ORIENTED_EDGE ( 'NONE', *, *, #4468, .F. ) ;
#3927 = DIRECTION ( 'NONE',  ( -0.000000000000000000, 0.000000000000000000, 1.000000000000000000 ) ) ;
#3928 = AXIS2_PLACEMENT_3D ( 'NONE', #2338, #3187, #8184 ) ;
#3929 = CARTESIAN_POINT ( 'NONE',  ( 76.25000000000000000, 54.94999999999999574, 6.499999999999999112 ) ) ;
#3930 = EDGE_CURVE ( 'NONE', #4576, #10957, #7244, .T. ) ;
#3931 = ORIENTED_EDGE ( 'NONE', *, *, #3157, .F. ) ;
#3932 = CARTESIAN_POINT ( 'NONE',  ( 67.79999999999999716, 72.64999999999997726, -1.600000000000004086 ) ) ;
#3933 = ORIENTED_EDGE ( 'NONE', *, *, #3401, .F. ) ;
#3934 = LINE ( 'NONE', #10887, #2172 ) ;
#3935 = VERTEX_POINT ( 'NONE', #4320 ) ;
#3936 = VECTOR ( 'NONE', #5800, 1000.000000000000000 ) ;
#3937 = ORIENTED_EDGE ( 'NONE', *, *, #7988, .F. ) ;
#3938 = FACE_OUTER_BOUND ( 'NONE', #2966, .T. ) ;
#3939 = FACE_OUTER_BOUND ( 'NONE', #11078, .T. ) ;
#3940 = CARTESIAN_POINT ( 'NONE',  ( 29.35000000000000142, 34.25000000000000000, 35.97994811066136833 ) ) ;
#3941 = AXIS2_PLACEMENT_3D ( 'NONE', #65, #6045, #250 ) ;
#3942 = DIRECTION ( 'NONE',  ( 0.000000000000000000, 0.000000000000000000, 1.000000000000000000 ) ) ;
#3943 = DIRECTION ( 'NONE',  ( 0.000000000000000000, 1.000000000000000000, 0.000000000000000000 ) ) ;
#3944 = CARTESIAN_POINT ( 'NONE',  ( 66.14999999999999147, 24.29999999999999716, 5.999999999999999112 ) ) ;
#3945 = EDGE_CURVE ( 'NONE', #2415, #8599, #9066, .T. ) ;
#3946 = ORIENTED_EDGE ( 'NONE', *, *, #8347, .F. ) ;
#3947 = ADVANCED_FACE ( 'NONE', ( #213 ), #8022, .F. ) ;
#3948 = ORIENTED_EDGE ( 'NONE', *, *, #7821, .F. ) ;
#3949 = ORIENTED_EDGE ( 'NONE', *, *, #8296, .F. ) ;
#3950 = FACE_BOUND ( 'NONE', #1005, .T. ) ;
#3951 = LINE ( 'NONE', #891, #2944 ) ;
#3952 = EDGE_LOOP ( 'NONE', ( #3508, #12121, #12804, #4048, #7717, #5627, #12005, #8724, #9121, #6342, #7254, #2742 ) ) ;
#3953 = AXIS2_PLACEMENT_3D ( 'NONE', #11045, #10118, #8043 ) ;
#3954 = EDGE_CURVE ( 'NONE', #9709, #4647, #2107, .T. ) ;
#3955 = ORIENTED_EDGE ( 'NONE', *, *, #10133, .F. ) ;
#3956 = CARTESIAN_POINT ( 'NONE',  ( 76.25000000000000000, 33.52905841137543064, -3.500000000000000000 ) ) ;
#3957 = CARTESIAN_POINT ( 'NONE',  ( 70.44999999999997442, 48.70000000000000995, 4.999999999999998224 ) ) ;
#3958 = EDGE_CURVE ( 'NONE', #3276, #1459, #5105, .T. ) ;
#3959 = EDGE_CURVE ( 'NONE', #3829, #11311, #8080, .T. ) ;
#3960 = DIRECTION ( 'NONE',  ( 0.000000000000000000, 0.000000000000000000, -1.000000000000000000 ) ) ;
#3961 = DIRECTION ( 'NONE',  ( -0.000000000000000000, -1.000000000000000000, -0.000000000000000000 ) ) ;
#3962 = VECTOR ( 'NONE', #12199, 1000.000000000000000 ) ;
#3963 = AXIS2_PLACEMENT_3D ( 'NONE', #11796, #1053, #6845 ) ;
#3964 = DIRECTION ( 'NONE',  ( 0.000000000000000000, 0.000000000000000000, -1.000000000000000000 ) ) ;
#3965 = CARTESIAN_POINT ( 'NONE',  ( 76.89999999999999147, 39.40749664306598987, 4.823999333381999932 ) ) ;
#3966 = CARTESIAN_POINT ( 'NONE',  ( 51.75000000000000000, 36.24999955999999912, 5.925518941756209301 ) ) ;
#3967 = CARTESIAN_POINT ( 'NONE',  ( 76.89999999999999147, 40.40749664306598987, 0.7000000000000000666 ) ) ;
#3968 = LINE ( 'NONE', #8964, #141 ) ;
#3969 = ORIENTED_EDGE ( 'NONE', *, *, #3478, .T. ) ;
#3970 = AXIS2_PLACEMENT_3D ( 'NONE', #2341, #5204, #7155 ) ;
#3971 = DIRECTION ( 'NONE',  ( -0.000000000000000000, -0.000000000000000000, 1.000000000000000000 ) ) ;
#3972 = DIRECTION ( 'NONE',  ( 0.000000000000000000, 0.000000000000000000, -1.000000000000000000 ) ) ;
#3973 = ORIENTED_EDGE ( 'NONE', *, *, #9514, .F. ) ;
#3974 = CARTESIAN_POINT ( 'NONE',  ( 73.69999999999998863, 77.69999999999998863, 9.500000000000005329 ) ) ;
#3975 = VERTEX_POINT ( 'NONE', #2170 ) ;
#3976 = CIRCLE ( 'NONE', #11869, 2.899999999999996358 ) ;
#3977 = CARTESIAN_POINT ( 'NONE',  ( 29.24999999999998579, 70.25000000000000000, 0.000000000000000000 ) ) ;
#3978 = ORIENTED_EDGE ( 'NONE', *, *, #684, .F. ) ;
#3979 = CARTESIAN_POINT ( 'NONE',  ( 27.35000000000000142, 48.74999999999999289, -3.099999999999998757 ) ) ;
#3980 = ORIENTED_EDGE ( 'NONE', *, *, #9697, .T. ) ;
#3981 = DIRECTION ( 'NONE',  ( 0.000000000000000000, 0.7071067811865444641, -0.7071067811865505703 ) ) ;
#3982 = VERTEX_POINT ( 'NONE', #7377 ) ;
#3983 = VECTOR ( 'NONE', #5678, 1000.000000000000000 ) ;
#3984 = DIRECTION ( 'NONE',  ( -0.000000000000000000, -0.000000000000000000, 1.000000000000000000 ) ) ;
#3985 = CARTESIAN_POINT ( 'NONE',  ( 29.24999999999998579, 31.75000000000000000, 78.50196847342608919 ) ) ;
#3986 = DIRECTION ( 'NONE',  ( 0.000000000000000000, -0.000000000000000000, 1.000000000000000000 ) ) ;
#3987 = ORIENTED_EDGE ( 'NONE', *, *, #8640, .F. ) ;
#3988 = VECTOR ( 'NONE', #6104, 1000.000000000000000 ) ;
#3989 = CARTESIAN_POINT ( 'NONE',  ( 69.94999999999997442, 48.20000000000000995, 8.499999999999998224 ) ) ;
#3990 = DIRECTION ( 'NONE',  ( -1.000000000000000000, 0.000000000000000000, 0.000000000000000000 ) ) ;
#3991 = ORIENTED_EDGE ( 'NONE', *, *, #9071, .F. ) ;
#3992 = LINE ( 'NONE', #12848, #9763 ) ;
#3993 = ADVANCED_FACE ( 'NONE', ( #3416 ), #11473, .F. ) ;
#3994 = ORIENTED_EDGE ( 'NONE', *, *, #10131, .T. ) ;
#3995 = PLANE ( 'NONE',  #304 ) ;
#3996 = ORIENTED_EDGE ( 'NONE', *, *, #5062, .T. ) ;
#3997 = ORIENTED_EDGE ( 'NONE', *, *, #10715, .T. ) ;
#3998 = CARTESIAN_POINT ( 'NONE',  ( 72.63799999999999102, 69.74999999999998579, 2.255601768855265199 ) ) ;
#3999 = AXIS2_PLACEMENT_3D ( 'NONE', #5763, #11562, #3750 ) ;
#4000 = CARTESIAN_POINT ( 'NONE',  ( 39.24999955999999912, 36.24999955999999912, -3.100000000000000533 ) ) ;
#4001 = ORIENTED_EDGE ( 'NONE', *, *, #8399, .F. ) ;
#4002 = PLANE ( 'NONE',  #2993 ) ;
#4003 = DIRECTION ( 'NONE',  ( -1.000000000000000000, 0.000000000000000000, 0.000000000000000000 ) ) ;
#4004 = CARTESIAN_POINT ( 'NONE',  ( 74.75000000000000000, 67.24999999999998579, 3.404999829744058903 ) ) ;
#4005 = DIRECTION ( 'NONE',  ( -0.000000000000000000, -0.000000000000000000, -1.000000000000000000 ) ) ;
#4006 = EDGE_LOOP ( 'NONE', ( #5576, #2296, #11992, #5264 ) ) ;
#4007 = VECTOR ( 'NONE', #4762, 1000.000000000000000 ) ;
#4008 = VERTEX_POINT ( 'NONE', #9328 ) ;
#4009 = VERTEX_POINT ( 'NONE', #7559 ) ;
#4010 = CARTESIAN_POINT ( 'NONE',  ( 70.44999999999997442, 58.19999999999998863, 8.499999999999998224 ) ) ;
#4011 = CARTESIAN_POINT ( 'NONE',  ( 73.00000000000000000, 73.00000000000000000, -4.500000000000000888 ) ) ;
#4012 = EDGE_CURVE ( 'NONE', #4590, #4909, #477, .T. ) ;
#4013 = ORIENTED_EDGE ( 'NONE', *, *, #12410, .T. ) ;
#4014 = CARTESIAN_POINT ( 'NONE',  ( 76.25000000000000000, 39.40749664306598987, 0.7000000000000000666 ) ) ;
#4015 = CIRCLE ( 'NONE', #6296, 1.500000000000001332 ) ;
#4016 = LINE ( 'NONE', #8237, #3172 ) ;
#4017 = ADVANCED_FACE ( 'NONE', ( #601 ), #7494, .T. ) ;
#4018 = AXIS2_PLACEMENT_3D ( 'NONE', #1222, #1101, #9036 ) ;
#4019 = LINE ( 'NONE', #301, #6940 ) ;
#4020 = ADVANCED_FACE ( 'NONE', ( #6525 ), #7437, .F. ) ;
#4021 = DIRECTION ( 'NONE',  ( -0.000000000000000000, -1.000000000000000000, -0.000000000000000000 ) ) ;
#4022 = FACE_OUTER_BOUND ( 'NONE', #2720, .T. ) ;
#4023 = DIRECTION ( 'NONE',  ( -1.000000000000000000, 0.000000000000000000, 0.000000000000000000 ) ) ;
#4024 = EDGE_CURVE ( 'NONE', #10784, #9652, #12326, .T. ) ;
#4025 = DIRECTION ( 'NONE',  ( 0.000000000000000000, 0.000000000000000000, 1.000000000000000000 ) ) ;
#4026 = ADVANCED_FACE ( 'NONE', ( #2441 ), #1458, .F. ) ;
#4027 = EDGE_CURVE ( 'NONE', #1549, #35, #10301, .T. ) ;
#4028 = VECTOR ( 'NONE', #9987, 1000.000000000000000 ) ;
#4029 = DIRECTION ( 'NONE',  ( -0.000000000000000000, 0.000000000000000000, 1.000000000000000000 ) ) ;
#4030 = ADVANCED_FACE ( 'NONE', ( #12397 ), #3484, .T. ) ;
#4031 = PLANE ( 'NONE',  #8443 ) ;
#4032 = ORIENTED_EDGE ( 'NONE', *, *, #10085, .F. ) ;
#4033 = CIRCLE ( 'NONE', #11301, 2.000000000000001776 ) ;
#4034 = EDGE_CURVE ( 'NONE', #10493, #6590, #8726, .T. ) ;
#4035 = DIRECTION ( 'NONE',  ( -1.000000000000000000, 0.000000000000000000, 0.000000000000000000 ) ) ;
#4036 = FACE_OUTER_BOUND ( 'NONE', #7174, .T. ) ;
#4037 = DIRECTION ( 'NONE',  ( -1.000000000000000000, 0.000000000000000000, 0.000000000000000000 ) ) ;
#4038 = VERTEX_POINT ( 'NONE', #10554 ) ;
#4039 = AXIS2_PLACEMENT_3D ( 'NONE', #3171, #12217, #8297 ) ;
#4040 = AXIS2_PLACEMENT_3D ( 'NONE', #1014, #6076, #160 ) ;
#4041 = CARTESIAN_POINT ( 'NONE',  ( 76.25000000000000000, 31.67905841137542922, 3.323999333381996824 ) ) ;
#4042 = VERTEX_POINT ( 'NONE', #3603 ) ;
#4043 = DIRECTION ( 'NONE',  ( -1.000000000000000000, 0.000000000000000000, 0.000000000000000000 ) ) ;
#4044 = VERTEX_POINT ( 'NONE', #11411 ) ;
#4045 = CIRCLE ( 'NONE', #922, 0.5000000000000001110 ) ;
#4046 = AXIS2_PLACEMENT_3D ( 'NONE', #4129, #12203, #3089 ) ;
#4047 = CARTESIAN_POINT ( 'NONE',  ( 70.09999999999999432, 29.00000000000000000, 9.500000000000001776 ) ) ;
#4048 = ORIENTED_EDGE ( 'NONE', *, *, #11672, .T. ) ;
#4049 = CIRCLE ( 'NONE', #3208, 1.000000000000000888 ) ;
#4050 = DIRECTION ( 'NONE',  ( -1.000000000000000000, -0.000000000000000000, -0.000000000000000000 ) ) ;
#4051 = CARTESIAN_POINT ( 'NONE',  ( 0.000000000000000000, 0.000000000000000000, 4.499999999999999112 ) ) ;
#4052 = EDGE_CURVE ( 'NONE', #12720, #3427, #11542, .T. ) ;
#4053 = CARTESIAN_POINT ( 'NONE',  ( 0.000000000000000000, 0.000000000000000000, 0.000000000000000000 ) ) ;
#4054 = ORIENTED_EDGE ( 'NONE', *, *, #927, .T. ) ;
#4055 = VECTOR ( 'NONE', #12062, 1000.000000000000000 ) ;
#4056 = AXIS2_PLACEMENT_3D ( 'NONE', #2961, #3943, #10899 ) ;
#4057 = DIRECTION ( 'NONE',  ( -0.000000000000000000, -0.000000000000000000, 1.000000000000000000 ) ) ;
#4058 = LINE ( 'NONE', #2293, #8702 ) ;
#4059 = ORIENTED_EDGE ( 'NONE', *, *, #6475, .T. ) ;
#4060 = CARTESIAN_POINT ( 'NONE',  ( 72.64999999999999147, 32.25000000000000000, -4.000000000000003553 ) ) ;
#4061 = EDGE_LOOP ( 'NONE', ( #3144, #3285, #3345, #5420 ) ) ;
#4062 = CARTESIAN_POINT ( 'NONE',  ( 71.44999999999997442, 54.94999999999999574, 6.499999999999999112 ) ) ;
#4063 = ORIENTED_EDGE ( 'NONE', *, *, #5374, .T. ) ;
#4064 = VERTEX_POINT ( 'NONE', #1520 ) ;
#4065 = CARTESIAN_POINT ( 'NONE',  ( 71.79999999999999716, 32.25000000000000000, -1.600000000000000311 ) ) ;
#4066 = LINE ( 'NONE', #8026, #26 ) ;
#4067 = ADVANCED_FACE ( 'NONE', ( #2490 ), #6463, .F. ) ;
#4068 = VECTOR ( 'NONE', #10437, 1000.000000000000000 ) ;
#4069 = FACE_OUTER_BOUND ( 'NONE', #8081, .T. ) ;
#4070 = FACE_OUTER_BOUND ( 'NONE', #1703, .T. ) ;
#4071 = CYLINDRICAL_SURFACE ( 'NONE', #11243, 0.5000000000000004441 ) ;
#4072 = EDGE_LOOP ( 'NONE', ( #6469, #7553, #9778, #7452 ) ) ;
#4073 = VECTOR ( 'NONE', #2893, 1000.000000000000000 ) ;
#4074 = ORIENTED_EDGE ( 'NONE', *, *, #11424, .T. ) ;
#4075 = ORIENTED_EDGE ( 'NONE', *, *, #6004, .F. ) ;
#4076 = CARTESIAN_POINT ( 'NONE',  ( 73.00000000000000000, 73.00000000000000000, 0.000000000000000000 ) ) ;
#4077 = CARTESIAN_POINT ( 'NONE',  ( 69.79999999999999716, 70.50000000000000000, -4.000000000000003553 ) ) ;
#4078 = VECTOR ( 'NONE', #6697, 1000.000000000000000 ) ;
#4079 = ORIENTED_EDGE ( 'NONE', *, *, #10061, .F. ) ;
#4080 = DIRECTION ( 'NONE',  ( 1.000000000000000000, 0.000000000000000000, 0.000000000000000000 ) ) ;
#4081 = CARTESIAN_POINT ( 'NONE',  ( 72.49999999999998579, 40.94999999999998863, -7.999999999999998224 ) ) ;
#4082 = DIRECTION ( 'NONE',  ( 0.000000000000000000, 0.000000000000000000, -1.000000000000000000 ) ) ;
#4083 = AXIS2_PLACEMENT_3D ( 'NONE', #6434, #10393, #10455 ) ;
#4084 = LINE ( 'NONE', #8040, #2374 ) ;
#4085 = VECTOR ( 'NONE', #8177, 1000.000000000000000 ) ;
#4086 = FACE_OUTER_BOUND ( 'NONE', #6309, .T. ) ;
#4087 = VECTOR ( 'NONE', #7923, 1000.000000000000000 ) ;
#4088 = CYLINDRICAL_SURFACE ( 'NONE', #968, 1.500000000000001332 ) ;
#4089 = LINE ( 'NONE', #7138, #5190 ) ;
#4090 = ADVANCED_FACE ( 'NONE', ( #12456 ), #3537, .F. ) ;
#4091 = DIRECTION ( 'NONE',  ( -1.000000000000000000, -1.299418334065024626E-16, 0.000000000000000000 ) ) ;
#4092 = CARTESIAN_POINT ( 'NONE',  ( 70.25000000000000000, 72.74999703548304808, 3.404999829744058903 ) ) ;
#4093 = EDGE_LOOP ( 'NONE', ( #359, #7060, #11904, #7378, #419, #1934, #7251, #966 ) ) ;
#4094 = DIRECTION ( 'NONE',  ( 0.000000000000000000, 0.000000000000000000, -1.000000000000000000 ) ) ;
#4095 = DIRECTION ( 'NONE',  ( 0.000000000000000000, -0.000000000000000000, 1.000000000000000000 ) ) ;
#4096 = LINE ( 'NONE', #5139, #8995 ) ;
#4097 = VERTEX_POINT ( 'NONE', #12298 ) ;
#4098 = EDGE_CURVE ( 'NONE', #1491, #2331, #1434, .T. ) ;
#4099 = EDGE_CURVE ( 'NONE', #2901, #3829, #4102, .T. ) ;
#4100 = EDGE_CURVE ( 'NONE', #4460, #3551, #12677, .T. ) ;
#4101 = DIRECTION ( 'NONE',  ( 1.000000000000000000, 0.000000000000000000, -0.000000000000000000 ) ) ;
#4102 = LINE ( 'NONE', #11056, #2704 ) ;
#4103 = ORIENTED_EDGE ( 'NONE', *, *, #8882, .F. ) ;
#4104 = DIRECTION ( 'NONE',  ( -1.000000000000000000, 0.000000000000000000, 0.000000000000000000 ) ) ;
#4105 = EDGE_CURVE ( 'NONE', #2561, #5027, #4159, .T. ) ;
#4106 = VERTEX_POINT ( 'NONE', #9098 ) ;
#4107 = LINE ( 'NONE', #6050, #10515 ) ;
#4108 = ORIENTED_EDGE ( 'NONE', *, *, #9911, .F. ) ;
#4109 = CARTESIAN_POINT ( 'NONE',  ( 42.69999999999998153, 36.45000000000000284, 4.999999999999998224 ) ) ;
#4110 = CARTESIAN_POINT ( 'NONE',  ( 58.14999999999999147, 25.75000000000000000, 0.5253709514437898687 ) ) ;
#4111 = ADVANCED_FACE ( 'NONE', ( #2413 ), #7221, .F. ) ;
#4112 = EDGE_CURVE ( 'NONE', #4371, #9712, #11127, .T. ) ;
#4113 = CARTESIAN_POINT ( 'NONE',  ( 77.69999999999998863, 28.29999999999999716, -4.499999999999993783 ) ) ;
#4114 = EDGE_CURVE ( 'NONE', #11421, #9633, #1229, .T. ) ;
#4115 = LINE ( 'NONE', #12049, #1279 ) ;
#4116 = ORIENTED_EDGE ( 'NONE', *, *, #3780, .T. ) ;
#4117 = DIRECTION ( 'NONE',  ( -1.000000000000000000, 0.000000000000000000, 0.000000000000000000 ) ) ;
#4118 = LINE ( 'NONE', #8072, #2890 ) ;
#4119 = EDGE_LOOP ( 'NONE', ( #1390, #106, #8031, #3010, #5944, #7487, #7743, #2877, #5837, #6630, #12516, #1426, #11362, #7451, #9117, #2449, #543, #8915 ) ) ;
#4120 = CARTESIAN_POINT ( 'NONE',  ( 27.24999999999998934, 33.24999999999999289, 4.499999999999999112 ) ) ;
#4121 = ORIENTED_EDGE ( 'NONE', *, *, #12017, .F. ) ;
#4122 = FACE_OUTER_BOUND ( 'NONE', #11850, .T. ) ;
#4123 = ORIENTED_EDGE ( 'NONE', *, *, #9503, .T. ) ;
#4124 = ORIENTED_EDGE ( 'NONE', *, *, #7956, .F. ) ;
#4125 = EDGE_CURVE ( 'NONE', #7546, #4371, #414, .T. ) ;
#4126 = DIRECTION ( 'NONE',  ( 0.7071067811865524577, 0.000000000000000000, 0.7071067811865426878 ) ) ;
#4127 = ORIENTED_EDGE ( 'NONE', *, *, #5140, .T. ) ;
#4128 = CARTESIAN_POINT ( 'NONE',  ( 27.34999999999999787, 51.75000000000000000, -4.000000000000000000 ) ) ;
#4129 = CARTESIAN_POINT ( 'NONE',  ( 29.00000000000000000, 73.00000000000000000, 9.499999999999991118 ) ) ;
#4130 = DIRECTION ( 'NONE',  ( 1.000000000000000000, 1.299418334065024873E-16, -0.000000000000000000 ) ) ;
#4131 = CARTESIAN_POINT ( 'NONE',  ( 29.00000000000000000, 73.00000000000000000, 9.499999999999991118 ) ) ;
#4132 = VECTOR ( 'NONE', #12118, 1000.000000000000000 ) ;
#4133 = ORIENTED_EDGE ( 'NONE', *, *, #10384, .T. ) ;
#4134 = VERTEX_POINT ( 'NONE', #2216 ) ;
#4135 = VERTEX_POINT ( 'NONE', #3326 ) ;
#4136 = CARTESIAN_POINT ( 'NONE',  ( 59.19999999999998153, 69.95000000000000284, 4.999999999999998224 ) ) ;
#4137 = ADVANCED_FACE ( 'NONE', ( #7085 ), #9304, .F. ) ;
#4138 = DIRECTION ( 'NONE',  ( -0.000000000000000000, 0.000000000000000000, -1.000000000000000000 ) ) ;
#4139 = CARTESIAN_POINT ( 'NONE',  ( 31.74999999999998579, 25.75000000000000000, 78.50196847342608919 ) ) ;
#4140 = PLANE ( 'NONE',  #5315 ) ;
#4141 = VECTOR ( 'NONE', #11780, 1000.000000000000000 ) ;
#4142 = DIRECTION ( 'NONE',  ( 0.000000000000000000, 1.000000000000000000, 0.000000000000000000 ) ) ;
#4143 = DIRECTION ( 'NONE',  ( 0.000000000000000000, 0.000000000000000000, -1.000000000000000000 ) ) ;
#4144 = DIRECTION ( 'NONE',  ( 1.000000000000000000, 0.000000000000000000, -0.000000000000000000 ) ) ;
#4145 = ORIENTED_EDGE ( 'NONE', *, *, #12007, .T. ) ;
#4146 = EDGE_CURVE ( 'NONE', #8713, #3313, #9040, .T. ) ;
#4147 = DIRECTION ( 'NONE',  ( -1.000000000000000000, 0.000000000000000000, 0.000000000000000000 ) ) ;
#4148 = CIRCLE ( 'NONE', #10379, 0.5000000000000001110 ) ;
#4149 = CARTESIAN_POINT ( 'NONE',  ( 73.00000000000000000, 29.00000000000000000, 6.499999999999999112 ) ) ;
#4150 = EDGE_CURVE ( 'NONE', #6551, #10643, #4299, .T. ) ;
#4151 = LINE ( 'NONE', #3375, #11155 ) ;
#4152 = VERTEX_POINT ( 'NONE', #7286 ) ;
#4153 = CARTESIAN_POINT ( 'NONE',  ( 74.25000000000000000, 29.00000000000000000, -1.600000000000000311 ) ) ;
#4154 = DIRECTION ( 'NONE',  ( 0.000000000000000000, 0.000000000000000000, -1.000000000000000000 ) ) ;
#4155 = LINE ( 'NONE', #5070, #7954 ) ;
#4156 = VECTOR ( 'NONE', #12130, 1000.000000000000000 ) ;
#4157 = AXIS2_PLACEMENT_3D ( 'NONE', #6909, #71, #5085 ) ;
#4158 = CARTESIAN_POINT ( 'NONE',  ( 75.50000000000000000, 40.52874832153299423, 0.000000000000000000 ) ) ;
#4159 = LINE ( 'NONE', #8320, #9953 ) ;
#4160 = VERTEX_POINT ( 'NONE', #136 ) ;
#4161 = FACE_OUTER_BOUND ( 'NONE', #7105, .T. ) ;
#4162 = ADVANCED_FACE ( 'NONE', ( #8114 ), #5267, .F. ) ;
#4163 = VECTOR ( 'NONE', #6366, 1000.000000000000000 ) ;
#4164 = ORIENTED_EDGE ( 'NONE', *, *, #1946, .T. ) ;
#4165 = AXIS2_PLACEMENT_3D ( 'NONE', #1897, #1099, #3911 ) ;
#4166 = DIRECTION ( 'NONE',  ( 0.000000000000000000, 0.000000000000000000, 1.000000000000000000 ) ) ;
#4167 = ORIENTED_EDGE ( 'NONE', *, *, #9188, .T. ) ;
#4168 = LINE ( 'NONE', #9833, #10642 ) ;
#4169 = FACE_OUTER_BOUND ( 'NONE', #501, .T. ) ;
#4170 = CARTESIAN_POINT ( 'NONE',  ( 29.00000000000000000, 29.00000000000000000, 44.50000000000000711 ) ) ;
#4171 = ORIENTED_EDGE ( 'NONE', *, *, #2568, .F. ) ;
#4172 = EDGE_CURVE ( 'NONE', #3542, #8299, #1669, .T. ) ;
#4173 = CARTESIAN_POINT ( 'NONE',  ( 0.000000000000000000, 33.24999999999999289, 4.499999999999999112 ) ) ;
#4174 = EDGE_CURVE ( 'NONE', #8206, #3879, #388, .T. ) ;
#4175 = AXIS2_PLACEMENT_3D ( 'NONE', #6079, #10034, #418 ) ;
#4176 = ORIENTED_EDGE ( 'NONE', *, *, #12128, .T. ) ;
#4177 = LINE ( 'NONE', #7944, #5491 ) ;
#4178 = CYLINDRICAL_SURFACE ( 'NONE', #1027, 0.7500000000000006661 ) ;
#4179 = EDGE_CURVE ( 'NONE', #9736, #1269, #7070, .T. ) ;
#4180 = ORIENTED_EDGE ( 'NONE', *, *, #4815, .F. ) ;
#4181 = CARTESIAN_POINT ( 'NONE',  ( 72.63799999999999102, 63.67200000000001836, -3.000000000000000000 ) ) ;
#4182 = ADVANCED_FACE ( 'NONE', ( #8186 ), #12172, .F. ) ;
#4183 = VERTEX_POINT ( 'NONE', #2323 ) ;
#4184 = EDGE_CURVE ( 'NONE', #188, #9984, #2392, .T. ) ;
#4185 = DIRECTION ( 'NONE',  ( 1.000000000000000000, 0.000000000000000000, 0.000000000000000000 ) ) ;
#4186 = EDGE_LOOP ( 'NONE', ( #3595, #8727, #860, #5760 ) ) ;
#4187 = EDGE_CURVE ( 'NONE', #9261, #925, #9149, .T. ) ;
#4188 = ORIENTED_EDGE ( 'NONE', *, *, #687, .T. ) ;
#4189 = VERTEX_POINT ( 'NONE', #12025 ) ;
#4190 = DIRECTION ( 'NONE',  ( 1.000000000000000000, -0.000000000000000000, -0.000000000000000000 ) ) ;
#4191 = EDGE_LOOP ( 'NONE', ( #2000, #4696 ) ) ;
#4192 = VECTOR ( 'NONE', #5486, 1000.000000000000000 ) ;
#4193 = CARTESIAN_POINT ( 'NONE',  ( 39.24999955999999912, 62.75000043999999377, -4.000000000000000000 ) ) ;
#4194 = ORIENTED_EDGE ( 'NONE', *, *, #5624, .T. ) ;
#4195 = LINE ( 'NONE', #3152, #12782 ) ;
#4196 = FACE_OUTER_BOUND ( 'NONE', #11799, .T. ) ;
#4197 = DIRECTION ( 'NONE',  ( 0.000000000000000000, 0.000000000000000000, 1.000000000000000000 ) ) ;
#4198 = ORIENTED_EDGE ( 'NONE', *, *, #3243, .F. ) ;
#4199 = ORIENTED_EDGE ( 'NONE', *, *, #9110, .F. ) ;
#4200 = AXIS2_PLACEMENT_3D ( 'NONE', #7524, #4539, #10519 ) ;
#4201 = DIRECTION ( 'NONE',  ( -1.000000000000000000, 0.000000000000000000, 0.000000000000000000 ) ) ;
#4202 = ORIENTED_EDGE ( 'NONE', *, *, #4516, .T. ) ;
#4203 = ORIENTED_EDGE ( 'NONE', *, *, #10529, .T. ) ;
#4205 = CARTESIAN_POINT ( 'NONE',  ( 56.14999999999999147, 24.29999999999999361, -0.1746290485562083661 ) ) ;
#4204 = CIRCLE ( 'NONE', #11880, 2.000000000000015543 ) ;
#4206 = PLANE ( 'NONE',  #12725 ) ;
#4207 = CARTESIAN_POINT ( 'NONE',  ( 63.64999999999998437, 24.49999999999996803, 0.5253709514437902017 ) ) ;
#4208 = DIRECTION ( 'NONE',  ( -1.000000000000000000, 0.000000000000000000, -0.000000000000000000 ) ) ;
#4209 = CARTESIAN_POINT ( 'NONE',  ( 62.64999999999998437, 24.29998799999999548, 0.5253709514437898687 ) ) ;
#4210 = CARTESIAN_POINT ( 'NONE',  ( 72.63799999999999102, 65.71099999999999852, -3.000000000000000000 ) ) ;
#4211 = AXIS2_PLACEMENT_3D ( 'NONE', #4081, #7067, #1026 ) ;
#4212 = DIRECTION ( 'NONE',  ( -0.000000000000000000, -0.000000000000000000, -1.000000000000000000 ) ) ;
#4213 = ORIENTED_EDGE ( 'NONE', *, *, #1932, .T. ) ;
#4214 = CARTESIAN_POINT ( 'NONE',  ( 24.30000000000000782, 28.29999999999999005, 15.00000000000000000 ) ) ;
#4215 = FACE_OUTER_BOUND ( 'NONE', #3411, .T. ) ;
#4216 = CYLINDRICAL_SURFACE ( 'NONE', #11787, 1.500000000000001332 ) ;
#4217 = ORIENTED_EDGE ( 'NONE', *, *, #7267, .T. ) ;
#4218 = CIRCLE ( 'NONE', #5462, 2.999999999999999112 ) ;
#4219 = ORIENTED_EDGE ( 'NONE', *, *, #4569, .F. ) ;
#4220 = CARTESIAN_POINT ( 'NONE',  ( 56.14999999999999147, 25.75000000000000000, 5.999999999999999112 ) ) ;
#4221 = DIRECTION ( 'NONE',  ( 0.7071067811865474617, 0.7071067811865474617, 0.000000000000000000 ) ) ;
#4222 = DIRECTION ( 'NONE',  ( -1.000000000000000000, 0.000000000000000000, 0.000000000000000000 ) ) ;
#4223 = ADVANCED_FACE ( 'NONE', ( #3105 ), #5128, .F. ) ;
#4224 =( GEOMETRIC_REPRESENTATION_CONTEXT ( 3 ) GLOBAL_UNCERTAINTY_ASSIGNED_CONTEXT ( ( #41 ) ) GLOBAL_UNIT_ASSIGNED_CONTEXT ( ( #12188, #2229, #8404 ) ) REPRESENTATION_CONTEXT ( 'NONE', 'WORKASPACE' ) );
#4225 = AXIS2_PLACEMENT_3D ( 'NONE', #10113, #172, #7260 ) ;
#4226 = ORIENTED_EDGE ( 'NONE', *, *, #8221, .F. ) ;
#4227 = DIRECTION ( 'NONE',  ( 1.000000000000000000, 0.000000000000000000, 0.000000000000000000 ) ) ;
#4228 = DIRECTION ( 'NONE',  ( 0.000000000000000000, 0.000000000000000000, 1.000000000000000000 ) ) ;
#4229 = ORIENTED_EDGE ( 'NONE', *, *, #12059, .F. ) ;
#4230 = DIRECTION ( 'NONE',  ( -1.000000000000000000, 0.000000000000000000, 0.000000000000000000 ) ) ;
#4231 = ORIENTED_EDGE ( 'NONE', *, *, #7340, .T. ) ;
#4232 = ADVANCED_FACE ( 'NONE', ( #7262 ), #1153, .T. ) ;
#4233 = FACE_OUTER_BOUND ( 'NONE', #3471, .T. ) ;
#4234 = EDGE_LOOP ( 'NONE', ( #6614, #357 ) ) ;
#4235 = CARTESIAN_POINT ( 'NONE',  ( 27.40000000000000213, 73.00000000000000000, 6.499999999999999112 ) ) ;
#4236 = DIRECTION ( 'NONE',  ( 0.000000000000000000, -0.7071067811865444641, 0.7071067811865505703 ) ) ;
#4237 = LINE ( 'NONE', #11262, #9646 ) ;
#4238 = VECTOR ( 'NONE', #1605, 1000.000000000000000 ) ;
#4239 = LINE ( 'NONE', #1303, #7121 ) ;
#4240 = CIRCLE ( 'NONE', #10035, 2.499999999999998668 ) ;
#4241 = CARTESIAN_POINT ( 'NONE',  ( 53.14999999999999147, 24.49999999999999289, 6.499999999999996447 ) ) ;
#4242 = VERTEX_POINT ( 'NONE', #3369 ) ;
#4243 = FACE_BOUND ( 'NONE', #7023, .T. ) ;
#4244 = CARTESIAN_POINT ( 'NONE',  ( 73.00000000000000000, 29.00000000000000000, 6.499999999999999112 ) ) ;
#4245 = AXIS2_PLACEMENT_3D ( 'NONE', #5743, #658, #9710 ) ;
#4246 = AXIS2_PLACEMENT_3D ( 'NONE', #8823, #3942, #4733 ) ;
#4247 = CIRCLE ( 'NONE', #11526, 1.000000000000000888 ) ;
#4248 = ORIENTED_EDGE ( 'NONE', *, *, #10288, .F. ) ;
#4249 = DIRECTION ( 'NONE',  ( -0.000000000000000000, -0.000000000000000000, 1.000000000000000000 ) ) ;
#4250 = ORIENTED_EDGE ( 'NONE', *, *, #6652, .T. ) ;
#4251 = DIRECTION ( 'NONE',  ( 0.000000000000000000, -0.000000000000000000, -1.000000000000000000 ) ) ;
#4252 = ORIENTED_EDGE ( 'NONE', *, *, #1602, .T. ) ;
#4253 = VECTOR ( 'NONE', #4863, 1000.000000000000000 ) ;
#4254 = EDGE_CURVE ( 'NONE', #2953, #11382, #6099, .T. ) ;
#4255 = ORIENTED_EDGE ( 'NONE', *, *, #7714, .F. ) ;
#4256 = EDGE_CURVE ( 'NONE', #2574, #10117, #12279, .T. ) ;
#4257 = ORIENTED_EDGE ( 'NONE', *, *, #12294, .T. ) ;
#4258 = CARTESIAN_POINT ( 'NONE',  ( 29.35000000000000142, 67.74999999999998579, -4.000000000000003553 ) ) ;
#4259 = ORIENTED_EDGE ( 'NONE', *, *, #4948, .T. ) ;
#4260 = CIRCLE ( 'NONE', #3851, 0.7500000000000006661 ) ;
#4261 = CONICAL_SURFACE ( 'NONE', #2173, 2.000000000000015543, 0.7853981633974566057 ) ;
#4262 = CARTESIAN_POINT ( 'NONE',  ( 25.74999999999999645, 67.74999999999998579, 4.499999999999999112 ) ) ;
#4263 = EDGE_LOOP ( 'NONE', ( #5045, #2786, #10423, #8132 ) ) ;
#4264 = ADVANCED_FACE ( 'NONE', ( #7329 ), #8101, .F. ) ;
#4265 = AXIS2_PLACEMENT_3D ( 'NONE', #12640, #2744, #6905 ) ;
#4266 = DIRECTION ( 'NONE',  ( -0.000000000000000000, -0.000000000000000000, 1.000000000000000000 ) ) ;
#4267 = LINE ( 'NONE', #8483, #735 ) ;
#4268 = EDGE_CURVE ( 'NONE', #5882, #3729, #2084, .T. ) ;
#4269 = PLANE ( 'NONE',  #8109 ) ;
#4270 = ORIENTED_EDGE ( 'NONE', *, *, #11748, .T. ) ;
#4271 = EDGE_CURVE ( 'NONE', #5498, #12372, #9219, .T. ) ;
#4272 = VERTEX_POINT ( 'NONE', #10116 ) ;
#4273 = CIRCLE ( 'NONE', #10915, 0.5000000000000000000 ) ;
#4274 = DIRECTION ( 'NONE',  ( -0.000000000000000000, -0.000000000000000000, -1.000000000000000000 ) ) ;
#4275 = ORIENTED_EDGE ( 'NONE', *, *, #3485, .F. ) ;
#4276 = ORIENTED_EDGE ( 'NONE', *, *, #5838, .F. ) ;
#4277 = CARTESIAN_POINT ( 'NONE',  ( 52.64999999999999147, 24.49999999999999289, 0.5253709514437873151 ) ) ;
#4278 = DIRECTION ( 'NONE',  ( -0.000000000000000000, -0.000000000000000000, 1.000000000000000000 ) ) ;
#4279 = DIRECTION ( 'NONE',  ( -0.000000000000000000, -1.000000000000000000, -0.000000000000000000 ) ) ;
#4280 = LINE ( 'NONE', #10973, #9404 ) ;
#4281 = EDGE_CURVE ( 'NONE', #1999, #597, #11448, .T. ) ;
#4282 = CARTESIAN_POINT ( 'NONE',  ( 39.24999955999999912, 36.24999955999999912, -4.000000000000000000 ) ) ;
#4283 = DIRECTION ( 'NONE',  ( -0.000000000000000000, 0.000000000000000000, -1.000000000000000000 ) ) ;
#4284 = CARTESIAN_POINT ( 'NONE',  ( 76.25000000000000000, 76.25000000000000000, 0.000000000000000000 ) ) ;
#4285 = ORIENTED_EDGE ( 'NONE', *, *, #2445, .T. ) ;
#4286 = CARTESIAN_POINT ( 'NONE',  ( 56.14999999999999147, 24.49999999999999289, 0.5253709514437902017 ) ) ;
#4287 = DIRECTION ( 'NONE',  ( -0.7071067811865352493, -0.7071067811865597852, 0.000000000000000000 ) ) ;
#4288 = DIRECTION ( 'NONE',  ( -1.000000000000000000, 0.000000000000000000, 0.000000000000000000 ) ) ;
#4289 = ORIENTED_EDGE ( 'NONE', *, *, #1804, .T. ) ;
#4290 = VERTEX_POINT ( 'NONE', #10052 ) ;
#4291 = DIRECTION ( 'NONE',  ( -0.000000000000000000, 0.000000000000000000, -1.000000000000000000 ) ) ;
#4292 = CARTESIAN_POINT ( 'NONE',  ( 64.14999999999999147, 25.75000000000000000, -3.500000000000000000 ) ) ;
#4293 = AXIS2_PLACEMENT_3D ( 'NONE', #1551, #11510, #11579 ) ;
#4294 = CARTESIAN_POINT ( 'NONE',  ( 65.14999999999999147, 25.75000000000000000, 6.000000000000000000 ) ) ;
#4295 = AXIS2_PLACEMENT_3D ( 'NONE', #1758, #5918, #3972 ) ;
#4296 = CIRCLE ( 'NONE', #4499, 3.500000000000003109 ) ;
#4297 = CARTESIAN_POINT ( 'NONE',  ( 58.14999999999999147, 24.49999999999999289, 0.02537095144378989295 ) ) ;
#4298 = LINE ( 'NONE', #8254, #11835 ) ;
#4299 = LINE ( 'NONE', #187, #3116 ) ;
#4300 = ORIENTED_EDGE ( 'NONE', *, *, #7839, .F. ) ;
#4301 = CYLINDRICAL_SURFACE ( 'NONE', #6732, 0.5000000000000004441 ) ;
#4302 = ORIENTED_EDGE ( 'NONE', *, *, #4723, .F. ) ;
#4303 = CARTESIAN_POINT ( 'NONE',  ( 64.25000043999999377, 37.74999955999999912, -4.499999999999992895 ) ) ;
#4304 = ORIENTED_EDGE ( 'NONE', *, *, #10384, .F. ) ;
#4305 = EDGE_CURVE ( 'NONE', #9263, #36, #1211, .T. ) ;
#4306 = DIRECTION ( 'NONE',  ( 1.000000000000000000, 0.000000000000000000, 0.000000000000000000 ) ) ;
#4307 = CARTESIAN_POINT ( 'NONE',  ( 28.74999999999998934, 69.74999999999998579, -1.600000000000000311 ) ) ;
#4308 = LINE ( 'NONE', #1382, #4629 ) ;
#4309 = FACE_OUTER_BOUND ( 'NONE', #4776, .T. ) ;
#4310 = ORIENTED_EDGE ( 'NONE', *, *, #2317, .F. ) ;
#4311 = ADVANCED_FACE ( 'NONE', ( #9020, #5059, #114, #3247, #7136, #174, #4086 ), #12088, .F. ) ;
#4312 = CARTESIAN_POINT ( 'NONE',  ( 70.44999999999997442, 57.69999999999998863, 4.999999999999998224 ) ) ;
#4313 = ORIENTED_EDGE ( 'NONE', *, *, #10791, .F. ) ;
#4314 = DIRECTION ( 'NONE',  ( 1.000000000000000000, 1.850371707708595943E-15, 0.000000000000000000 ) ) ;
#4315 = EDGE_LOOP ( 'NONE', ( #5161, #6748, #10960, #7039 ) ) ;
#4316 = PLANE ( 'NONE',  #4465 ) ;
#4317 = ORIENTED_EDGE ( 'NONE', *, *, #5202, .F. ) ;
#4318 = VERTEX_POINT ( 'NONE', #7205 ) ;
#4319 = ORIENTED_EDGE ( 'NONE', *, *, #11748, .F. ) ;
#4320 = CARTESIAN_POINT ( 'NONE',  ( 74.75000000000000000, 41.94999999999998863, 8.499999999999998224 ) ) ;
#4321 = ORIENTED_EDGE ( 'NONE', *, *, #1888, .F. ) ;
#4322 = DIRECTION ( 'NONE',  ( -1.000000000000000000, 0.000000000000000000, 0.000000000000000000 ) ) ;
#4323 = DIRECTION ( 'NONE',  ( -1.000000000000000000, 0.000000000000000000, 0.000000000000000000 ) ) ;
#4324 = DIRECTION ( 'NONE',  ( -1.000000000000000000, 0.000000000000000000, 0.000000000000000000 ) ) ;
#4325 = ORIENTED_EDGE ( 'NONE', *, *, #4829, .F. ) ;
#4326 = ORIENTED_EDGE ( 'NONE', *, *, #12501, .F. ) ;
#4327 = DIRECTION ( 'NONE',  ( 1.000000000000000000, 0.000000000000000000, 0.000000000000000000 ) ) ;
#4328 = ORIENTED_EDGE ( 'NONE', *, *, #6191, .T. ) ;
#4329 = ORIENTED_EDGE ( 'NONE', *, *, #5654, .F. ) ;
#4330 = CYLINDRICAL_SURFACE ( 'NONE', #3037, 0.5000000000000004441 ) ;
#4331 = EDGE_CURVE ( 'NONE', #5834, #3313, #843, .T. ) ;
#4332 = FACE_OUTER_BOUND ( 'NONE', #675, .T. ) ;
#4333 = AXIS2_PLACEMENT_3D ( 'NONE', #638, #6565, #3773 ) ;
#4334 = LINE ( 'NONE', #1474, #11140 ) ;
#4335 = CARTESIAN_POINT ( 'NONE',  ( 69.79999999999999716, 25.75000000000000000, -4.000000000000003553 ) ) ;
#4336 = DIRECTION ( 'NONE',  ( -0.000000000000000000, -0.000000000000000000, 1.000000000000000000 ) ) ;
#4337 = AXIS2_PLACEMENT_3D ( 'NONE', #4244, #11072, #12000 ) ;
#4338 = CARTESIAN_POINT ( 'NONE',  ( 74.75000000000000000, 67.24999999999998579, 4.499999999999999112 ) ) ;
#4339 = EDGE_CURVE ( 'NONE', #9602, #4572, #10184, .T. ) ;
#4340 = EDGE_CURVE ( 'NONE', #4042, #5307, #11, .T. ) ;
#4341 = CARTESIAN_POINT ( 'NONE',  ( 76.25000000000000000, 76.25000000000000000, -5.000000000000000000 ) ) ;
#4342 = ORIENTED_EDGE ( 'NONE', *, *, #1228, .T. ) ;
#4343 = CARTESIAN_POINT ( 'NONE',  ( 63.14999999999998437, 24.29999999999999361, 5.999999999999999112 ) ) ;
#4344 = EDGE_CURVE ( 'NONE', #12885, #10405, #2516, .T. ) ;
#4345 = DIRECTION ( 'NONE',  ( -1.000000000000000000, 0.000000000000000000, 0.000000000000000000 ) ) ;
#4346 = EDGE_CURVE ( 'NONE', #9736, #5568, #4403, .T. ) ;
#4347 = DIRECTION ( 'NONE',  ( -1.000000000000000000, 0.000000000000000000, 0.000000000000000000 ) ) ;
#4348 = VERTEX_POINT ( 'NONE', #3439 ) ;
#4349 = CIRCLE ( 'NONE', #7466, 0.7500000000000006661 ) ;
#4350 = EDGE_CURVE ( 'NONE', #4459, #5470, #3504, .T. ) ;
#4351 = ORIENTED_EDGE ( 'NONE', *, *, #11007, .F. ) ;
#4352 = DIRECTION ( 'NONE',  ( -1.000000000000000000, 0.000000000000000000, 0.000000000000000000 ) ) ;
#4353 = CARTESIAN_POINT ( 'NONE',  ( 27.35000000000000142, 67.74999999999998579, -4.000000000000000000 ) ) ;
#4354 = DIRECTION ( 'NONE',  ( 0.000000000000000000, -0.000000000000000000, -1.000000000000000000 ) ) ;
#4355 = VECTOR ( 'NONE', #5145, 1000.000000000000000 ) ;
#4356 = EDGE_LOOP ( 'NONE', ( #11613, #8472, #6677, #557 ) ) ;
#4357 = DIRECTION ( 'NONE',  ( -0.000000000000000000, -0.000000000000000000, -1.000000000000000000 ) ) ;
#4358 = DIRECTION ( 'NONE',  ( -0.000000000000000000, -0.000000000000000000, -1.000000000000000000 ) ) ;
#4359 = ORIENTED_EDGE ( 'NONE', *, *, #8699, .T. ) ;
#4360 = LINE ( 'NONE', #3390, #915 ) ;
#4361 = ORIENTED_EDGE ( 'NONE', *, *, #6001, .T. ) ;
#4362 = DIRECTION ( 'NONE',  ( -0.000000000000000000, -0.000000000000000000, 1.000000000000000000 ) ) ;
#4363 = ORIENTED_EDGE ( 'NONE', *, *, #10866, .F. ) ;
#4364 = LINE ( 'NONE', #10144, #7481 ) ;
#4365 = CARTESIAN_POINT ( 'NONE',  ( 29.35000000000000142, 32.25000000000000000, -4.000000000000003553 ) ) ;
#4366 = VECTOR ( 'NONE', #9247, 1000.000000000000000 ) ;
#4367 = VECTOR ( 'NONE', #2631, 1000.000000000000000 ) ;
#4368 = CARTESIAN_POINT ( 'NONE',  ( 36.24999955999999912, 39.24999955999999912, -3.100000000000000533 ) ) ;
#4369 = EDGE_LOOP ( 'NONE', ( #10272, #1532, #10645, #5517 ) ) ;
#4370 = CARTESIAN_POINT ( 'NONE',  ( 31.74999999999998579, 76.25000000000000000, 8.499999999999996447 ) ) ;
#4371 = VERTEX_POINT ( 'NONE', #9348 ) ;
#4372 = CARTESIAN_POINT ( 'NONE',  ( 77.69999999999998863, 31.50749664306601261, 2.323999333381998600 ) ) ;
#4373 = AXIS2_PLACEMENT_3D ( 'NONE', #957, #12732, #1867 ) ;
#4374 = CARTESIAN_POINT ( 'NONE',  ( 73.69999999999998863, 24.79999999999999716, 9.999999999999998224 ) ) ;
#4375 = VECTOR ( 'NONE', #6176, 1000.000000000000000 ) ;
#4376 = ORIENTED_EDGE ( 'NONE', *, *, #11899, .F. ) ;
#4377 = LINE ( 'NONE', #7301, #5923 ) ;
#4378 = VERTEX_POINT ( 'NONE', #12541 ) ;
#4379 = DIRECTION ( 'NONE',  ( -1.000000000000000000, 0.000000000000000000, 0.000000000000000000 ) ) ;
#4380 = ORIENTED_EDGE ( 'NONE', *, *, #5769, .T. ) ;
#4381 = ORIENTED_EDGE ( 'NONE', *, *, #4024, .T. ) ;
#4382 = ORIENTED_EDGE ( 'NONE', *, *, #2739, .F. ) ;
#4383 = DIRECTION ( 'NONE',  ( -1.000000000000000000, 0.000000000000000000, 0.000000000000000000 ) ) ;
#4384 = VECTOR ( 'NONE', #942, 1000.000000000000000 ) ;
#4385 = EDGE_LOOP ( 'NONE', ( #9076, #11484, #3480, #7508 ) ) ;
#4386 = DIRECTION ( 'NONE',  ( 0.000000000000000000, 0.000000000000000000, 1.000000000000000000 ) ) ;
#4387 = CYLINDRICAL_SURFACE ( 'NONE', #9671, 2.900000000000003464 ) ;
#4388 = EDGE_CURVE ( 'NONE', #3875, #7242, #3696, .T. ) ;
#4389 = LINE ( 'NONE', #2376, #8946 ) ;
#4390 = ORIENTED_EDGE ( 'NONE', *, *, #12455, .T. ) ;
#4391 = VECTOR ( 'NONE', #8809, 1000.000000000000000 ) ;
#4392 = VERTEX_POINT ( 'NONE', #8368 ) ;
#4393 = DIRECTION ( 'NONE',  ( 1.000000000000000000, -0.000000000000000000, -0.000000000000000000 ) ) ;
#4394 = ORIENTED_EDGE ( 'NONE', *, *, #5693, .T. ) ;
#4395 = EDGE_LOOP ( 'NONE', ( #7385, #3608, #8670, #9696 ) ) ;
#4396 = LINE ( 'NONE', #6474, #2200 ) ;
#4397 = LINE ( 'NONE', #7818, #9400 ) ;
#4398 = VECTOR ( 'NONE', #1780, 1000.000000000000000 ) ;
#4399 = CARTESIAN_POINT ( 'NONE',  ( 76.89999999999999147, 34.00749664306601261, -0.3000000000000006550 ) ) ;
#4400 = LINE ( 'NONE', #1348, #11058 ) ;
#4401 = CARTESIAN_POINT ( 'NONE',  ( 52.98999904913628711, 72.69999999999998863, 3.404999829744058903 ) ) ;
#4402 = FACE_OUTER_BOUND ( 'NONE', #12327, .T. ) ;
#4403 = LINE ( 'NONE', #9598, #2926 ) ;
#4404 = VECTOR ( 'NONE', #5180, 1000.000000000000000 ) ;
#4405 = ORIENTED_EDGE ( 'NONE', *, *, #5214, .T. ) ;
#4406 = VECTOR ( 'NONE', #7856, 1000.000000000000000 ) ;
#4407 = DIRECTION ( 'NONE',  ( -1.000000000000000000, 0.000000000000000000, 0.000000000000000000 ) ) ;
#4408 = EDGE_CURVE ( 'NONE', #1326, #7242, #4592, .T. ) ;
#4409 = DIRECTION ( 'NONE',  ( 0.000000000000000000, 0.000000000000000000, -1.000000000000000000 ) ) ;
#4410 = CYLINDRICAL_SURFACE ( 'NONE', #2118, 0.7500000000000006661 ) ;
#4411 = VERTEX_POINT ( 'NONE', #11378 ) ;
#4412 = EDGE_CURVE ( 'NONE', #6292, #3678, #10597, .T. ) ;
#4413 = ORIENTED_EDGE ( 'NONE', *, *, #9264, .F. ) ;
#4414 = EDGE_CURVE ( 'NONE', #11057, #9557, #2302, .T. ) ;
#4415 = CARTESIAN_POINT ( 'NONE',  ( 24.30000000000000071, 77.69999999999998863, 15.00000000000000000 ) ) ;
#4416 = DIRECTION ( 'NONE',  ( -0.000000000000000000, -0.000000000000000000, 1.000000000000000000 ) ) ;
#4417 = VECTOR ( 'NONE', #8799, 1000.000000000000000 ) ;
#4418 = VECTOR ( 'NONE', #8752, 1000.000000000000114 ) ;
#4419 = EDGE_CURVE ( 'NONE', #9839, #1360, #3556, .T. ) ;
#4420 = DIRECTION ( 'NONE',  ( 0.000000000000000000, -0.000000000000000000, -1.000000000000000000 ) ) ;
#4421 = ADVANCED_FACE ( 'NONE', ( #10385 ), #11628, .F. ) ;
#4422 = ORIENTED_EDGE ( 'NONE', *, *, #8945, .F. ) ;
#4423 = EDGE_CURVE ( 'NONE', #11383, #820, #9412, .T. ) ;
#4424 = DIRECTION ( 'NONE',  ( -1.000000000000000000, 0.000000000000000000, 0.000000000000000000 ) ) ;
#4425 = CARTESIAN_POINT ( 'NONE',  ( 77.69999999999998863, 28.29999999999999716, 9.500000000000005329 ) ) ;
#4426 = CIRCLE ( 'NONE', #9411, 2.000000000000001776 ) ;
#4427 = FACE_OUTER_BOUND ( 'NONE', #11924, .T. ) ;
#4428 = EDGE_CURVE ( 'NONE', #4435, #6650, #4474, .T. ) ;
#4429 = DIRECTION ( 'NONE',  ( 0.000000000000000000, 0.000000000000000000, 1.000000000000000000 ) ) ;
#4430 = EDGE_LOOP ( 'NONE', ( #7734, #4145, #6522, #1268 ) ) ;
#4431 = FACE_BOUND ( 'NONE', #10154, .T. ) ;
#4432 = FACE_OUTER_BOUND ( 'NONE', #9189, .T. ) ;
#4433 = CARTESIAN_POINT ( 'NONE',  ( 25.74999999999999289, 32.25000000000000000, -4.000000000000003553 ) ) ;
#4434 = VECTOR ( 'NONE', #10370, 1000.000000000000000 ) ;
#4435 = VERTEX_POINT ( 'NONE', #7519 ) ;
#4436 = AXIS2_PLACEMENT_3D ( 'NONE', #128, #12100, #10129 ) ;
#4437 = DIRECTION ( 'NONE',  ( 1.299418334065024133E-16, -1.000000000000000000, 0.000000000000000000 ) ) ;
#4438 = ORIENTED_EDGE ( 'NONE', *, *, #12540, .T. ) ;
#4439 = CARTESIAN_POINT ( 'NONE',  ( 28.74999999999999289, 76.14999999999999147, -5.000000000000000000 ) ) ;
#4440 = VERTEX_POINT ( 'NONE', #1667 ) ;
#4441 = CARTESIAN_POINT ( 'NONE',  ( 56.64999999999999147, 24.49999999999999289, 5.999999999999999112 ) ) ;
#4442 = VERTEX_POINT ( 'NONE', #5574 ) ;
#4443 = EDGE_CURVE ( 'NONE', #7822, #11036, #9478, .T. ) ;
#4444 = DIRECTION ( 'NONE',  ( 0.000000000000000000, 1.000000000000000000, 0.000000000000000000 ) ) ;
#4445 = ORIENTED_EDGE ( 'NONE', *, *, #5599, .F. ) ;
#4446 = VERTEX_POINT ( 'NONE', #12419 ) ;
#4447 = CIRCLE ( 'NONE', #1740, 0.4999999999999995559 ) ;
#4448 = VERTEX_POINT ( 'NONE', #4668 ) ;
#4449 = AXIS2_PLACEMENT_3D ( 'NONE', #390, #6442, #11518 ) ;
#4450 = DIRECTION ( 'NONE',  ( -0.000000000000000000, 0.000000000000000000, -1.000000000000000000 ) ) ;
#4451 = ORIENTED_EDGE ( 'NONE', *, *, #10626, .T. ) ;
#4452 = ORIENTED_EDGE ( 'NONE', *, *, #7758, .T. ) ;
#4453 = DIRECTION ( 'NONE',  ( 0.000000000000000000, 0.000000000000000000, -1.000000000000000000 ) ) ;
#4454 = VERTEX_POINT ( 'NONE', #8498 ) ;
#4455 = VECTOR ( 'NONE', #7135, 1000.000000000000000 ) ;
#4456 = CYLINDRICAL_SURFACE ( 'NONE', #5072, 2.899999999999999911 ) ;
#4457 = AXIS2_PLACEMENT_3D ( 'NONE', #3680, #7631, #11925 ) ;
#4458 = CARTESIAN_POINT ( 'NONE',  ( 70.25000000000000000, 68.75000000000000000, 8.499999999999998224 ) ) ;
#4459 = VERTEX_POINT ( 'NONE', #3566 ) ;
#4460 = VERTEX_POINT ( 'NONE', #11497 ) ;
#4461 = CARTESIAN_POINT ( 'NONE',  ( 34.74999955999999202, 48.74999999999999289, -3.100000000000000533 ) ) ;
#4462 = EDGE_LOOP ( 'NONE', ( #8115, #11619, #4481, #12589, #10500, #859, #7051, #10991, #2085, #7588, #1642, #631, #3973, #8927, #6733, #6038 ) ) ;
#4463 = EDGE_LOOP ( 'NONE', ( #1842, #10212, #10331, #11285 ) ) ;
#4464 = CARTESIAN_POINT ( 'NONE',  ( 76.25000000000000000, 67.24999999999998579, -3.500000000000000000 ) ) ;
#4465 = AXIS2_PLACEMENT_3D ( 'NONE', #11277, #3344, #472 ) ;
#4466 = VECTOR ( 'NONE', #8262, 1000.000000000000114 ) ;
#4467 = CARTESIAN_POINT ( 'NONE',  ( 72.63799999999999102, 64.96099999999999852, -3.000000000000000000 ) ) ;
#4468 = EDGE_CURVE ( 'NONE', #5568, #2688, #8629, .T. ) ;
#4469 = DIRECTION ( 'NONE',  ( 0.000000000000000000, -0.7071067811865444641, 0.7071067811865505703 ) ) ;
#4470 = FACE_OUTER_BOUND ( 'NONE', #6799, .T. ) ;
#4471 = VECTOR ( 'NONE', #341, 1000.000000000000000 ) ;
#4472 = DIRECTION ( 'NONE',  ( -0.000000000000000000, 1.172110456741089772E-16, -1.000000000000000000 ) ) ;
#4473 = CARTESIAN_POINT ( 'NONE',  ( 67.25000043999999377, 50.24999999999999289, -4.000000000000000000 ) ) ;
#4474 = LINE ( 'NONE', #689, #1048 ) ;
#4475 = AXIS2_PLACEMENT_3D ( 'NONE', #1731, #4734, #12663 ) ;
#4476 = ORIENTED_EDGE ( 'NONE', *, *, #2526, .F. ) ;
#4477 = CARTESIAN_POINT ( 'NONE',  ( 28.24999999999998579, 34.25000000000000000, 4.499999999999999112 ) ) ;
#4478 = VECTOR ( 'NONE', #6943, 1000.000000000000000 ) ;
#4479 = LINE ( 'NONE', #6430, #6902 ) ;
#4480 = EDGE_LOOP ( 'NONE', ( #7633, #11839, #3174, #11174 ) ) ;
#4481 = ORIENTED_EDGE ( 'NONE', *, *, #10447, .T. ) ;
#4482 = DIRECTION ( 'NONE',  ( 0.000000000000000000, 0.7071067811865524577, 0.7071067811865426878 ) ) ;
#4483 = CARTESIAN_POINT ( 'NONE',  ( 55.64999999999999147, 24.29998799999999548, 5.999999999999999112 ) ) ;
#4484 = CARTESIAN_POINT ( 'NONE',  ( 28.74999999999999289, 76.14999999999999147, 21.50000000000000000 ) ) ;
#4485 = VECTOR ( 'NONE', #491, 1000.000000000000000 ) ;
#4486 = ADVANCED_FACE ( 'NONE', ( #1607 ), #6547, .T. ) ;
#4487 = DIRECTION ( 'NONE',  ( 0.000000000000000000, -0.7071067811865465735, -0.7071067811865483499 ) ) ;
#4488 = VECTOR ( 'NONE', #10793, 1000.000000000000000 ) ;
#4489 = CARTESIAN_POINT ( 'NONE',  ( 36.24999955999999912, 62.75000043999999377, -3.100000000000000533 ) ) ;
#4490 = FACE_OUTER_BOUND ( 'NONE', #6216, .T. ) ;
#4491 = DIRECTION ( 'NONE',  ( 0.000000000000000000, -0.7071067811865444641, 0.7071067811865505703 ) ) ;
#4492 = AXIS2_PLACEMENT_3D ( 'NONE', #3900, #2911, #4080 ) ;
#4493 = DIRECTION ( 'NONE',  ( 0.000000000000000000, 0.000000000000000000, -1.000000000000000000 ) ) ;
#4494 = EDGE_LOOP ( 'NONE', ( #7637, #8732, #3599, #5268 ) ) ;
#4495 = DIRECTION ( 'NONE',  ( 0.000000000000000000, -0.000000000000000000, -1.000000000000000000 ) ) ;
#4496 = CIRCLE ( 'NONE', #11777, 0.7500000000000006661 ) ;
#4497 = DIRECTION ( 'NONE',  ( 1.299418334065024873E-16, -1.000000000000000000, -0.000000000000000000 ) ) ;
#4498 = EDGE_CURVE ( 'NONE', #8905, #8015, #623, .T. ) ;
#4499 = AXIS2_PLACEMENT_3D ( 'NONE', #4895, #1969, #6973 ) ;
#4500 = CARTESIAN_POINT ( 'NONE',  ( 59.14999999999999147, 24.29998799999999548, 6.499999999999999112 ) ) ;
#4501 = ORIENTED_EDGE ( 'NONE', *, *, #2105, .F. ) ;
#4502 = ADVANCED_FACE ( 'NONE', ( #8825 ), #759, .T. ) ;
#4503 = ORIENTED_EDGE ( 'NONE', *, *, #9178, .T. ) ;
#4504 = EDGE_CURVE ( 'NONE', #12510, #6957, #9796, .T. ) ;
#4505 = EDGE_CURVE ( 'NONE', #70, #9759, #9670, .T. ) ;
#4506 = DIRECTION ( 'NONE',  ( 0.000000000000000000, 0.000000000000000000, 1.000000000000000000 ) ) ;
#4507 = AXIS2_PLACEMENT_3D ( 'NONE', #241, #5257, #1283 ) ;
#4508 = ORIENTED_EDGE ( 'NONE', *, *, #598, .T. ) ;
#4509 = DIRECTION ( 'NONE',  ( -0.000000000000000000, 1.000000000000000000, -9.427844978134821433E-17 ) ) ;
#4510 = ORIENTED_EDGE ( 'NONE', *, *, #1880, .F. ) ;
#4511 = DIRECTION ( 'NONE',  ( -1.000000000000000000, 0.000000000000000000, 0.000000000000000000 ) ) ;
#4512 = EDGE_LOOP ( 'NONE', ( #5858, #10185, #5991, #7297 ) ) ;
#4513 = EDGE_CURVE ( 'NONE', #1541, #1531, #1805, .T. ) ;
#4514 = ORIENTED_EDGE ( 'NONE', *, *, #11494, .T. ) ;
#4515 = ORIENTED_EDGE ( 'NONE', *, *, #12048, .F. ) ;
#4516 = EDGE_CURVE ( 'NONE', #803, #9030, #9967, .T. ) ;
#4517 = EDGE_CURVE ( 'NONE', #8859, #4572, #4925, .T. ) ;
#4518 = DIRECTION ( 'NONE',  ( 0.000000000000000000, 0.000000000000000000, 1.000000000000000000 ) ) ;
#4519 = EDGE_LOOP ( 'NONE', ( #2181, #12826, #8227, #3987 ) ) ;
#4520 = CARTESIAN_POINT ( 'NONE',  ( 28.30000000000000426, 77.19999999999998863, 9.999999999999998224 ) ) ;
#4521 = ORIENTED_EDGE ( 'NONE', *, *, #5127, .T. ) ;
#4522 = CARTESIAN_POINT ( 'NONE',  ( 59.69999999999998153, 69.45000000000000284, 7.999999999999998224 ) ) ;
#4523 = CARTESIAN_POINT ( 'NONE',  ( 58.14999999999999147, 24.29998799999999548, 0.5253709514437898687 ) ) ;
#4524 = EDGE_LOOP ( 'NONE', ( #6662, #3628, #10813, #8549 ) ) ;
#4525 = ORIENTED_EDGE ( 'NONE', *, *, #11345, .T. ) ;
#4526 = CARTESIAN_POINT ( 'NONE',  ( 32.39999999999999858, 73.00000000000000000, 9.999999999999998224 ) ) ;
#4527 = ORIENTED_EDGE ( 'NONE', *, *, #2080, .F. ) ;
#4528 = ORIENTED_EDGE ( 'NONE', *, *, #6380, .F. ) ;
#4529 = DIRECTION ( 'NONE',  ( 1.000000000000000000, 0.000000000000000000, 0.000000000000000000 ) ) ;
#4530 = DIRECTION ( 'NONE',  ( -0.000000000000000000, -0.000000000000000000, 1.000000000000000000 ) ) ;
#4531 = LINE ( 'NONE', #5633, #12399 ) ;
#4532 = CYLINDRICAL_SURFACE ( 'NONE', #7934, 1.600000000000004086 ) ;
#4533 = DIRECTION ( 'NONE',  ( 1.000000000000000000, 0.000000000000000000, -0.000000000000000000 ) ) ;
#4534 = DIRECTION ( 'NONE',  ( -0.000000000000000000, -0.000000000000000000, 1.000000000000000000 ) ) ;
#4535 = DIRECTION ( 'NONE',  ( -0.000000000000000000, -0.000000000000000000, 1.000000000000000000 ) ) ;
#4536 = ORIENTED_EDGE ( 'NONE', *, *, #8647, .F. ) ;
#4537 = EDGE_CURVE ( 'NONE', #12869, #11650, #32, .T. ) ;
#4538 = CARTESIAN_POINT ( 'NONE',  ( 71.79999999999999716, 32.25000000000000000, -4.000000000000003553 ) ) ;
#4539 = DIRECTION ( 'NONE',  ( -0.000000000000000000, -1.000000000000000000, -0.000000000000000000 ) ) ;
#4540 = ORIENTED_EDGE ( 'NONE', *, *, #8131, .F. ) ;
#4541 = VERTEX_POINT ( 'NONE', #6744 ) ;
#4542 = CARTESIAN_POINT ( 'NONE',  ( 65.75000043999999377, 50.24999999999999289, -4.000000000000000000 ) ) ;
#4543 = CARTESIAN_POINT ( 'NONE',  ( 74.75000000000000000, 41.94999999999998863, 0.000000000000000000 ) ) ;
#4544 = DIRECTION ( 'NONE',  ( -9.188275156155123322E-17, 0.7071067811865527908, 0.7071067811865422437 ) ) ;
#4545 = FACE_OUTER_BOUND ( 'NONE', #3228, .T. ) ;
#4546 = EDGE_CURVE ( 'NONE', #490, #6642, #7689, .T. ) ;
#4547 = DIRECTION ( 'NONE',  ( -1.000000000000000000, -1.299418334065024626E-16, 0.000000000000000000 ) ) ;
#4548 = CIRCLE ( 'NONE', #5173, 1.000000000000000888 ) ;
#4549 = LINE ( 'NONE', #12434, #5734 ) ;
#4550 = CARTESIAN_POINT ( 'NONE',  ( 70.25000000000000000, 31.67905841137542922, 7.999999999999998224 ) ) ;
#4551 = CARTESIAN_POINT ( 'NONE',  ( 72.63799999999999102, 68.99999999999998579, -1.600000000000000311 ) ) ;
#4552 = ORIENTED_EDGE ( 'NONE', *, *, #8707, .T. ) ;
#4553 = CARTESIAN_POINT ( 'NONE',  ( 73.69999999999998863, 73.69999999999998863, 9.999999999999998224 ) ) ;
#4554 = CARTESIAN_POINT ( 'NONE',  ( 61.64999999999999147, 24.49999999999999289, 6.499999999999999112 ) ) ;
#4555 = CARTESIAN_POINT ( 'NONE',  ( 61.84999999999998721, 24.29999999999999361, 15.00000000000000000 ) ) ;
#4556 = VECTOR ( 'NONE', #11451, 1000.000000000000000 ) ;
#4557 = ORIENTED_EDGE ( 'NONE', *, *, #6803, .F. ) ;
#4558 = DIRECTION ( 'NONE',  ( -0.000000000000000000, -1.000000000000000000, -0.000000000000000000 ) ) ;
#4559 = DIRECTION ( 'NONE',  ( 0.000000000000000000, 0.000000000000000000, 1.000000000000000000 ) ) ;
#4560 = ORIENTED_EDGE ( 'NONE', *, *, #1950, .F. ) ;
#4561 = CARTESIAN_POINT ( 'NONE',  ( 29.00000000000000000, 29.00000000000000000, -4.500000000000000888 ) ) ;
#4562 = ORIENTED_EDGE ( 'NONE', *, *, #6933, .T. ) ;
#4563 = CARTESIAN_POINT ( 'NONE',  ( 68.75000000000000000, 40.52874832153299423, 0.000000000000000000 ) ) ;
#4564 = ORIENTED_EDGE ( 'NONE', *, *, #440, .F. ) ;
#4565 = AXIS2_PLACEMENT_3D ( 'NONE', #3251, #1422, #4407 ) ;
#4566 = EDGE_CURVE ( 'NONE', #8604, #3034, #5207, .T. ) ;
#4567 = ORIENTED_EDGE ( 'NONE', *, *, #9071, .T. ) ;
#4568 = EDGE_LOOP ( 'NONE', ( #5497, #5555, #1905, #2036 ) ) ;
#4569 = EDGE_CURVE ( 'NONE', #12441, #201, #8737, .T. ) ;
#4570 = EDGE_CURVE ( 'NONE', #4009, #7370, #10396, .T. ) ;
#4571 = DIRECTION ( 'NONE',  ( 0.000000000000000000, 0.000000000000000000, 1.000000000000000000 ) ) ;
#4572 = VERTEX_POINT ( 'NONE', #10641 ) ;
#4573 = VERTEX_POINT ( 'NONE', #1732 ) ;
#4574 = FACE_OUTER_BOUND ( 'NONE', #4462, .T. ) ;
#4575 = VECTOR ( 'NONE', #5166, 1000.000000000000000 ) ;
#4576 = VERTEX_POINT ( 'NONE', #8689 ) ;
#4577 = VECTOR ( 'NONE', #5400, 1000.000000000000000 ) ;
#4578 = CARTESIAN_POINT ( 'NONE',  ( 0.000000000000000000, 31.75000000000000000, 4.499999999999999112 ) ) ;
#4579 = EDGE_CURVE ( 'NONE', #7370, #1578, #5963, .T. ) ;
#4580 = EDGE_CURVE ( 'NONE', #8189, #8848, #3976, .T. ) ;
#4581 = EDGE_CURVE ( 'NONE', #6810, #12334, #2900, .T. ) ;
#4582 = DIRECTION ( 'NONE',  ( 0.000000000000000000, 0.000000000000000000, -1.000000000000000000 ) ) ;
#4583 = ADVANCED_FACE ( 'NONE', ( #10835 ), #11031, .F. ) ;
#4584 = EDGE_CURVE ( 'NONE', #12254, #8334, #7899, .T. ) ;
#4585 = ORIENTED_EDGE ( 'NONE', *, *, #1849, .T. ) ;
#4586 = EDGE_CURVE ( 'NONE', #11259, #7029, #9789, .T. ) ;
#4587 = EDGE_LOOP ( 'NONE', ( #5042, #6595, #12164, #10767 ) ) ;
#4588 = CARTESIAN_POINT ( 'NONE',  ( 74.25000000000000000, 73.00000000000000000, -1.600000000000000311 ) ) ;
#4589 = ORIENTED_EDGE ( 'NONE', *, *, #3898, .T. ) ;
#4590 = VERTEX_POINT ( 'NONE', #10716 ) ;
#4591 = CARTESIAN_POINT ( 'NONE',  ( 72.75000000000000000, 70.25000000000000000, 3.404999829744057127 ) ) ;
#4592 = CIRCLE ( 'NONE', #6869, 1.500000000000001332 ) ;
#4593 = LINE ( 'NONE', #5436, #5737 ) ;
#4594 = CARTESIAN_POINT ( 'NONE',  ( 75.90887106545882546, 40.40749664306598987, 0.5606335851644834722 ) ) ;
#4595 = CARTESIAN_POINT ( 'NONE',  ( 34.24999999999998579, 29.35000000000000497, -1.600000000000004086 ) ) ;
#4596 = DIRECTION ( 'NONE',  ( -1.000000000000000000, 0.000000000000000000, 0.000000000000000000 ) ) ;
#4597 = AXIS2_PLACEMENT_3D ( 'NONE', #5303, #8029, #11947 ) ;
#4598 = CARTESIAN_POINT ( 'NONE',  ( 26.10000000000000497, 29.00000000000000000, 9.499999999999991118 ) ) ;
#4599 = ORIENTED_EDGE ( 'NONE', *, *, #11107, .F. ) ;
#4600 = ORIENTED_EDGE ( 'NONE', *, *, #4566, .F. ) ;
#4601 = ORIENTED_EDGE ( 'NONE', *, *, #5936, .F. ) ;
#4603 = CARTESIAN_POINT ( 'NONE',  ( 70.25000000000000000, 68.75000000000000000, 3.404999829744057127 ) ) ;
#4602 = AXIS2_PLACEMENT_3D ( 'NONE', #1460, #349, #4322 ) ;
#4604 = PLANE ( 'NONE',  #3581 ) ;
#4605 = ORIENTED_EDGE ( 'NONE', *, *, #2996, .T. ) ;
#4606 = ORIENTED_EDGE ( 'NONE', *, *, #8705, .F. ) ;
#4607 = DIRECTION ( 'NONE',  ( 0.000000000000000000, 0.000000000000000000, -1.000000000000000000 ) ) ;
#4608 = LINE ( 'NONE', #3645, #734 ) ;
#4609 = DIRECTION ( 'NONE',  ( 0.000000000000000000, -1.000000000000000000, 0.000000000000000000 ) ) ;
#4610 = VECTOR ( 'NONE', #11956, 1000.000000000000000 ) ;
#4611 = AXIS2_PLACEMENT_3D ( 'NONE', #7722, #8704, #12676 ) ;
#4612 = LINE ( 'NONE', #3514, #6213 ) ;
#4613 = CARTESIAN_POINT ( 'NONE',  ( 70.94999999999997442, 58.19999999999998863, 4.999999999999998224 ) ) ;
#4614 = CARTESIAN_POINT ( 'NONE',  ( 53.25000000000000000, 27.35000000000000853, -4.000000000000000000 ) ) ;
#4615 = CARTESIAN_POINT ( 'NONE',  ( 75.89999999999999147, 73.00000000000000000, 9.500000000000001776 ) ) ;
#4616 = AXIS2_PLACEMENT_3D ( 'NONE', #11488, #7032, #6054 ) ;
#4617 = DIRECTION ( 'NONE',  ( 0.000000000000000000, -0.000000000000000000, 1.000000000000000000 ) ) ;
#4618 = ORIENTED_EDGE ( 'NONE', *, *, #3321, .T. ) ;
#4619 = VECTOR ( 'NONE', #1536, 1000.000000000000000 ) ;
#4620 = FACE_BOUND ( 'NONE', #1637, .T. ) ;
#4621 = DIRECTION ( 'NONE',  ( 0.000000000000000000, 0.000000000000000000, 1.000000000000000000 ) ) ;
#4622 = ORIENTED_EDGE ( 'NONE', *, *, #6323, .F. ) ;
#4623 = PLANE ( 'NONE',  #5884 ) ;
#4624 = EDGE_CURVE ( 'NONE', #2644, #9209, #3756, .T. ) ;
#4625 = ORIENTED_EDGE ( 'NONE', *, *, #2447, .F. ) ;
#4626 = ORIENTED_EDGE ( 'NONE', *, *, #7977, .T. ) ;
#4627 = PLANE ( 'NONE',  #11357 ) ;
#4628 = APPROVAL_ROLE ( '' ) ;
#4629 = VECTOR ( 'NONE', #3335, 1000.000000000000000 ) ;
#4630 = EDGE_CURVE ( 'NONE', #5027, #8276, #3565, .T. ) ;
#4631 = CARTESIAN_POINT ( 'NONE',  ( 24.30000000000000426, 54.74999999999999289, 1.100000660000000074 ) ) ;
#4632 = ORIENTED_EDGE ( 'NONE', *, *, #7736, .F. ) ;
#4633 = DIRECTION ( 'NONE',  ( 1.299418334065024873E-16, -1.000000000000000000, -0.000000000000000000 ) ) ;
#4634 = ORIENTED_EDGE ( 'NONE', *, *, #3155, .T. ) ;
#4635 = CYLINDRICAL_SURFACE ( 'NONE', #9021, 1.000000000000000888 ) ;
#4636 = ORIENTED_EDGE ( 'NONE', *, *, #3130, .T. ) ;
#4637 = ORIENTED_EDGE ( 'NONE', *, *, #5901, .F. ) ;
#4638 = ORIENTED_EDGE ( 'NONE', *, *, #12777, .T. ) ;
#4639 = AXIS2_PLACEMENT_3D ( 'NONE', #10314, #488, #5309 ) ;
#4640 = CIRCLE ( 'NONE', #10237, 0.5000000000000000000 ) ;
#4641 = ORIENTED_EDGE ( 'NONE', *, *, #4829, .T. ) ;
#4642 = DIRECTION ( 'NONE',  ( 0.000000000000000000, 0.000000000000000000, 1.000000000000000000 ) ) ;
#4643 = ORIENTED_EDGE ( 'NONE', *, *, #4112, .T. ) ;
#4644 = LINE ( 'NONE', #11742, #926 ) ;
#4645 = CARTESIAN_POINT ( 'NONE',  ( 43.19999999999998153, 36.95000000000000284, 4.999999999999998224 ) ) ;
#4646 = ADVANCED_FACE ( 'NONE', ( #5172 ), #2093, .F. ) ;
#4647 = VERTEX_POINT ( 'NONE', #5114 ) ;
#4648 = VECTOR ( 'NONE', #10771, 1000.000000000000000 ) ;
#4649 = ADVANCED_FACE ( 'NONE', ( #6210 ), #7057, .F. ) ;
#4650 = DIRECTION ( 'NONE',  ( -1.299418334065024626E-16, 1.000000000000000000, 0.000000000000000000 ) ) ;
#4651 = EDGE_LOOP ( 'NONE', ( #2736, #7747, #11843, #9782 ) ) ;
#4652 = CARTESIAN_POINT ( 'NONE',  ( 61.14999999999999147, 24.49999999999999289, 5.999999999999999112 ) ) ;
#4653 = ORIENTED_EDGE ( 'NONE', *, *, #12320, .F. ) ;
#4654 = VECTOR ( 'NONE', #3580, 1000.000000000000000 ) ;
#4655 = ORIENTED_EDGE ( 'NONE', *, *, #1214, .T. ) ;
#4656 = DIRECTION ( 'NONE',  ( -1.000000000000000000, 0.000000000000000000, 0.000000000000000000 ) ) ;
#4657 = DIRECTION ( 'NONE',  ( -1.000000000000000000, 0.000000000000000000, 0.000000000000000000 ) ) ;
#4658 = LINE ( 'NONE', #12728, #6072 ) ;
#4659 = EDGE_CURVE ( 'NONE', #7625, #8416, #6257, .T. ) ;
#4660 = VECTOR ( 'NONE', #3563, 1000.000000000000000 ) ;
#4661 = CONICAL_SURFACE ( 'NONE', #2795, 3.500000000000003109, 0.7853981633974380649 ) ;
#4662 = DIRECTION ( 'NONE',  ( 1.000000000000000000, 0.000000000000000000, 0.000000000000000000 ) ) ;
#4663 = EDGE_CURVE ( 'NONE', #12094, #9209, #3103, .T. ) ;
#4664 = AXIS2_PLACEMENT_3D ( 'NONE', #8500, #11380, #2462 ) ;
#4665 = CARTESIAN_POINT ( 'NONE',  ( 53.25000000000000000, 74.64999999999999147, -3.100000000000000533 ) ) ;
#4666 = DIRECTION ( 'NONE',  ( 0.000000000000000000, 0.000000000000000000, -1.000000000000000000 ) ) ;
#4667 = ADVANCED_FACE ( 'NONE', ( #9074 ), #4071, .F. ) ;
#4668 = CARTESIAN_POINT ( 'NONE',  ( 65.64999999999999147, 25.75000000000000000, 0.02537095144379032663 ) ) ;
#4669 = ORIENTED_EDGE ( 'NONE', *, *, #6456, .T. ) ;
#4670 = EDGE_CURVE ( 'NONE', #9387, #5831, #11221, .T. ) ;
#4671 = AXIS2_PLACEMENT_3D ( 'NONE', #12195, #2363, #4379 ) ;
#4672 = AXIS2_PLACEMENT_3D ( 'NONE', #7940, #3007, #2032 ) ;
#4673 = ORIENTED_EDGE ( 'NONE', *, *, #7998, .T. ) ;
#4674 = CIRCLE ( 'NONE', #81, 1.600000000000004086 ) ;
#4675 = ORIENTED_EDGE ( 'NONE', *, *, #2994, .F. ) ;
#4676 = DIRECTION ( 'NONE',  ( 1.299418334065024873E-16, -1.000000000000000000, -0.000000000000000000 ) ) ;
#4677 = DIRECTION ( 'NONE',  ( 0.000000000000000000, 0.000000000000000000, -1.000000000000000000 ) ) ;
#4678 = ORIENTED_EDGE ( 'NONE', *, *, #8867, .T. ) ;
#4679 = VECTOR ( 'NONE', #6987, 1000.000000000000000 ) ;
#4680 = EDGE_CURVE ( 'NONE', #8467, #402, #3134, .T. ) ;
#4681 = EDGE_LOOP ( 'NONE', ( #4276, #7316, #5205, #6651 ) ) ;
#4682 = CARTESIAN_POINT ( 'NONE',  ( 65.14999999999999147, 24.49999999999997513, 6.499999999999999112 ) ) ;
#4683 = CARTESIAN_POINT ( 'NONE',  ( 29.00000000000000000, 29.00000000000000000, 6.499999999999999112 ) ) ;
#4684 = CARTESIAN_POINT ( 'NONE',  ( 53.14999999999999147, 24.49999999999999289, 0.5253709514437873151 ) ) ;
#4685 = CIRCLE ( 'NONE', #100, 2.900000000000003464 ) ;
#4686 = AXIS2_PLACEMENT_3D ( 'NONE', #11086, #4130, #1136 ) ;
#4687 = PLANE ( 'NONE',  #6062 ) ;
#4688 = VECTOR ( 'NONE', #1296, 1000.000000000000000 ) ;
#4689 = DIRECTION ( 'NONE',  ( -1.000000000000000000, 0.000000000000000000, 0.000000000000000000 ) ) ;
#4691 = DIRECTION ( 'NONE',  ( -1.000000000000000000, 0.000000000000000000, 0.000000000000000000 ) ) ;
#4690 = AXIS2_PLACEMENT_3D ( 'NONE', #12427, #9488, #634 ) ;
#4692 = CARTESIAN_POINT ( 'NONE',  ( 67.74999999999998579, 73.75000000000000000, 0.000000000000000000 ) ) ;
#4693 = DIRECTION ( 'NONE',  ( -0.000000000000000000, -0.000000000000000000, 1.000000000000000000 ) ) ;
#4694 = AXIS2_PLACEMENT_3D ( 'NONE', #3029, #6999, #10964 ) ;
#4695 = LINE ( 'NONE', #3717, #9689 ) ;
#4696 = ORIENTED_EDGE ( 'NONE', *, *, #12455, .F. ) ;
#4697 = CARTESIAN_POINT ( 'NONE',  ( 34.24999999999998579, 29.35000000000000497, -4.000000000000003553 ) ) ;
#4698 = DIRECTION ( 'NONE',  ( 0.000000000000000000, 0.000000000000000000, 1.000000000000000000 ) ) ;
#4699 = ORIENTED_EDGE ( 'NONE', *, *, #8882, .T. ) ;
#4700 = DIRECTION ( 'NONE',  ( 1.000000000000000000, 0.000000000000000000, 0.000000000000000000 ) ) ;
#4701 = VECTOR ( 'NONE', #4656, 1000.000000000000000 ) ;
#4702 = CIRCLE ( 'NONE', #2411, 3.000000000000002665 ) ;
#4703 = DIRECTION ( 'NONE',  ( 0.000000000000000000, 0.000000000000000000, 1.000000000000000000 ) ) ;
#4704 = DIRECTION ( 'NONE',  ( 0.000000000000000000, 0.000000000000000000, 1.000000000000000000 ) ) ;
#4705 = VERTEX_POINT ( 'NONE', #2180 ) ;
#4706 = DIRECTION ( 'NONE',  ( 0.000000000000000000, 0.000000000000000000, -1.000000000000000000 ) ) ;
#4707 = ADVANCED_FACE ( 'NONE', ( #10167 ), #4269, .F. ) ;
#4708 = ORIENTED_EDGE ( 'NONE', *, *, #687, .F. ) ;
#4709 = VECTOR ( 'NONE', #12146, 1000.000000000000000 ) ;
#4710 = AXIS2_PLACEMENT_3D ( 'NONE', #10204, #4429, #7419 ) ;
#4711 = CARTESIAN_POINT ( 'NONE',  ( 70.49999999999998579, 32.67905841137542922, 13.86814535675424764 ) ) ;
#4712 = ORIENTED_EDGE ( 'NONE', *, *, #8955, .T. ) ;
#4713 = ORIENTED_EDGE ( 'NONE', *, *, #10263, .F. ) ;
#4714 = ORIENTED_EDGE ( 'NONE', *, *, #2080, .T. ) ;
#4715 = VECTOR ( 'NONE', #1742, 1000.000000000000000 ) ;
#4716 = EDGE_CURVE ( 'NONE', #2028, #7958, #1199, .T. ) ;
#4717 = DIRECTION ( 'NONE',  ( 0.000000000000000000, 0.000000000000000000, -1.000000000000000000 ) ) ;
#4718 = ORIENTED_EDGE ( 'NONE', *, *, #1322, .T. ) ;
#4719 = AXIS2_PLACEMENT_3D ( 'NONE', #782, #10533, #5592 ) ;
#4720 = DIRECTION ( 'NONE',  ( -1.299418334065024133E-16, 1.000000000000000000, 0.000000000000000000 ) ) ;
#4721 = LINE ( 'NONE', #12716, #10618 ) ;
#4722 = ORIENTED_EDGE ( 'NONE', *, *, #1820, .T. ) ;
#4723 = EDGE_CURVE ( 'NONE', #4272, #11032, #9203, .T. ) ;
#4724 = CARTESIAN_POINT ( 'NONE',  ( 55.64999999999999147, 24.29999999999999361, -0.1746290485562093375 ) ) ;
#4725 = ORIENTED_EDGE ( 'NONE', *, *, #12861, .F. ) ;
#4726 = FACE_OUTER_BOUND ( 'NONE', #7709, .T. ) ;
#4727 = VERTEX_POINT ( 'NONE', #3226 ) ;
#4728 = ORIENTED_EDGE ( 'NONE', *, *, #3059, .F. ) ;
#4729 = FACE_OUTER_BOUND ( 'NONE', #5778, .T. ) ;
#4730 = DIRECTION ( 'NONE',  ( -1.299418334065024873E-16, 1.000000000000000000, 0.000000000000000000 ) ) ;
#4731 = CARTESIAN_POINT ( 'NONE',  ( 66.14999999999999147, 24.29999999999999716, 0.5253709514437902017 ) ) ;
#4732 = DIRECTION ( 'NONE',  ( 0.000000000000000000, 0.7071067811865442421, 0.7071067811865507924 ) ) ;
#4733 = DIRECTION ( 'NONE',  ( 1.000000000000000000, 0.000000000000000000, 0.000000000000000000 ) ) ;
#4734 = DIRECTION ( 'NONE',  ( 0.000000000000000000, -0.000000000000000000, -1.000000000000000000 ) ) ;
#4735 = DIRECTION ( 'NONE',  ( -1.299418334065024873E-16, 1.000000000000000000, 0.000000000000000000 ) ) ;
#4736 = ORIENTED_EDGE ( 'NONE', *, *, #3881, .F. ) ;
#4737 = EDGE_CURVE ( 'NONE', #9453, #9338, #1137, .T. ) ;
#4738 = VERTEX_POINT ( 'NONE', #7189 ) ;
#4739 = ORIENTED_EDGE ( 'NONE', *, *, #278, .T. ) ;
#4740 = DIRECTION ( 'NONE',  ( 0.000000000000000000, 0.000000000000000000, -1.000000000000000000 ) ) ;
#4741 = DIRECTION ( 'NONE',  ( -1.000000000000000000, 0.000000000000000000, 0.000000000000000000 ) ) ;
#4742 = ORIENTED_EDGE ( 'NONE', *, *, #10715, .F. ) ;
#4743 = ORIENTED_EDGE ( 'NONE', *, *, #8479, .F. ) ;
#4744 = DIRECTION ( 'NONE',  ( 1.000000000000000000, 0.000000000000000000, 0.000000000000000000 ) ) ;
#4745 = CARTESIAN_POINT ( 'NONE',  ( 76.19846960050000462, 33.23685177150706949, 2.984811540622635206 ) ) ;
#4746 = EDGE_CURVE ( 'NONE', #1624, #4135, #8536, .T. ) ;
#4747 = CARTESIAN_POINT ( 'NONE',  ( 66.84999999999996589, 24.29999999999999716, 0.5253709514437902017 ) ) ;
#4748 = ADVANCED_FACE ( 'NONE', ( #9976 ), #7249, .F. ) ;
#4749 = LINE ( 'NONE', #1029, #4406 ) ;
#4750 = ADVANCED_FACE ( 'NONE', ( #3031 ), #7000, .T. ) ;
#4751 = DIRECTION ( 'NONE',  ( 0.000000000000000000, 0.000000000000000000, -1.000000000000000000 ) ) ;
#4752 = DIRECTION ( 'NONE',  ( -1.000000000000000000, 0.000000000000000000, 0.000000000000000000 ) ) ;
#4753 = EDGE_CURVE ( 'NONE', #1734, #2371, #12278, .T. ) ;
#4754 = EDGE_CURVE ( 'NONE', #644, #10311, #642, .T. ) ;
#4755 = CARTESIAN_POINT ( 'NONE',  ( 71.75000000000000000, 29.00000000000000000, -4.500000000000000888 ) ) ;
#4756 = DIRECTION ( 'NONE',  ( -1.000000000000000000, 0.000000000000000000, 0.000000000000000000 ) ) ;
#4757 = CARTESIAN_POINT ( 'NONE',  ( 34.74999999999997868, 74.75000000000000000, 8.499999999999998224 ) ) ;
#4758 = ORIENTED_EDGE ( 'NONE', *, *, #11591, .F. ) ;
#4759 = DIRECTION ( 'NONE',  ( -1.000000000000000000, -9.239539153005627011E-17, 0.000000000000000000 ) ) ;
#4760 = CYLINDRICAL_SURFACE ( 'NONE', #6782, 0.5000000000000004441 ) ;
#4761 = ORIENTED_EDGE ( 'NONE', *, *, #12680, .T. ) ;
#4762 = DIRECTION ( 'NONE',  ( 0.000000000000000000, 1.000000000000000000, 0.000000000000000000 ) ) ;
#4763 = VECTOR ( 'NONE', #9562, 1000.000000000000000 ) ;
#4764 = CYLINDRICAL_SURFACE ( 'NONE', #2213, 1.500000000000000000 ) ;
#4765 = DIRECTION ( 'NONE',  ( -0.7071067811865524577, 0.000000000000000000, -0.7071067811865426878 ) ) ;
#4766 = ORIENTED_EDGE ( 'NONE', *, *, #4977, .F. ) ;
#4767 = CARTESIAN_POINT ( 'NONE',  ( 73.38799999999999102, 65.71099999999999852, -3.000000000000000000 ) ) ;
#4768 = ORIENTED_EDGE ( 'NONE', *, *, #934, .T. ) ;
#4769 = CARTESIAN_POINT ( 'NONE',  ( 25.74999999999999289, 55.74999999999999289, 2.100000659999999630 ) ) ;
#4770 = ORIENTED_EDGE ( 'NONE', *, *, #10617, .T. ) ;
#4771 = ORIENTED_EDGE ( 'NONE', *, *, #1087, .T. ) ;
#4772 = LINE ( 'NONE', #1414, #11055 ) ;
#4773 = DIRECTION ( 'NONE',  ( 0.000000000000000000, 0.000000000000000000, -1.000000000000000000 ) ) ;
#4774 = CIRCLE ( 'NONE', #6432, 1.000000000000000888 ) ;
#4775 = FACE_OUTER_BOUND ( 'NONE', #5194, .T. ) ;
#4776 = EDGE_LOOP ( 'NONE', ( #442, #6921, #1741, #12789, #6136, #12196, #11575, #9329 ) ) ;
#4777 = DIRECTION ( 'NONE',  ( 0.000000000000000000, 0.000000000000000000, -1.000000000000000000 ) ) ;
#4778 = LINE ( 'NONE', #10821, #853 ) ;
#4779 = AXIS2_PLACEMENT_3D ( 'NONE', #4286, #8245, #5189 ) ;
#4780 = ORIENTED_EDGE ( 'NONE', *, *, #10225, .F. ) ;
#4781 = FACE_OUTER_BOUND ( 'NONE', #10678, .T. ) ;
#4782 = ORIENTED_EDGE ( 'NONE', *, *, #9708, .T. ) ;
#4783 = CARTESIAN_POINT ( 'NONE',  ( 34.24999999999998579, 28.24999999999999645, 4.499999999999999112 ) ) ;
#4784 = ORIENTED_EDGE ( 'NONE', *, *, #2984, .T. ) ;
#4785 = ORIENTED_EDGE ( 'NONE', *, *, #2317, .T. ) ;
#4786 = DIRECTION ( 'NONE',  ( -1.299418334065024873E-16, 1.000000000000000000, 0.000000000000000000 ) ) ;
#4787 = CARTESIAN_POINT ( 'NONE',  ( 76.14999999999999147, 73.25000000000000000, 21.50000000000000000 ) ) ;
#4788 = VECTOR ( 'NONE', #7957, 1000.000000000000000 ) ;
#4789 = FACE_OUTER_BOUND ( 'NONE', #350, .T. ) ;
#4790 = CIRCLE ( 'NONE', #5402, 1.250000000000001110 ) ;
#4791 = CARTESIAN_POINT ( 'NONE',  ( 28.80000000000000782, 47.54999999999999716, 2.100000660000000519 ) ) ;
#4792 = EDGE_CURVE ( 'NONE', #2485, #3633, #668, .T. ) ;
#4793 = CARTESIAN_POINT ( 'NONE',  ( 72.63799999999999102, 63.67200000000001836, -1.600000000000000311 ) ) ;
#4794 = DIRECTION ( 'NONE',  ( -1.299418334065024873E-16, 1.000000000000000000, 0.000000000000000000 ) ) ;
#4795 = DIRECTION ( 'NONE',  ( 0.000000000000000000, 0.000000000000000000, 1.000000000000000000 ) ) ;
#4796 = VERTEX_POINT ( 'NONE', #6408 ) ;
#4797 = AXIS2_PLACEMENT_3D ( 'NONE', #6930, #5892, #6676 ) ;
#4798 = AXIS2_PLACEMENT_3D ( 'NONE', #4220, #3257, #1163 ) ;
#4799 = ORIENTED_EDGE ( 'NONE', *, *, #1483, .F. ) ;
#4800 = VERTEX_POINT ( 'NONE', #8543 ) ;
#4801 = LINE ( 'NONE', #12545, #7974 ) ;
#4802 = CARTESIAN_POINT ( 'NONE',  ( 27.35000000000000142, 32.25000000000000000, -4.000000000000000000 ) ) ;
#4803 = VERTEX_POINT ( 'NONE', #10560 ) ;
#4804 = ORIENTED_EDGE ( 'NONE', *, *, #4034, .F. ) ;
#4805 = FACE_OUTER_BOUND ( 'NONE', #11958, .T. ) ;
#4806 = FACE_OUTER_BOUND ( 'NONE', #11698, .T. ) ;
#4807 = DIRECTION ( 'NONE',  ( 1.000000000000000000, 0.000000000000000000, 0.000000000000000000 ) ) ;
#4808 = VECTOR ( 'NONE', #12592, 1000.000000000000000 ) ;
#4809 = DIRECTION ( 'NONE',  ( -1.000000000000000000, 0.000000000000000000, 0.000000000000000000 ) ) ;
#4810 = DIRECTION ( 'NONE',  ( -1.000000000000000000, 0.000000000000000000, 0.000000000000000000 ) ) ;
#4811 = DIRECTION ( 'NONE',  ( -0.7071067811865515695, -9.188275156155103601E-17, -0.7071067811865434649 ) ) ;
#4812 = ADVANCED_FACE ( 'NONE', ( #1594 ), #6597, .T. ) ;
#4813 = CARTESIAN_POINT ( 'NONE',  ( 75.50000000000000000, 40.52874832153299423, -7.742170755803060800 ) ) ;
#4814 = CARTESIAN_POINT ( 'NONE',  ( 28.24999999999998579, 34.25000000000000000, 0.000000000000000000 ) ) ;
#4815 = EDGE_CURVE ( 'NONE', #2858, #8413, #9573, .T. ) ;
#4816 = VECTOR ( 'NONE', #4450, 1000.000000000000000 ) ;
#4817 = DIRECTION ( 'NONE',  ( -0.000000000000000000, -0.000000000000000000, 1.000000000000000000 ) ) ;
#4818 = VERTEX_POINT ( 'NONE', #9580 ) ;
#4819 = LINE ( 'NONE', #8783, #2506 ) ;
#4820 = CARTESIAN_POINT ( 'NONE',  ( 61.64999999999999147, 25.75000000000000000, 5.999999999999999112 ) ) ;
#4821 = ORIENTED_EDGE ( 'NONE', *, *, #1319, .F. ) ;
#4822 = AXIS2_PLACEMENT_3D ( 'NONE', #2050, #5107, #11023 ) ;
#4823 = LINE ( 'NONE', #12888, #4007 ) ;
#4824 = ADVANCED_FACE ( 'NONE', ( #9464 ), #7384, .F. ) ;
#4825 = EDGE_CURVE ( 'NONE', #224, #8994, #3422, .T. ) ;
#4826 = DIRECTION ( 'NONE',  ( 9.239539153005629476E-17, -1.000000000000000000, 0.000000000000000000 ) ) ;
#4827 = EDGE_CURVE ( 'NONE', #2949, #571, #4389, .T. ) ;
#4828 = DIRECTION ( 'NONE',  ( -1.000000000000000000, 0.000000000000000000, 0.000000000000000000 ) ) ;
#4829 = EDGE_CURVE ( 'NONE', #2248, #6667, #10364, .T. ) ;
#4830 = AXIS2_PLACEMENT_3D ( 'NONE', #2401, #6373, #3312 ) ;
#4831 = VERTEX_POINT ( 'NONE', #12463 ) ;
#4832 = VECTOR ( 'NONE', #1746, 1000.000000000000114 ) ;
#4833 = DIRECTION ( 'NONE',  ( -0.000000000000000000, -0.000000000000000000, -1.000000000000000000 ) ) ;
#4834 = VERTEX_POINT ( 'NONE', #3354 ) ;
#4835 = DIRECTION ( 'NONE',  ( 0.000000000000000000, 0.000000000000000000, -1.000000000000000000 ) ) ;
#4836 = ORIENTED_EDGE ( 'NONE', *, *, #2822, .F. ) ;
#4837 = CARTESIAN_POINT ( 'NONE',  ( 63.14999999999998437, 24.29998799999999548, 6.499999999999999112 ) ) ;
#4838 = CARTESIAN_POINT ( 'NONE',  ( 72.44999999999997442, 52.44999999999999574, 6.499999999999999112 ) ) ;
#4839 = VECTOR ( 'NONE', #8621, 1000.000000000000000 ) ;
#4840 = CARTESIAN_POINT ( 'NONE',  ( 64.14999999999999147, 24.29998799999999548, 0.02537095144379032663 ) ) ;
#4841 = VERTEX_POINT ( 'NONE', #12265 ) ;
#4842 = CARTESIAN_POINT ( 'NONE',  ( 73.00000000000000000, 73.00000000000000000, 6.499999999999999112 ) ) ;
#4843 = CARTESIAN_POINT ( 'NONE',  ( -1.272130549049658704E-13, 68.74999999999994316, 8.499999999999998224 ) ) ;
#4844 = EDGE_CURVE ( 'NONE', #1394, #8668, #2446, .T. ) ;
#4845 = VERTEX_POINT ( 'NONE', #6350 ) ;
#4846 = CARTESIAN_POINT ( 'NONE',  ( 70.09999999999999432, 29.00000000000000000, 6.499999999999999112 ) ) ;
#4847 = ORIENTED_EDGE ( 'NONE', *, *, #1086, .T. ) ;
#4848 = DIRECTION ( 'NONE',  ( -0.000000000000000000, -0.000000000000000000, 1.000000000000000000 ) ) ;
#4849 = VERTEX_POINT ( 'NONE', #9397 ) ;
#4850 = ORIENTED_EDGE ( 'NONE', *, *, #11661, .F. ) ;
#4852 = FACE_OUTER_BOUND ( 'NONE', #3583, .T. ) ;
#4851 = VECTOR ( 'NONE', #6318, 1000.000000000000000 ) ;
#4853 = LINE ( 'NONE', #4920, #9055 ) ;
#4854 = DIRECTION ( 'NONE',  ( 0.000000000000000000, -0.000000000000000000, 1.000000000000000000 ) ) ;
#4855 = LINE ( 'NONE', #8822, #11307 ) ;
#4856 = VECTOR ( 'NONE', #9879, 1000.000000000000000 ) ;
#4857 = LINE ( 'NONE', #2896, #5696 ) ;
#4858 = CARTESIAN_POINT ( 'NONE',  ( 34.24999999999998579, 73.75000000000000000, -3.500000000000000000 ) ) ;
#4859 = CARTESIAN_POINT ( 'NONE',  ( 76.14999999999999147, 73.25000000000000000, -5.000000000000000000 ) ) ;
#4860 = ORIENTED_EDGE ( 'NONE', *, *, #2350, .F. ) ;
#4861 = VERTEX_POINT ( 'NONE', #8350 ) ;
#4862 = ORIENTED_EDGE ( 'NONE', *, *, #430, .T. ) ;
#4863 = DIRECTION ( 'NONE',  ( 0.000000000000000000, 1.000000000000000000, 0.000000000000000000 ) ) ;
#4864 = EDGE_CURVE ( 'NONE', #2102, #4411, #12076, .T. ) ;
#4865 = DIRECTION ( 'NONE',  ( 0.000000000000000000, 0.000000000000000000, 1.000000000000000000 ) ) ;
#4866 = ORIENTED_EDGE ( 'NONE', *, *, #10617, .F. ) ;
#4867 = AXIS2_PLACEMENT_3D ( 'NONE', #5572, #10323, #5635 ) ;
#4868 = ORIENTED_EDGE ( 'NONE', *, *, #6461, .T. ) ;
#4869 = CARTESIAN_POINT ( 'NONE',  ( 64.25000043999999377, 39.24999955999999912, -3.100000000000000533 ) ) ;
#4870 = CARTESIAN_POINT ( 'NONE',  ( 30.24999999999998579, 32.25000000000000000, -4.000000000000003553 ) ) ;
#4871 = VECTOR ( 'NONE', #7727, 1000.000000000000000 ) ;
#4872 = LINE ( 'NONE', #11831, #8375 ) ;
#4873 = CARTESIAN_POINT ( 'NONE',  ( 0.000000000000000000, 0.000000000000000000, 0.000000000000000000 ) ) ;
#4874 = CIRCLE ( 'NONE', #9007, 0.5000000000000000000 ) ;
#4875 = AXIS2_PLACEMENT_3D ( 'NONE', #5425, #7441, #12263 ) ;
#4876 = FACE_OUTER_BOUND ( 'NONE', #5260, .T. ) ;
#4877 = DIRECTION ( 'NONE',  ( -1.299418334065024873E-16, 1.000000000000000000, 0.000000000000000000 ) ) ;
#4878 = AXIS2_PLACEMENT_3D ( 'NONE', #2260, #1281, #5256 ) ;
#4879 = PLANE ( 'NONE',  #1729 ) ;
#4880 = DIRECTION ( 'NONE',  ( 0.000000000000000000, -0.000000000000000000, -1.000000000000000000 ) ) ;
#4881 = FACE_OUTER_BOUND ( 'NONE', #9537, .T. ) ;
#4882 = ORIENTED_EDGE ( 'NONE', *, *, #4388, .F. ) ;
#4883 = CARTESIAN_POINT ( 'NONE',  ( 76.89999999999999147, 33.00749664306601261, 3.323999333381999932 ) ) ;
#4884 = CARTESIAN_POINT ( 'NONE',  ( 73.38799999999999102, 64.96099999999999852, -4.000000000000000000 ) ) ;
#4885 = VECTOR ( 'NONE', #2434, 1000.000000000000000 ) ;
#4886 = CIRCLE ( 'NONE', #4046, 2.899999999999996358 ) ;
#4887 = CARTESIAN_POINT ( 'NONE',  ( 59.19999999999997442, 36.45000000000000284, 4.999999999999998224 ) ) ;
#4888 = VERTEX_POINT ( 'NONE', #1464 ) ;
#4889 = AXIS2_PLACEMENT_3D ( 'NONE', #9449, #5606, #1391 ) ;
#4890 = ADVANCED_FACE ( 'NONE', ( #3607 ), #7495, .F. ) ;
#4891 = PLANE ( 'NONE',  #2675 ) ;
#4892 = VERTEX_POINT ( 'NONE', #4458 ) ;
#4893 = DIRECTION ( 'NONE',  ( -1.000000000000000000, 0.000000000000000000, 0.000000000000000000 ) ) ;
#4894 = ORIENTED_EDGE ( 'NONE', *, *, #9965, .T. ) ;
#4895 = CARTESIAN_POINT ( 'NONE',  ( 73.69999999999998863, 28.29999999999999716, 9.999999999999998224 ) ) ;
#4896 = ORIENTED_EDGE ( 'NONE', *, *, #7036, .T. ) ;
#4897 = CARTESIAN_POINT ( 'NONE',  ( 33.24999999999997158, 74.75000000000000000, 7.999999999999998224 ) ) ;
#4898 = AXIS2_PLACEMENT_3D ( 'NONE', #12290, #8312, #3574 ) ;
#4899 = DIRECTION ( 'NONE',  ( 0.000000000000000000, 0.000000000000000000, -1.000000000000000000 ) ) ;
#4900 = ADVANCED_FACE ( 'NONE', ( #3491 ), #6533, .T. ) ;
#4901 = DIRECTION ( 'NONE',  ( -0.000000000000000000, -1.000000000000000000, -0.000000000000000000 ) ) ;
#4902 = ADVANCED_FACE ( 'NONE', ( #9521 ), #553, .T. ) ;
#4903 = ORIENTED_EDGE ( 'NONE', *, *, #637, .T. ) ;
#4904 = AXIS2_PLACEMENT_3D ( 'NONE', #6942, #231, #9342 ) ;
#4905 = CARTESIAN_POINT ( 'NONE',  ( 64.95000000000000284, 24.29999999999999716, 5.999999999999999112 ) ) ;
#4906 = CIRCLE ( 'NONE', #12181, 2.899999999999996358 ) ;
#4907 = CARTESIAN_POINT ( 'NONE',  ( 49.19999999999998153, 76.25000000000000000, -3.500000000000000000 ) ) ;
#4908 = ADVANCED_FACE ( 'NONE', ( #10496 ), #5563, .F. ) ;
#4909 = VERTEX_POINT ( 'NONE', #7566 ) ;
#4910 = CARTESIAN_POINT ( 'NONE',  ( 28.24999999999999645, 70.25000000000000000, 4.499999999999999112 ) ) ;
#4911 = ORIENTED_EDGE ( 'NONE', *, *, #3552, .T. ) ;
#4912 = VECTOR ( 'NONE', #11779, 1000.000000000000000 ) ;
#4913 = EDGE_CURVE ( 'NONE', #12069, #1457, #7632, .T. ) ;
#4914 = CARTESIAN_POINT ( 'NONE',  ( 77.69999999999998863, 73.69999999999998863, -4.499999999999993783 ) ) ;
#4915 = VERTEX_POINT ( 'NONE', #6851 ) ;
#4916 = EDGE_CURVE ( 'NONE', #9276, #12737, #2948, .T. ) ;
#4917 = ORIENTED_EDGE ( 'NONE', *, *, #11415, .T. ) ;
#4918 = FACE_OUTER_BOUND ( 'NONE', #6581, .T. ) ;
#4919 = CIRCLE ( 'NONE', #6572, 3.000000000000002665 ) ;
#4920 = CARTESIAN_POINT ( 'NONE',  ( 32.24999999999998579, 28.74999999999999645, -1.600000000000000311 ) ) ;
#4921 = AXIS2_PLACEMENT_3D ( 'NONE', #11916, #8916, #858 ) ;
#4922 = CARTESIAN_POINT ( 'NONE',  ( 77.69999999999998863, 24.29999999999999716, 6.699999999999999289 ) ) ;
#4923 = DIRECTION ( 'NONE',  ( -0.000000000000000000, -1.000000000000000000, -0.000000000000000000 ) ) ;
#4924 = DIRECTION ( 'NONE',  ( 1.299418334065024873E-16, -1.000000000000000000, -0.000000000000000000 ) ) ;
#4925 = LINE ( 'NONE', #5770, #9148 ) ;
#4926 = EDGE_LOOP ( 'NONE', ( #6820, #2552, #8671, #12812 ) ) ;
#4927 = VERTEX_POINT ( 'NONE', #6915 ) ;
#4928 = EDGE_LOOP ( 'NONE', ( #10128, #192, #10718, #11498 ) ) ;
#4929 = CARTESIAN_POINT ( 'NONE',  ( 72.63799999999999102, 65.71099999999999852, -5.000000000000000000 ) ) ;
#4930 = CARTESIAN_POINT ( 'NONE',  ( 28.85000000000000497, 50.24999999999999289, -4.000000000000000000 ) ) ;
#4931 = EDGE_LOOP ( 'NONE', ( #3384, #6636, #3230, #7817 ) ) ;
#4932 = ORIENTED_EDGE ( 'NONE', *, *, #12548, .T. ) ;
#4933 = DIRECTION ( 'NONE',  ( 0.000000000000000000, 0.000000000000000000, 1.000000000000000000 ) ) ;
#4934 = DIRECTION ( 'NONE',  ( 0.000000000000000000, 0.000000000000000000, -1.000000000000000000 ) ) ;
#4935 = CYLINDRICAL_SURFACE ( 'NONE', #12127, 0.5000000000000004441 ) ;
#4936 = PLANE ( 'NONE',  #9392 ) ;
#4937 = EDGE_CURVE ( 'NONE', #8020, #4189, #11860, .T. ) ;
#4938 = CARTESIAN_POINT ( 'NONE',  ( 58.64999999999999147, 24.49999999999999289, 6.499999999999999112 ) ) ;
#4939 = CARTESIAN_POINT ( 'NONE',  ( 28.30000000000002558, 24.79999999999999361, -5.000000000000000000 ) ) ;
#4940 = CARTESIAN_POINT ( 'NONE',  ( 52.64999999999999147, 24.49999999999999289, 5.999999999999996447 ) ) ;
#4941 = FACE_BOUND ( 'NONE', #2094, .T. ) ;
#4942 = CARTESIAN_POINT ( 'NONE',  ( 69.79999999999999716, 27.35000000000000853, -1.599999999999997202 ) ) ;
#4943 = EDGE_LOOP ( 'NONE', ( #9820, #9641, #8796, #190 ) ) ;
#4944 = CYLINDRICAL_SURFACE ( 'NONE', #3340, 1.500000000000001332 ) ;
#4945 = DIRECTION ( 'NONE',  ( -0.000000000000000000, -0.000000000000000000, -1.000000000000000000 ) ) ;
#4946 = DIRECTION ( 'NONE',  ( -1.299418334065024626E-16, 1.000000000000000000, 0.000000000000000000 ) ) ;
#4947 = ORIENTED_EDGE ( 'NONE', *, *, #4346, .T. ) ;
#4948 = EDGE_CURVE ( 'NONE', #11225, #6199, #6792, .T. ) ;
#4949 = DIRECTION ( 'NONE',  ( 0.000000000000000000, -1.000000000000000000, -0.000000000000000000 ) ) ;
#4950 = ORIENTED_EDGE ( 'NONE', *, *, #3637, .F. ) ;
#4951 = FACE_OUTER_BOUND ( 'NONE', #407, .T. ) ;
#4952 = ORIENTED_EDGE ( 'NONE', *, *, #1882, .T. ) ;
#4953 = CARTESIAN_POINT ( 'NONE',  ( 28.85000000000000497, 51.75000000000000000, -3.100000000000000533 ) ) ;
#4954 = ORIENTED_EDGE ( 'NONE', *, *, #5200, .F. ) ;
#4955 = CONICAL_SURFACE ( 'NONE', #12233, 3.499999999999999556, 0.7853981633974552734 ) ;
#4956 = DIRECTION ( 'NONE',  ( -1.000000000000000000, 0.000000000000000000, 0.000000000000000000 ) ) ;
#4957 = CARTESIAN_POINT ( 'NONE',  ( 39.24999955999999912, 64.25000043999999377, -5.000000000000000000 ) ) ;
#4958 = DIRECTION ( 'NONE',  ( -1.000000000000000000, 0.000000000000000000, 0.000000000000000000 ) ) ;
#4959 = EDGE_LOOP ( 'NONE', ( #4714, #11218, #10190, #720, #12655, #6538, #1916, #6439 ) ) ;
#4960 = DIRECTION ( 'NONE',  ( -1.000000000000000000, 0.000000000000000000, 0.000000000000000000 ) ) ;
#4961 = PLANE ( 'NONE',  #9327 ) ;
#4962 = EDGE_CURVE ( 'NONE', #12869, #9915, #1915, .T. ) ;
#4963 = ORIENTED_EDGE ( 'NONE', *, *, #12865, .T. ) ;
#4964 = LINE ( 'NONE', #2828, #7686 ) ;
#4965 = ORIENTED_EDGE ( 'NONE', *, *, #12223, .T. ) ;
#4966 = LINE ( 'NONE', #11865, #7979 ) ;
#4967 = ORIENTED_EDGE ( 'NONE', *, *, #4969, .F. ) ;
#4968 = AXIS2_PLACEMENT_3D ( 'NONE', #11143, #12054, #204 ) ;
#4969 = EDGE_CURVE ( 'NONE', #10616, #490, #5682, .T. ) ;
#4970 = VERTEX_POINT ( 'NONE', #3929 ) ;
#4971 = CARTESIAN_POINT ( 'NONE',  ( 24.30000000000000782, 28.29999999999999005, 9.500000000000005329 ) ) ;
#4972 = EDGE_CURVE ( 'NONE', #4970, #6849, #11801, .T. ) ;
#4973 = DIRECTION ( 'NONE',  ( 0.000000000000000000, 0.000000000000000000, -1.000000000000000000 ) ) ;
#4974 = ORIENTED_EDGE ( 'NONE', *, *, #8675, .T. ) ;
#4975 = CARTESIAN_POINT ( 'NONE',  ( 70.94999999999997442, 48.20000000000000995, 4.999999999999998224 ) ) ;
#4976 = EDGE_CURVE ( 'NONE', #8192, #6642, #4778, .T. ) ;
#4977 = EDGE_CURVE ( 'NONE', #8024, #1734, #7882, .T. ) ;
#4978 = EDGE_CURVE ( 'NONE', #7156, #384, #1066, .T. ) ;
#4979 = AXIS2_PLACEMENT_3D ( 'NONE', #9941, #6181, #10136 ) ;
#4980 = DIRECTION ( 'NONE',  ( 1.000000000000000000, 0.000000000000000000, 0.000000000000000000 ) ) ;
#4981 = FACE_OUTER_BOUND ( 'NONE', #5159, .T. ) ;
#4982 = EDGE_CURVE ( 'NONE', #2234, #151, #802, .T. ) ;
#4983 = EDGE_CURVE ( 'NONE', #2461, #12139, #10625, .T. ) ;
#4984 = DIRECTION ( 'NONE',  ( -1.000000000000000000, 0.000000000000000000, 0.000000000000000000 ) ) ;
#4985 = ORIENTED_EDGE ( 'NONE', *, *, #8598, .F. ) ;
#4986 = EDGE_CURVE ( 'NONE', #9194, #1384, #9841, .T. ) ;
#4987 = ORIENTED_EDGE ( 'NONE', *, *, #2272, .F. ) ;
#4988 = EDGE_LOOP ( 'NONE', ( #7137, #1774, #9512, #4653 ) ) ;
#4989 = DIRECTION ( 'NONE',  ( 0.000000000000000000, 0.7071067811865474617, 0.7071067811865476838 ) ) ;
#4990 = VECTOR ( 'NONE', #3113, 1000.000000000000000 ) ;
#4991 = DIRECTION ( 'NONE',  ( -0.000000000000000000, -1.000000000000000000, -0.000000000000000000 ) ) ;
#4992 = AXIS2_PLACEMENT_3D ( 'NONE', #9878, #1031, #8901 ) ;
#4993 = ORIENTED_EDGE ( 'NONE', *, *, #12286, .T. ) ;
#4994 = FACE_OUTER_BOUND ( 'NONE', #1194, .T. ) ;
#4995 = CARTESIAN_POINT ( 'NONE',  ( 60.64999999999999147, 25.75000000000000000, 5.999999999999999112 ) ) ;
#4996 = LINE ( 'NONE', #10654, #8164 ) ;
#4997 = CARTESIAN_POINT ( 'NONE',  ( 53.64999999999999147, 25.75000000000000000, 6.499999999999996447 ) ) ;
#4998 = VECTOR ( 'NONE', #11313, 1000.000000000000000 ) ;
#4999 = DIRECTION ( 'NONE',  ( -0.000000000000000000, -1.000000000000000000, -0.000000000000000000 ) ) ;
#5000 = DIRECTION ( 'NONE',  ( -0.7071067811865524577, 0.000000000000000000, 0.7071067811865426878 ) ) ;
#5001 = ADVANCED_FACE ( 'NONE', ( #9903 ), #1713, .T. ) ;
#5002 = LINE ( 'NONE', #9880, #6944 ) ;
#5003 = DIRECTION ( 'NONE',  ( 0.000000000000000000, 0.000000000000000000, -1.000000000000000000 ) ) ;
#5004 = ORIENTED_EDGE ( 'NONE', *, *, #12454, .T. ) ;
#5005 = AXIS2_PLACEMENT_3D ( 'NONE', #11159, #3091, #2053 ) ;
#5006 = CARTESIAN_POINT ( 'NONE',  ( 53.25000000000000000, 73.14999999999997726, -4.000000000000003553 ) ) ;
#5007 = LINE ( 'NONE', #8850, #2838 ) ;
#5008 = DIRECTION ( 'NONE',  ( 0.000000000000000000, 0.000000000000000000, -1.000000000000000000 ) ) ;
#5009 = ORIENTED_EDGE ( 'NONE', *, *, #11789, .F. ) ;
#5010 = AXIS2_PLACEMENT_3D ( 'NONE', #4645, #8609, #11678 ) ;
#5011 = CARTESIAN_POINT ( 'NONE',  ( 70.59900000000000375, 68.99999999999998579, -4.000000000000000000 ) ) ;
#5012 = ORIENTED_EDGE ( 'NONE', *, *, #368, .T. ) ;
#5013 = DIRECTION ( 'NONE',  ( 0.000000000000000000, 0.000000000000000000, -1.000000000000000000 ) ) ;
#5014 = EDGE_LOOP ( 'NONE', ( #11508, #1788, #799, #3937 ) ) ;
#5015 = CARTESIAN_POINT ( 'NONE',  ( 77.69999999999998863, 24.29999999999999716, 6.699999999999978861 ) ) ;
#5016 = VERTEX_POINT ( 'NONE', #3809 ) ;
#5017 = CIRCLE ( 'NONE', #5435, 1.250000000000001110 ) ;
#5018 = EDGE_CURVE ( 'NONE', #2342, #1400, #8741, .T. ) ;
#5019 = CARTESIAN_POINT ( 'NONE',  ( 64.34999999999996589, 24.29999999999999361, 15.00000000000000000 ) ) ;
#5020 = FACE_OUTER_BOUND ( 'NONE', #4263, .T. ) ;
#5021 = DIRECTION ( 'NONE',  ( 0.000000000000000000, -1.000000000000000000, 0.000000000000000000 ) ) ;
#5022 = EDGE_LOOP ( 'NONE', ( #6140, #5818, #823, #10224 ) ) ;
#5023 = CIRCLE ( 'NONE', #11257, 1.000000000000000888 ) ;
#5024 = DIRECTION ( 'NONE',  ( 1.000000000000000000, 0.000000000000000000, 0.000000000000000000 ) ) ;
#5025 = AXIS2_PLACEMENT_3D ( 'NONE', #333, #7424, #463 ) ;
#5026 = CARTESIAN_POINT ( 'NONE',  ( 31.89999999999999858, 29.00000000000000000, 9.499999999999991118 ) ) ;
#5027 = VERTEX_POINT ( 'NONE', #739 ) ;
#5028 = LINE ( 'NONE', #5098, #7373 ) ;
#5029 = ORIENTED_EDGE ( 'NONE', *, *, #11309, .T. ) ;
#5030 = LINE ( 'NONE', #4062, #9446 ) ;
#5031 = EDGE_LOOP ( 'NONE', ( #1217, #8089, #535, #4213, #9246, #9307, #6602, #8522, #8917, #1201, #4527, #2025, #3797, #5406, #10883, #3699 ) ) ;
#5032 = ORIENTED_EDGE ( 'NONE', *, *, #2910, .F. ) ;
#5033 = CIRCLE ( 'NONE', #7728, 0.4999999999999995559 ) ;
#5034 = AXIS2_PLACEMENT_3D ( 'NONE', #12603, #5695, #1862 ) ;
#5035 = CARTESIAN_POINT ( 'NONE',  ( 42.69999999999998153, 37.45000000000000284, 4.999999999999998224 ) ) ;
#5036 = LINE ( 'NONE', #8997, #237 ) ;
#5037 = CARTESIAN_POINT ( 'NONE',  ( 29.00000000000000000, 73.00000000000000000, 6.499999999999999112 ) ) ;
#5038 = EDGE_CURVE ( 'NONE', #3678, #1321, #4721, .T. ) ;
#5039 = CYLINDRICAL_SURFACE ( 'NONE', #5104, 0.5000000000000004441 ) ;
#5040 = EDGE_CURVE ( 'NONE', #9635, #1459, #8676, .T. ) ;
#5041 = DIRECTION ( 'NONE',  ( 0.7071067811865475727, -0.7071067811865475727, 0.000000000000000000 ) ) ;
#5042 = ORIENTED_EDGE ( 'NONE', *, *, #7390, .T. ) ;
#5043 = VECTOR ( 'NONE', #2871, 1000.000000000000000 ) ;
#5044 = EDGE_LOOP ( 'NONE', ( #5673, #2612, #1329, #4771 ) ) ;
#5045 = ORIENTED_EDGE ( 'NONE', *, *, #11943, .T. ) ;
#5046 = DIRECTION ( 'NONE',  ( 0.000000000000000000, 0.000000000000000000, 1.000000000000000000 ) ) ;
#5047 = EDGE_CURVE ( 'NONE', #1985, #12006, #9988, .T. ) ;
#5048 = DIRECTION ( 'NONE',  ( 0.000000000000000000, -1.000000000000000000, 0.000000000000000000 ) ) ;
#5049 = ORIENTED_EDGE ( 'NONE', *, *, #3309, .F. ) ;
#5050 = EDGE_CURVE ( 'NONE', #9196, #7933, #9781, .T. ) ;
#5051 = LINE ( 'NONE', #6756, #9279 ) ;
#5052 = AXIS2_PLACEMENT_3D ( 'NONE', #2830, #10499, #872 ) ;
#5053 = CARTESIAN_POINT ( 'NONE',  ( 0.000000000000000000, 0.000000000000000000, -3.000000000000000000 ) ) ;
#5054 = CIRCLE ( 'NONE', #6922, 2.999999999999999112 ) ;
#5055 = CARTESIAN_POINT ( 'NONE',  ( 58.14999999999999147, 24.29999999999999361, 5.999999999999999112 ) ) ;
#5056 = EDGE_CURVE ( 'NONE', #5674, #215, #7171, .T. ) ;
#5057 = DIRECTION ( 'NONE',  ( 0.000000000000000000, 0.000000000000000000, -1.000000000000000000 ) ) ;
#5058 = EDGE_CURVE ( 'NONE', #306, #9278, #2096, .T. ) ;
#5059 = FACE_BOUND ( 'NONE', #888, .T. ) ;
#5060 = DIRECTION ( 'NONE',  ( 1.000000000000000000, 0.000000000000000000, 0.000000000000000000 ) ) ;
#5061 = DIRECTION ( 'NONE',  ( 1.000000000000000000, 0.000000000000000000, 0.000000000000000000 ) ) ;
#5062 = EDGE_CURVE ( 'NONE', #8599, #3668, #6260, .T. ) ;
#5063 = VECTOR ( 'NONE', #813, 1000.000000000000000 ) ;
#5064 = FACE_OUTER_BOUND ( 'NONE', #1513, .T. ) ;
#5065 = CARTESIAN_POINT ( 'NONE',  ( 51.75000000000000000, 27.35000000000000497, -3.100000000000000533 ) ) ;
#5066 = VERTEX_POINT ( 'NONE', #11926 ) ;
#5067 = VECTOR ( 'NONE', #7935, 1000.000000000000000 ) ;
#5068 = CYLINDRICAL_SURFACE ( 'NONE', #9365, 2.500000000000002220 ) ;
#5069 = CARTESIAN_POINT ( 'NONE',  ( 74.75000000000000000, 68.74999999999998579, 8.499999999999998224 ) ) ;
#5070 = CARTESIAN_POINT ( 'NONE',  ( 60.14999999999999147, 24.49999999999999289, 0.5253709514437889805 ) ) ;
#5071 = VECTOR ( 'NONE', #9794, 1000.000000000000000 ) ;
#5072 = AXIS2_PLACEMENT_3D ( 'NONE', #417, #2495, #12404 ) ;
#5073 = VECTOR ( 'NONE', #11156, 1000.000000000000000 ) ;
#5074 = AXIS2_PLACEMENT_3D ( 'NONE', #6750, #11500, #7650 ) ;
#5075 = CARTESIAN_POINT ( 'NONE',  ( 29.00000000000000000, 29.00000000000000000, 9.499999999999991118 ) ) ;
#5076 = EDGE_CURVE ( 'NONE', #2072, #5431, #10019, .T. ) ;
#5077 = VERTEX_POINT ( 'NONE', #9058 ) ;
#5078 = LINE ( 'NONE', #3979, #10464 ) ;
#5079 = ORIENTED_EDGE ( 'NONE', *, *, #2914, .F. ) ;
#5080 = VECTOR ( 'NONE', #5609, 1000.000000000000000 ) ;
#5081 = AXIS2_PLACEMENT_3D ( 'NONE', #2241, #6015, #282 ) ;
#5082 = DIRECTION ( 'NONE',  ( -1.000000000000000000, 9.011550524554840736E-17, 0.000000000000000000 ) ) ;
#5083 = ORIENTED_EDGE ( 'NONE', *, *, #7526, .T. ) ;
#5084 = LOCAL_TIME ( 22, 45, 46.00000000000000000, #9765 ) ;
#5085 = DIRECTION ( 'NONE',  ( 0.000000000000000000, 1.000000000000000000, 1.172110456741089772E-16 ) ) ;
#5086 = DIRECTION ( 'NONE',  ( 0.000000000000000000, 0.000000000000000000, -1.000000000000000000 ) ) ;
#5087 = AXIS2_PLACEMENT_3D ( 'NONE', #6780, #4706, #8667 ) ;
#5088 = CARTESIAN_POINT ( 'NONE',  ( 73.69999999999998863, 24.79999999999999716, -5.000000000000000000 ) ) ;
#5089 = ORIENTED_EDGE ( 'NONE', *, *, #3302, .F. ) ;
#5090 = CARTESIAN_POINT ( 'NONE',  ( 75.89999999999999147, 29.00000000000000000, 6.499999999999999112 ) ) ;
#5091 = ORIENTED_EDGE ( 'NONE', *, *, #7354, .T. ) ;
#5092 = AXIS2_PLACEMENT_3D ( 'NONE', #1597, #9785, #5566 ) ;
#5093 = AXIS2_PLACEMENT_3D ( 'NONE', #5962, #220, #8148 ) ;
#5094 = CARTESIAN_POINT ( 'NONE',  ( 36.24999955999999912, 48.74999999999999289, -3.100000000000000533 ) ) ;
#5095 = ADVANCED_FACE ( 'NONE', ( #5221 ), #6000, .F. ) ;
#5096 = FACE_BOUND ( 'NONE', #1895, .T. ) ;
#5097 = VERTEX_POINT ( 'NONE', #6985 ) ;
#5098 = CARTESIAN_POINT ( 'NONE',  ( 32.24999999999998579, 72.64999999999997726, -67.93053710242747911 ) ) ;
#5099 = ORIENTED_EDGE ( 'NONE', *, *, #9316, .F. ) ;
#5100 = AXIS2_PLACEMENT_3D ( 'NONE', #11773, #10728, #8897 ) ;
#5101 = CARTESIAN_POINT ( 'NONE',  ( 58.14999999999999147, 24.49999999999999289, 0.5253709514437898687 ) ) ;
#5102 = ORIENTED_EDGE ( 'NONE', *, *, #9827, .T. ) ;
#5103 = ORIENTED_EDGE ( 'NONE', *, *, #12857, .F. ) ;
#5104 = AXIS2_PLACEMENT_3D ( 'NONE', #5111, #3224, #1262 ) ;
#5105 = LINE ( 'NONE', #158, #6862 ) ;
#5106 = ORIENTED_EDGE ( 'NONE', *, *, #4268, .F. ) ;
#5107 = DIRECTION ( 'NONE',  ( -0.000000000000000000, -1.000000000000000000, -0.000000000000000000 ) ) ;
#5108 = EDGE_CURVE ( 'NONE', #10357, #485, #3014, .T. ) ;
#5109 = CIRCLE ( 'NONE', #8434, 1.500000000000000000 ) ;
#5110 = FACE_OUTER_BOUND ( 'NONE', #4072, .T. ) ;
#5111 = CARTESIAN_POINT ( 'NONE',  ( 63.64999999999998437, 24.29998799999999548, 0.5253709514437902017 ) ) ;
#5112 = EDGE_CURVE ( 'NONE', #2559, #5686, #3206, .T. ) ;
#5113 = AXIS2_PLACEMENT_3D ( 'NONE', #2527, #12491, #7533 ) ;
#5114 = CARTESIAN_POINT ( 'NONE',  ( 49.19999999999998153, 69.95000000000000284, 8.499999999999998224 ) ) ;
#5115 = VERTEX_POINT ( 'NONE', #2038 ) ;
#5116 = AXIS2_PLACEMENT_3D ( 'NONE', #5314, #6090, #7258 ) ;
#5117 = ORIENTED_EDGE ( 'NONE', *, *, #3787, .F. ) ;
#5118 = ORIENTED_EDGE ( 'NONE', *, *, #5796, .T. ) ;
#5119 = CARTESIAN_POINT ( 'NONE',  ( 63.14999999999998437, 24.49999999999997158, 5.999999999999999112 ) ) ;
#5120 = AXIS2_PLACEMENT_3D ( 'NONE', #8588, #4558, #6637 ) ;
#5121 = CARTESIAN_POINT ( 'NONE',  ( 39.24999955999999912, 37.74999955999999912, -4.499999999999992895 ) ) ;
#5122 = CIRCLE ( 'NONE', #8661, 3.500000000000003109 ) ;
#5123 = CARTESIAN_POINT ( 'NONE',  ( 28.74999999999998934, 28.74999999999999645, -5.000000000000000000 ) ) ;
#5124 = CARTESIAN_POINT ( 'NONE',  ( 31.74999999999997158, 70.25000000000000000, 4.499999999999999112 ) ) ;
#5125 = PLANE ( 'NONE',  #11720 ) ;
#5126 = CARTESIAN_POINT ( 'NONE',  ( 34.24999999999998579, 76.25000000000000000, -3.500000000000000000 ) ) ;
#5127 = EDGE_CURVE ( 'NONE', #12280, #7880, #9954, .T. ) ;
#5128 = CYLINDRICAL_SURFACE ( 'NONE', #6452, 0.7500000000000006661 ) ;
#5129 = ORIENTED_EDGE ( 'NONE', *, *, #11433, .T. ) ;
#5130 = DIRECTION ( 'NONE',  ( 0.000000000000000000, 0.000000000000000000, 1.000000000000000000 ) ) ;
#5131 = CYLINDRICAL_SURFACE ( 'NONE', #1974, 2.899999999999999911 ) ;
#5132 = CARTESIAN_POINT ( 'NONE',  ( 73.43999999999998352, 65.71099999999999852, 2.255601768855265199 ) ) ;
#5133 = VERTEX_POINT ( 'NONE', #5158 ) ;
#5134 = ADVANCED_FACE ( 'NONE', ( #7236 ), #4961, .F. ) ;
#5135 = EDGE_CURVE ( 'NONE', #10497, #3605, #1119, .T. ) ;
#5136 = LINE ( 'NONE', #181, #2714 ) ;
#5137 = CYLINDRICAL_SURFACE ( 'NONE', #8423, 1.000000000000000888 ) ;
#5138 = MANIFOLD_SOLID_BREP ( '\X2\501289d2\X0\8', #12446 ) ;
#5139 = CARTESIAN_POINT ( 'NONE',  ( 69.25000000000000000, 0.000000000000000000, 8.499999999999998224 ) ) ;
#5140 = EDGE_CURVE ( 'NONE', #360, #10826, #2160, .T. ) ;
#5141 = EDGE_CURVE ( 'NONE', #12393, #3631, #4058, .T. ) ;
#5142 = EDGE_CURVE ( 'NONE', #9652, #12707, #9111, .T. ) ;
#5143 = ADVANCED_FACE ( 'NONE', ( #1248, #5096 ), #268, .T. ) ;
#5144 = ADVANCED_FACE ( 'NONE', ( #7946 ), #4178, .F. ) ;
#5145 = DIRECTION ( 'NONE',  ( -0.000000000000000000, -0.000000000000000000, 1.000000000000000000 ) ) ;
#5146 = CARTESIAN_POINT ( 'NONE',  ( 74.64999999999997726, 69.74999999999998579, -4.000000000000000000 ) ) ;
#5147 = ORIENTED_EDGE ( 'NONE', *, *, #1890, .T. ) ;
#5148 = DIRECTION ( 'NONE',  ( 0.7071067811865431318, 0.000000000000000000, -0.7071067811865517916 ) ) ;
#5149 = ORIENTED_EDGE ( 'NONE', *, *, #43, .F. ) ;
#5150 = FACE_OUTER_BOUND ( 'NONE', #5607, .T. ) ;
#5151 = EDGE_LOOP ( 'NONE', ( #12252, #8692, #8073, #5224 ) ) ;
#5152 = CARTESIAN_POINT ( 'NONE',  ( 71.34900000000000375, 68.99999999999998579, -3.000000000000000000 ) ) ;
#5153 = FACE_OUTER_BOUND ( 'NONE', #9258, .T. ) ;
#5154 = PLANE ( 'NONE',  #7739 ) ;
#5155 = CARTESIAN_POINT ( 'NONE',  ( 58.14999999999999147, 24.29999999999999361, 5.999999999999999112 ) ) ;
#5156 = EDGE_LOOP ( 'NONE', ( #8139, #11739, #11354, #10315 ) ) ;
#5157 = FACE_OUTER_BOUND ( 'NONE', #4093, .T. ) ;
#5158 = CARTESIAN_POINT ( 'NONE',  ( 26.10000000000000497, 73.00000000000000000, 6.499999999999999112 ) ) ;
#5159 = EDGE_LOOP ( 'NONE', ( #10386, #572, #7449, #2943 ) ) ;
#5160 = FACE_OUTER_BOUND ( 'NONE', #12670, .T. ) ;
#5161 = ORIENTED_EDGE ( 'NONE', *, *, #1926, .T. ) ;
#5162 = FACE_OUTER_BOUND ( 'NONE', #9398, .T. ) ;
#5163 = EDGE_LOOP ( 'NONE', ( #1255, #11393 ) ) ;
#5164 = ORIENTED_EDGE ( 'NONE', *, *, #12700, .T. ) ;
#5165 = ORIENTED_EDGE ( 'NONE', *, *, #11591, .T. ) ;
#5166 = DIRECTION ( 'NONE',  ( -1.299418334065024873E-16, 1.000000000000000000, 0.000000000000000000 ) ) ;
#5167 = EDGE_LOOP ( 'NONE', ( #474, #12333, #1653, #4116 ) ) ;
#5168 = CARTESIAN_POINT ( 'NONE',  ( 25.74999999999999289, 46.54999999999999716, -3.500000000000000000 ) ) ;
#5169 = ORIENTED_EDGE ( 'NONE', *, *, #1152, .T. ) ;
#5170 = CARTESIAN_POINT ( 'NONE',  ( 59.69999999999998153, 68.45000000000000284, 4.999999999999998224 ) ) ;
#5171 = CARTESIAN_POINT ( 'NONE',  ( 34.24999999999998579, 72.64999999999997726, 35.97994811066136833 ) ) ;
#5172 = FACE_OUTER_BOUND ( 'NONE', #5759, .T. ) ;
#5173 = AXIS2_PLACEMENT_3D ( 'NONE', #7619, #8723, #10748 ) ;
#5174 = ORIENTED_EDGE ( 'NONE', *, *, #4271, .T. ) ;
#5175 = ORIENTED_EDGE ( 'NONE', *, *, #10300, .F. ) ;
#5176 = DIRECTION ( 'NONE',  ( -0.7071067811865474617, -0.7071067811865474617, 0.000000000000000000 ) ) ;
#5177 = ORIENTED_EDGE ( 'NONE', *, *, #7282, .F. ) ;
#5178 = ORIENTED_EDGE ( 'NONE', *, *, #11103, .F. ) ;
#5179 = DIRECTION ( 'NONE',  ( -0.000000000000000000, -0.000000000000000000, -1.000000000000000000 ) ) ;
#5180 = DIRECTION ( 'NONE',  ( 1.299418334065024873E-16, -1.000000000000000000, -0.000000000000000000 ) ) ;
#5181 = EDGE_CURVE ( 'NONE', #1566, #6391, #4118, .T. ) ;
#5182 = DIRECTION ( 'NONE',  ( 1.000000000000000000, 0.000000000000000000, 0.000000000000000000 ) ) ;
#5183 = CARTESIAN_POINT ( 'NONE',  ( 34.24999999999998579, 73.75000000000000000, 4.499999999999999112 ) ) ;
#5184 = AXIS2_PLACEMENT_3D ( 'NONE', #8053, #4949, #1227 ) ;
#5185 = FACE_OUTER_BOUND ( 'NONE', #8744, .T. ) ;
#5186 = CARTESIAN_POINT ( 'NONE',  ( 71.34900000000000375, 64.42200000000002547, -3.000000000000000000 ) ) ;
#5187 = CARTESIAN_POINT ( 'NONE',  ( 77.69999999999998863, 24.29999999999999716, 15.00000000000000000 ) ) ;
#5188 = ORIENTED_EDGE ( 'NONE', *, *, #681, .F. ) ;
#5189 = DIRECTION ( 'NONE',  ( 0.000000000000000000, 0.000000000000000000, 1.000000000000000000 ) ) ;
#5190 = VECTOR ( 'NONE', #10979, 1000.000000000000000 ) ;
#5191 = LINE ( 'NONE', #8171, #8600 ) ;
#5192 = CYLINDRICAL_SURFACE ( 'NONE', #763, 0.7500000000000006661 ) ;
#5193 = EDGE_LOOP ( 'NONE', ( #4860, #1592, #5231, #1672 ) ) ;
#5194 = EDGE_LOOP ( 'NONE', ( #5288, #8758, #4127, #1735 ) ) ;
#5195 = LINE ( 'NONE', #7337, #4998 ) ;
#5196 = DIRECTION ( 'NONE',  ( -1.000000000000000000, 0.000000000000000000, 0.000000000000000000 ) ) ;
#5197 = CARTESIAN_POINT ( 'NONE',  ( 72.49999999999998579, 41.94999999999998863, 8.499999999999998224 ) ) ;
#5198 = AXIS2_PLACEMENT_3D ( 'NONE', #2145, #251, #6308 ) ;
#5199 = AXIS2_PLACEMENT_3D ( 'NONE', #1972, #3984, #1909 ) ;
#5200 = EDGE_CURVE ( 'NONE', #729, #2768, #6132, .T. ) ;
#5201 = ORIENTED_EDGE ( 'NONE', *, *, #288, .F. ) ;
#5202 = EDGE_CURVE ( 'NONE', #8464, #12867, #7486, .T. ) ;
#5203 = CARTESIAN_POINT ( 'NONE',  ( 51.94999999999997442, 26.75000000000000000, 6.499999999999999112 ) ) ;
#5204 = DIRECTION ( 'NONE',  ( -0.000000000000000000, 0.000000000000000000, 1.000000000000000000 ) ) ;
#5205 = ORIENTED_EDGE ( 'NONE', *, *, #10363, .F. ) ;
#5206 = CARTESIAN_POINT ( 'NONE',  ( 65.64999999999999147, 24.29999999999999716, 0.5253709514437898687 ) ) ;
#5207 = CIRCLE ( 'NONE', #12690, 1.500000000000001332 ) ;
#5208 = ORIENTED_EDGE ( 'NONE', *, *, #4412, .F. ) ;
#5209 = DIRECTION ( 'NONE',  ( -1.000000000000000000, 0.000000000000000000, 0.000000000000000000 ) ) ;
#5210 = ORIENTED_EDGE ( 'NONE', *, *, #10626, .F. ) ;
#5211 = LINE ( 'NONE', #6923, #549 ) ;
#5212 = DIRECTION ( 'NONE',  ( 1.000000000000000000, -0.000000000000000000, -0.000000000000000000 ) ) ;
#5213 = LINE ( 'NONE', #3333, #93 ) ;
#5214 = EDGE_CURVE ( 'NONE', #10074, #2674, #8466, .T. ) ;
#5215 = DIRECTION ( 'NONE',  ( -1.000000000000000000, 0.000000000000000000, 0.000000000000000000 ) ) ;
#5216 = ADVANCED_FACE ( 'NONE', ( #8405 ), #12316, .F. ) ;
#5217 = CARTESIAN_POINT ( 'NONE',  ( 76.25000000000000000, 34.00749664306601261, 2.323999333381998600 ) ) ;
#5218 = EDGE_CURVE ( 'NONE', #9265, #9323, #12384, .T. ) ;
#5219 = EDGE_LOOP ( 'NONE', ( #7505, #9910, #3828, #10088 ) ) ;
#5220 = ADVANCED_FACE ( 'NONE', ( #3406 ), #12249, .F. ) ;
#5221 = FACE_OUTER_BOUND ( 'NONE', #628, .T. ) ;
#5222 = ORIENTED_EDGE ( 'NONE', *, *, #6490, .T. ) ;
#5223 = CARTESIAN_POINT ( 'NONE',  ( 34.24999999999998579, 73.75000000000000000, 0.000000000000000000 ) ) ;
#5224 = ORIENTED_EDGE ( 'NONE', *, *, #1011, .F. ) ;
#5225 = DIRECTION ( 'NONE',  ( -0.000000000000000000, 0.000000000000000000, -1.000000000000000000 ) ) ;
#5226 = VERTEX_POINT ( 'NONE', #6516 ) ;
#5227 = ADVANCED_FACE ( 'NONE', ( #5348 ), #10219, .F. ) ;
#5228 = ORIENTED_EDGE ( 'NONE', *, *, #134, .T. ) ;
#5229 = ORIENTED_EDGE ( 'NONE', *, *, #9434, .T. ) ;
#5230 = PLANE ( 'NONE',  #9350 ) ;
#5231 = ORIENTED_EDGE ( 'NONE', *, *, #4680, .F. ) ;
#5232 = AXIS2_PLACEMENT_3D ( 'NONE', #1308, #7232, #11203 ) ;
#5233 = CARTESIAN_POINT ( 'NONE',  ( 49.44999999999998153, 36.45000000000000284, 6.499999999999999112 ) ) ;
#5234 = EDGE_CURVE ( 'NONE', #5987, #4647, #600, .T. ) ;
#5235 = LINE ( 'NONE', #1197, #1344 ) ;
#5236 = LINE ( 'NONE', #6467, #2386 ) ;
#5237 = CARTESIAN_POINT ( 'NONE',  ( 56.14999999999999147, 24.29998799999999548, 0.5253709514437902017 ) ) ;
#5238 = ORIENTED_EDGE ( 'NONE', *, *, #7106, .F. ) ;
#5239 = ORIENTED_EDGE ( 'NONE', *, *, #11053, .F. ) ;
#5240 = AXIS2_PLACEMENT_3D ( 'NONE', #5446, #2463, #3507 ) ;
#5241 = CARTESIAN_POINT ( 'NONE',  ( 62.75000043999999377, 36.24999955999999912, -3.100000000000000533 ) ) ;
#5242 = VERTEX_POINT ( 'NONE', #9255 ) ;
#5243 = EDGE_LOOP ( 'NONE', ( #12528, #5771, #11388, #7299 ) ) ;
#5245 = FACE_OUTER_BOUND ( 'NONE', #1444, .T. ) ;
#5244 = AXIS2_PLACEMENT_3D ( 'NONE', #4731, #1661, #9662 ) ;
#5246 = CARTESIAN_POINT ( 'NONE',  ( 27.35000000000000142, 34.25000000000000000, -4.000000000000000000 ) ) ;
#5247 = CARTESIAN_POINT ( 'NONE',  ( 70.44999999999997442, 48.20000000000000995, 8.499999999999998224 ) ) ;
#5248 = LINE ( 'NONE', #2253, #8843 ) ;
#5249 = DIRECTION ( 'NONE',  ( 0.000000000000000000, -0.000000000000000000, 1.000000000000000000 ) ) ;
#5250 = CARTESIAN_POINT ( 'NONE',  ( 25.74999999999999645, 76.25000000000000000, -3.500000000000000000 ) ) ;
#5251 = AXIS2_PLACEMENT_3D ( 'NONE', #7865, #2989, #7735 ) ;
#5252 = DIRECTION ( 'NONE',  ( 1.000000000000000000, 0.000000000000000000, 0.000000000000000000 ) ) ;
#5253 = ORIENTED_EDGE ( 'NONE', *, *, #7758, .F. ) ;
#5254 = ADVANCED_FACE ( 'NONE', ( #5548 ), #2482, .F. ) ;
#5255 = DIRECTION ( 'NONE',  ( 0.000000000000000000, 0.000000000000000000, 1.000000000000000000 ) ) ;
#5256 = DIRECTION ( 'NONE',  ( -0.000000000000000000, 0.000000000000000000, 1.000000000000000000 ) ) ;
#5257 = DIRECTION ( 'NONE',  ( 0.000000000000000000, 1.000000000000000000, 0.000000000000000000 ) ) ;
#5258 = ORIENTED_EDGE ( 'NONE', *, *, #7005, .T. ) ;
#5259 = VECTOR ( 'NONE', #2477, 1000.000000000000000 ) ;
#5260 = EDGE_LOOP ( 'NONE', ( #11075, #5806, #615, #605 ) ) ;
#5261 = CARTESIAN_POINT ( 'NONE',  ( 37.74999955999999912, 64.25000043999999377, -1.500000000000000000 ) ) ;
#5262 = CARTESIAN_POINT ( 'NONE',  ( 70.94999999999997442, 58.19999999999998863, 8.499999999999998224 ) ) ;
#5263 = CARTESIAN_POINT ( 'NONE',  ( 68.75000000000000000, 68.75000000000000000, 3.404999829744057127 ) ) ;
#5264 = ORIENTED_EDGE ( 'NONE', *, *, #4659, .F. ) ;
#5265 = DIRECTION ( 'NONE',  ( 1.000000000000000000, 0.000000000000000000, -0.000000000000000000 ) ) ;
#5266 = VECTOR ( 'NONE', #3715, 1000.000000000000000 ) ;
#5267 = PLANE ( 'NONE',  #831 ) ;
#5268 = ORIENTED_EDGE ( 'NONE', *, *, #6338, .F. ) ;
#5269 = CARTESIAN_POINT ( 'NONE',  ( 66.64999999999999147, 25.75000000000000000, -3.500000000000000000 ) ) ;
#5270 = VERTEX_POINT ( 'NONE', #5283 ) ;
#5271 = CARTESIAN_POINT ( 'NONE',  ( 67.79999999999999716, 72.64999999999997726, -67.93053710242747911 ) ) ;
#5272 = ORIENTED_EDGE ( 'NONE', *, *, #2835, .F. ) ;
#5273 = FACE_BOUND ( 'NONE', #5751, .T. ) ;
#5274 = PLANE ( 'NONE',  #9862 ) ;
#5275 = CIRCLE ( 'NONE', #6937, 0.4999999999999995559 ) ;
#5276 = CIRCLE ( 'NONE', #1113, 2.000000000000001776 ) ;
#5277 = CARTESIAN_POINT ( 'NONE',  ( 27.24999999999999289, 68.75000000000000000, 8.499999999999998224 ) ) ;
#5278 = ORIENTED_EDGE ( 'NONE', *, *, #10611, .F. ) ;
#5279 = CARTESIAN_POINT ( 'NONE',  ( 39.24999955999999912, 39.24999955999999912, -3.100000000000000533 ) ) ;
#5280 = ORIENTED_EDGE ( 'NONE', *, *, #2272, .T. ) ;
#5281 = DATE_AND_TIME ( #10217, #10055 ) ;
#5282 = EDGE_CURVE ( 'NONE', #8859, #3143, #11410, .T. ) ;
#5283 = CARTESIAN_POINT ( 'NONE',  ( 63.64999999999998437, 25.75000000000000000, 6.499999999999999112 ) ) ;
#5284 = VECTOR ( 'NONE', #728, 1000.000000000000000 ) ;
#5285 = VECTOR ( 'NONE', #9317, 1000.000000000000000 ) ;
#5286 = ORIENTED_EDGE ( 'NONE', *, *, #8302, .F. ) ;
#5287 = CARTESIAN_POINT ( 'NONE',  ( 53.19999999999998153, 70.95000000000000284, 8.499999999999998224 ) ) ;
#5288 = ORIENTED_EDGE ( 'NONE', *, *, #1282, .F. ) ;
#5289 = CARTESIAN_POINT ( 'NONE',  ( 28.30000000000001137, 28.29999999999999005, -5.000000000000000888 ) ) ;
#5290 = EDGE_LOOP ( 'NONE', ( #11715, #1983, #179, #10476 ) ) ;
#5291 = AXIS2_PLACEMENT_3D ( 'NONE', #4767, #1904, #8725 ) ;
#5292 = ORIENTED_EDGE ( 'NONE', *, *, #8720, .T. ) ;
#5293 = ORIENTED_EDGE ( 'NONE', *, *, #8294, .F. ) ;
#5294 = EDGE_CURVE ( 'NONE', #7222, #6981, #5996, .T. ) ;
#5295 = ADVANCED_FACE ( 'NONE', ( #2429 ), #6325, .F. ) ;
#5296 = DIRECTION ( 'NONE',  ( -0.000000000000000000, -1.000000000000000000, -0.000000000000000000 ) ) ;
#5297 = ORIENTED_EDGE ( 'NONE', *, *, #7672, .T. ) ;
#5298 = VECTOR ( 'NONE', #4848, 1000.000000000000000 ) ;
#5299 = CYLINDRICAL_SURFACE ( 'NONE', #3783, 0.5000000000000004441 ) ;
#5300 = CIRCLE ( 'NONE', #12785, 1.500000000000001332 ) ;
#5301 = CARTESIAN_POINT ( 'NONE',  ( 29.00000000000000000, 73.00000000000000000, 44.50000000000000711 ) ) ;
#5302 = EDGE_CURVE ( 'NONE', #389, #11470, #10349, .T. ) ;
#5303 = CARTESIAN_POINT ( 'NONE',  ( 27.24999999999998934, 34.74999999999999289, 4.499999999999999112 ) ) ;
#5304 = EDGE_CURVE ( 'NONE', #1400, #10285, #6837, .T. ) ;
#5305 = EDGE_CURVE ( 'NONE', #3538, #4738, #7549, .T. ) ;
#5306 = EDGE_LOOP ( 'NONE', ( #9516, #10326, #3671, #8357 ) ) ;
#5307 = VERTEX_POINT ( 'NONE', #1312 ) ;
#5308 = AXIS2_PLACEMENT_3D ( 'NONE', #6743, #8688, #8824 ) ;
#5309 = DIRECTION ( 'NONE',  ( -1.000000000000000000, 0.000000000000000000, 0.000000000000000000 ) ) ;
#5310 = ORIENTED_EDGE ( 'NONE', *, *, #6094, .F. ) ;
#5311 = ORIENTED_EDGE ( 'NONE', *, *, #5544, .F. ) ;
#5312 = LINE ( 'NONE', #4205, #540 ) ;
#5313 = CARTESIAN_POINT ( 'NONE',  ( 75.90887106545883967, 40.40749664306598987, 2.427089338506136507 ) ) ;
#5314 = CARTESIAN_POINT ( 'NONE',  ( 28.85000000000000497, 48.74999999999999289, 5.925518941756209301 ) ) ;
#5315 = AXIS2_PLACEMENT_3D ( 'NONE', #5053, #3301, #9213 ) ;
#5316 = LINE ( 'NONE', #4335, #3593 ) ;
#5317 = CARTESIAN_POINT ( 'NONE',  ( 37.74999955999999912, 64.25000043999999377, -4.499999999999992895 ) ) ;
#5318 = CARTESIAN_POINT ( 'NONE',  ( 29.24999999999998579, 72.75000000000000000, 0.000000000000000000 ) ) ;
#5319 = CARTESIAN_POINT ( 'NONE',  ( 53.25000000000000000, 34.74999955999999202, -3.100000000000000533 ) ) ;
#5320 = AXIS2_PLACEMENT_3D ( 'NONE', #1145, #10111, #5182 ) ;
#5321 = ORIENTED_EDGE ( 'NONE', *, *, #2194, .F. ) ;
#5323 = LINE ( 'NONE', #4214, #6438 ) ;
#5322 = AXIS2_PLACEMENT_3D ( 'NONE', #1022, #10840, #6936 ) ;
#5324 = CARTESIAN_POINT ( 'NONE',  ( 62.75000043999999377, 64.25000043999999377, -4.499999999999992895 ) ) ;
#5325 = CARTESIAN_POINT ( 'NONE',  ( 72.63799999999999102, 69.74999999999998579, -1.600000000000000311 ) ) ;
#5326 = VERTEX_POINT ( 'NONE', #1388 ) ;
#5327 = ORIENTED_EDGE ( 'NONE', *, *, #6405, .T. ) ;
#5328 = DIRECTION ( 'NONE',  ( -1.299418334065024873E-16, 1.000000000000000000, 0.000000000000000000 ) ) ;
#5329 = CYLINDRICAL_SURFACE ( 'NONE', #10282, 0.5000000000000004441 ) ;
#5330 = VECTOR ( 'NONE', #5840, 1000.000000000000000 ) ;
#5331 = CYLINDRICAL_SURFACE ( 'NONE', #4018, 0.5000000000000004441 ) ;
#5332 = AXIS2_PLACEMENT_3D ( 'NONE', #12108, #5397, #1234 ) ;
#5333 = CARTESIAN_POINT ( 'NONE',  ( 73.25000000000000000, 76.25000000000000000, -5.000000000000000000 ) ) ;
#5334 = CARTESIAN_POINT ( 'NONE',  ( 48.74999999999999289, 34.74999955999999202, -3.100000000000000533 ) ) ;
#5335 = CARTESIAN_POINT ( 'NONE',  ( 73.00000000000000000, 29.00000000000000000, 44.50000000000000711 ) ) ;
#5336 = ORIENTED_EDGE ( 'NONE', *, *, #6445, .F. ) ;
#5337 = CARTESIAN_POINT ( 'NONE',  ( 71.49999999999998579, 32.67905841137542922, 7.999999999999998224 ) ) ;
#5338 = EDGE_LOOP ( 'NONE', ( #9934, #10873, #9135, #809 ) ) ;
#5339 = DIRECTION ( 'NONE',  ( 1.000000000000000000, 0.000000000000000000, 0.000000000000000000 ) ) ;
#5340 = ORIENTED_EDGE ( 'NONE', *, *, #9187, .T. ) ;
#5341 = FACE_OUTER_BOUND ( 'NONE', #6454, .T. ) ;
#5342 = DIRECTION ( 'NONE',  ( 0.000000000000000000, 0.000000000000000000, -1.000000000000000000 ) ) ;
#5343 = DIRECTION ( 'NONE',  ( 1.000000000000000000, 0.000000000000000000, 0.000000000000000000 ) ) ;
#5344 = EDGE_CURVE ( 'NONE', #4818, #10277, #5589, .T. ) ;
#5345 = CARTESIAN_POINT ( 'NONE',  ( 59.19999999999997442, 36.95000000000000284, 8.499999999999998224 ) ) ;
#5346 = ORIENTED_EDGE ( 'NONE', *, *, #1165, .T. ) ;
#5347 = CARTESIAN_POINT ( 'NONE',  ( 70.94999999999997442, 57.69999999999998863, 8.499999999999998224 ) ) ;
#5348 = FACE_OUTER_BOUND ( 'NONE', #1903, .T. ) ;
#5349 = ORIENTED_EDGE ( 'NONE', *, *, #6399, .T. ) ;
#5350 = CARTESIAN_POINT ( 'NONE',  ( 24.30000000000000426, 55.74999999999999289, 4.600000660000000074 ) ) ;
#5351 = ORIENTED_EDGE ( 'NONE', *, *, #4414, .T. ) ;
#5352 = DIRECTION ( 'NONE',  ( 0.000000000000000000, -0.000000000000000000, -1.000000000000000000 ) ) ;
#5353 = VERTEX_POINT ( 'NONE', #4374 ) ;
#5354 = ORIENTED_EDGE ( 'NONE', *, *, #12340, .T. ) ;
#5355 = ORIENTED_EDGE ( 'NONE', *, *, #4412, .T. ) ;
#5356 = CARTESIAN_POINT ( 'NONE',  ( 73.00000000000000000, 29.00000000000000000, 9.999999999999998224 ) ) ;
#5357 = ORIENTED_EDGE ( 'NONE', *, *, #5362, .T. ) ;
#5358 = LINE ( 'NONE', #2304, #2525 ) ;
#5359 = CARTESIAN_POINT ( 'NONE',  ( 65.64999999999999147, 24.49999999999997513, 6.499999999999999112 ) ) ;
#5360 = EDGE_CURVE ( 'NONE', #6051, #8415, #8333, .T. ) ;
#5361 = DIRECTION ( 'NONE',  ( -0.000000000000000000, -0.000000000000000000, -1.000000000000000000 ) ) ;
#5362 = EDGE_CURVE ( 'NONE', #10277, #2644, #1902, .T. ) ;
#5363 = VERTEX_POINT ( 'NONE', #2741 ) ;
#5364 = ADVANCED_FACE ( 'NONE', ( #854 ), #5668, .F. ) ;
#5365 = VERTEX_POINT ( 'NONE', #10675 ) ;
#5366 = CARTESIAN_POINT ( 'NONE',  ( 75.91937442780350409, 34.00749664306601261, 3.323999333381998600 ) ) ;
#5367 = ORIENTED_EDGE ( 'NONE', *, *, #9963, .T. ) ;
#5368 = ORIENTED_EDGE ( 'NONE', *, *, #7605, .F. ) ;
#5369 = DIRECTION ( 'NONE',  ( -0.000000000000000000, -0.000000000000000000, -1.000000000000000000 ) ) ;
#5370 = DIRECTION ( 'NONE',  ( 0.000000000000000000, 0.000000000000000000, -1.000000000000000000 ) ) ;
#5371 = CARTESIAN_POINT ( 'NONE',  ( 75.25000000000000000, 54.94999999999999574, 6.499999999999999112 ) ) ;
#5372 = DIRECTION ( 'NONE',  ( 1.000000000000000000, 1.299418334065024380E-16, 0.000000000000000000 ) ) ;
#5373 = EDGE_CURVE ( 'NONE', #9784, #2342, #1858, .T. ) ;
#5374 = EDGE_CURVE ( 'NONE', #5470, #4800, #4548, .T. ) ;
#5375 = CARTESIAN_POINT ( 'NONE',  ( 29.00000000000000000, 73.00000000000000000, 6.499999999999999112 ) ) ;
#5376 = ADVANCED_FACE ( 'NONE', ( #7740 ), #4891, .F. ) ;
#5377 = AXIS2_PLACEMENT_3D ( 'NONE', #1512, #5473, #11463 ) ;
#5378 = FACE_OUTER_BOUND ( 'NONE', #8529, .T. ) ;
#5379 = EDGE_CURVE ( 'NONE', #12141, #4290, #12764, .T. ) ;
#5380 = DIRECTION ( 'NONE',  ( -1.000000000000000000, 0.000000000000000000, 0.000000000000000000 ) ) ;
#5381 = EDGE_LOOP ( 'NONE', ( #2395, #121, #10425, #4699 ) ) ;
#5382 = DIRECTION ( 'NONE',  ( -1.000000000000000000, 0.000000000000000000, 0.000000000000000000 ) ) ;
#5383 = CYLINDRICAL_SURFACE ( 'NONE', #7774, 0.5000000000000004441 ) ;
#5384 = CARTESIAN_POINT ( 'NONE',  ( 71.34900000000000375, 0.000000000000000000, -4.000000000000000000 ) ) ;
#5385 = VERTEX_POINT ( 'NONE', #3917 ) ;
#5386 = VECTOR ( 'NONE', #4547, 1000.000000000000000 ) ;
#5387 = VERTEX_POINT ( 'NONE', #1767 ) ;
#5388 = CARTESIAN_POINT ( 'NONE',  ( 42.69999999999998153, 36.95000000000000284, 4.999999999999998224 ) ) ;
#5389 = DIRECTION ( 'NONE',  ( 0.000000000000000000, 0.000000000000000000, 1.000000000000000000 ) ) ;
#5390 = DIRECTION ( 'NONE',  ( -1.000000000000000000, 0.000000000000000000, 0.000000000000000000 ) ) ;
#5391 = EDGE_CURVE ( 'NONE', #6232, #5882, #3855, .T. ) ;
#5392 = AXIS2_PLACEMENT_3D ( 'NONE', #8962, #4025, #6101 ) ;
#5393 = ORIENTED_EDGE ( 'NONE', *, *, #7281, .T. ) ;
#5394 = CARTESIAN_POINT ( 'NONE',  ( 72.63799999999999102, 64.96099999999999852, -1.600000000000000311 ) ) ;
#5395 = DIRECTION ( 'NONE',  ( -0.7071067811865524577, 0.000000000000000000, 0.7071067811865426878 ) ) ;
#5396 = DIRECTION ( 'NONE',  ( -0.000000000000000000, 0.000000000000000000, 1.000000000000000000 ) ) ;
#5397 = DIRECTION ( 'NONE',  ( 0.000000000000000000, 0.000000000000000000, 1.000000000000000000 ) ) ;
#5398 = ORIENTED_EDGE ( 'NONE', *, *, #10656, .F. ) ;
#5399 = VECTOR ( 'NONE', #10337, 1000.000000000000000 ) ;
#5400 = DIRECTION ( 'NONE',  ( 1.000000000000000000, -0.000000000000000000, -0.000000000000000000 ) ) ;
#5401 = LINE ( 'NONE', #4554, #11756 ) ;
#5402 = AXIS2_PLACEMENT_3D ( 'NONE', #11716, #7540, #645 ) ;
#5403 = AXIS2_PLACEMENT_3D ( 'NONE', #3873, #3811, #9906 ) ;
#5404 = CARTESIAN_POINT ( 'NONE',  ( 76.69999999999998863, 40.40749664306598987, -1.800000000000000711 ) ) ;
#5405 = APPLICATION_CONTEXT ( 'configuration controlled 3d designs of mechanical parts and assemblies' ) ;
#5406 = ORIENTED_EDGE ( 'NONE', *, *, #5838, .T. ) ;
#5407 = CARTESIAN_POINT ( 'NONE',  ( 56.14999999999999147, 24.49999999999999289, 5.999999999999999112 ) ) ;
#5408 = ORIENTED_EDGE ( 'NONE', *, *, #7361, .T. ) ;
#5409 = CARTESIAN_POINT ( 'NONE',  ( 0.000000000000000000, 0.000000000000000000, 6.499999999999999112 ) ) ;
#5410 = VECTOR ( 'NONE', #1092, 1000.000000000000000 ) ;
#5411 = DIRECTION ( 'NONE',  ( 0.000000000000000000, 1.000000000000000000, 0.000000000000000000 ) ) ;
#5412 = AXIS2_PLACEMENT_3D ( 'NONE', #8176, #8311, #12289 ) ;
#5413 = ORIENTED_EDGE ( 'NONE', *, *, #3757, .T. ) ;
#5414 = CARTESIAN_POINT ( 'NONE',  ( 29.24999999999998579, 70.25000000000000000, 12.49999999999999645 ) ) ;
#5415 = EDGE_CURVE ( 'NONE', #11551, #692, #1836, .T. ) ;
#5416 = ORIENTED_EDGE ( 'NONE', *, *, #6894, .F. ) ;
#5417 = DIRECTION ( 'NONE',  ( 1.000000000000000000, -0.000000000000000000, 0.000000000000000000 ) ) ;
#5418 = ORIENTED_EDGE ( 'NONE', *, *, #8790, .T. ) ;
#5419 = EDGE_LOOP ( 'NONE', ( #5009, #9828, #4560, #9505 ) ) ;
#5420 = ORIENTED_EDGE ( 'NONE', *, *, #10085, .T. ) ;
#5421 = CARTESIAN_POINT ( 'NONE',  ( 64.14999999999999147, 24.29999999999999361, 0.5253709514437902017 ) ) ;
#5422 = AXIS2_PLACEMENT_3D ( 'NONE', #1527, #10308, #8484 ) ;
#5423 = ORIENTED_EDGE ( 'NONE', *, *, #5373, .F. ) ;
#5424 = LINE ( 'NONE', #4520, #3364 ) ;
#5425 = CARTESIAN_POINT ( 'NONE',  ( 52.64999999999999147, 24.29998799999999548, 6.499999999999996447 ) ) ;
#5426 = DIRECTION ( 'NONE',  ( -0.000000000000000000, -1.000000000000000000, -0.000000000000000000 ) ) ;
#5427 = ORIENTED_EDGE ( 'NONE', *, *, #2672, .T. ) ;
#5428 = EDGE_LOOP ( 'NONE', ( #4600, #4850, #11858, #8932 ) ) ;
#5429 = VECTOR ( 'NONE', #10422, 1000.000000000000000 ) ;
#5430 = LINE ( 'NONE', #11162, #6511 ) ;
#5431 = VERTEX_POINT ( 'NONE', #1694 ) ;
#5432 = EDGE_LOOP ( 'NONE', ( #537, #5671, #11329, #6202 ) ) ;
#5433 = FACE_OUTER_BOUND ( 'NONE', #2431, .T. ) ;
#5434 = CYLINDRICAL_SURFACE ( 'NONE', #8973, 3.000000000000002665 ) ;
#5435 = AXIS2_PLACEMENT_3D ( 'NONE', #736, #8868, #1846 ) ;
#5436 = CARTESIAN_POINT ( 'NONE',  ( 58.64999999999999147, 24.29999999999999361, 6.499999999999999112 ) ) ;
#5437 = DIRECTION ( 'NONE',  ( 1.000000000000000000, 0.000000000000000000, 0.000000000000000000 ) ) ;
#5438 = EDGE_CURVE ( 'NONE', #4888, #12885, #12638, .T. ) ;
#5439 = LINE ( 'NONE', #3367, #9000 ) ;
#5440 = DIRECTION ( 'NONE',  ( -1.000000000000000000, 0.000000000000000000, 0.000000000000000000 ) ) ;
#5441 = DIRECTION ( 'NONE',  ( -0.000000000000000000, -0.000000000000000000, 1.000000000000000000 ) ) ;
#5442 = VERTEX_POINT ( 'NONE', #12702 ) ;
#5443 = VECTOR ( 'NONE', #6058, 1000.000000000000000 ) ;
#5444 = EDGE_CURVE ( 'NONE', #5866, #3668, #9826, .T. ) ;
#5445 = CARTESIAN_POINT ( 'NONE',  ( 61.14999999999999147, 24.29998799999999548, 0.5253709514437902017 ) ) ;
#5446 = CARTESIAN_POINT ( 'NONE',  ( 25.74999999999998934, 69.74999999999998579, -67.93053710242747911 ) ) ;
#5447 = EDGE_LOOP ( 'NONE', ( #4319, #10751, #10561, #1952 ) ) ;
#5448 = ORIENTED_EDGE ( 'NONE', *, *, #6793, .F. ) ;
#5449 = EDGE_CURVE ( 'NONE', #4738, #10482, #2872, .T. ) ;
#5450 = DIRECTION ( 'NONE',  ( 0.000000000000000000, 0.000000000000000000, -1.000000000000000000 ) ) ;
#5451 = LINE ( 'NONE', #9423, #9877 ) ;
#5452 = CIRCLE ( 'NONE', #2128, 2.499999999999998668 ) ;
#5453 = CIRCLE ( 'NONE', #9197, 2.000000000000001776 ) ;
#5454 = CARTESIAN_POINT ( 'NONE',  ( 77.69999999999998863, 24.29999999999999716, 6.699999999999999289 ) ) ;
#5455 = EDGE_CURVE ( 'NONE', #2415, #6969, #7868, .T. ) ;
#5456 = EDGE_CURVE ( 'NONE', #4845, #9675, #9705, .T. ) ;
#5457 = ADVANCED_FACE ( 'NONE', ( #11663 ), #652, .T. ) ;
#5458 = ORIENTED_EDGE ( 'NONE', *, *, #9434, .F. ) ;
#5459 = CARTESIAN_POINT ( 'NONE',  ( 25.74999999999998934, 28.74999999999999645, -3.500000000000000000 ) ) ;
#5460 = EDGE_CURVE ( 'NONE', #3350, #405, #9531, .T. ) ;
#5461 = CARTESIAN_POINT ( 'NONE',  ( 74.64999999999997726, 53.25000000000000000, 35.97994811066136833 ) ) ;
#5462 = AXIS2_PLACEMENT_3D ( 'NONE', #8328, #2289, #12309 ) ;
#5463 = CARTESIAN_POINT ( 'NONE',  ( 72.44999999999997442, 52.44999999999999574, 8.499999999999998224 ) ) ;
#5464 = DIRECTION ( 'NONE',  ( 0.000000000000000000, -1.000000000000000000, 0.000000000000000000 ) ) ;
#5465 = ORIENTED_EDGE ( 'NONE', *, *, #9016, .T. ) ;
#5466 = FACE_OUTER_BOUND ( 'NONE', #6598, .T. ) ;
#5467 = FACE_OUTER_BOUND ( 'NONE', #11770, .T. ) ;
#5468 = DIRECTION ( 'NONE',  ( 0.000000000000000000, -0.000000000000000000, -1.000000000000000000 ) ) ;
#5469 = VECTOR ( 'NONE', #9745, 1000.000000000000000 ) ;
#5470 = VERTEX_POINT ( 'NONE', #4631 ) ;
#5471 = ADVANCED_FACE ( 'NONE', ( #8589, #12573 ), #3664, .T. ) ;
#5472 = CARTESIAN_POINT ( 'NONE',  ( 57.45000000000000284, 24.29999999999999361, 5.999999999999998224 ) ) ;
#5473 = DIRECTION ( 'NONE',  ( 0.7071067811865352493, 0.7071067811865597852, 0.000000000000000000 ) ) ;
#5474 = EDGE_LOOP ( 'NONE', ( #1690, #9155, #8173, #1704 ) ) ;
#5475 = DIRECTION ( 'NONE',  ( -0.000000000000000000, -0.000000000000000000, -1.000000000000000000 ) ) ;
#5476 = ORIENTED_EDGE ( 'NONE', *, *, #12, .F. ) ;
#5477 = CARTESIAN_POINT ( 'NONE',  ( 73.00000000000000000, 73.00000000000000000, 9.999999999999998224 ) ) ;
#5478 = EDGE_LOOP ( 'NONE', ( #4302, #3357, #12409, #4452 ) ) ;
#5479 = ORIENTED_EDGE ( 'NONE', *, *, #444, .F. ) ;
#5480 = VECTOR ( 'NONE', #12535, 1000.000000000000000 ) ;
#5481 = ORIENTED_EDGE ( 'NONE', *, *, #665, .F. ) ;
#5482 = VECTOR ( 'NONE', #1754, 1000.000000000000000 ) ;
#5483 = CARTESIAN_POINT ( 'NONE',  ( 73.38799999999999102, 65.71099999999999852, -3.000000000000000000 ) ) ;
#5484 = ORIENTED_EDGE ( 'NONE', *, *, #2746, .T. ) ;
#5485 = VERTEX_POINT ( 'NONE', #9096 ) ;
#5486 = DIRECTION ( 'NONE',  ( -0.000000000000000000, -1.000000000000000000, -0.000000000000000000 ) ) ;
#5487 = EDGE_CURVE ( 'NONE', #5363, #6935, #7025, .T. ) ;
#5488 = ORIENTED_EDGE ( 'NONE', *, *, #8548, .F. ) ;
#5489 = CONICAL_SURFACE ( 'NONE', #11927, 2.899999999999999911, 0.7853981633974517207 ) ;
#5490 = CARTESIAN_POINT ( 'NONE',  ( 51.19999999999998863, 39.40749664306598987, 2.323999333381999488 ) ) ;
#5491 = VECTOR ( 'NONE', #8128, 1000.000000000000000 ) ;
#5492 = DIRECTION ( 'NONE',  ( 0.000000000000000000, 0.000000000000000000, 1.000000000000000000 ) ) ;
#5493 = CIRCLE ( 'NONE', #5074, 1.500000000000001332 ) ;
#5494 = ORIENTED_EDGE ( 'NONE', *, *, #5579, .T. ) ;
#5495 = ORIENTED_EDGE ( 'NONE', *, *, #6461, .F. ) ;
#5496 = DIRECTION ( 'NONE',  ( 0.000000000000000000, 0.000000000000000000, 1.000000000000000000 ) ) ;
#5497 = ORIENTED_EDGE ( 'NONE', *, *, #51, .F. ) ;
#5498 = VERTEX_POINT ( 'NONE', #3977 ) ;
#5499 = DIRECTION ( 'NONE',  ( 0.000000000000000000, -0.000000000000000000, -1.000000000000000000 ) ) ;
#5500 = CIRCLE ( 'NONE', #3219, 2.899999999999996358 ) ;
#5501 = CIRCLE ( 'NONE', #7576, 0.5000000000000000000 ) ;
#5502 = CARTESIAN_POINT ( 'NONE',  ( 39.24999955999999912, 39.24999955999999912, -3.100000000000000533 ) ) ;
#5503 = ADVANCED_FACE ( 'NONE', ( #12891 ), #1170, .T. ) ;
#5504 = CARTESIAN_POINT ( 'NONE',  ( 0.000000000000000000, 63.67200000000001836, -3.000000000000000000 ) ) ;
#5505 = CARTESIAN_POINT ( 'NONE',  ( 42.69999999999998863, 69.95000000000000284, 4.999999999999998224 ) ) ;
#5506 = VECTOR ( 'NONE', #3728, 1000.000000000000000 ) ;
#5507 = CARTESIAN_POINT ( 'NONE',  ( 75.50000000000000000, 39.77874832153298712, 3.323999333381999044 ) ) ;
#5508 = EDGE_CURVE ( 'NONE', #12237, #12441, #2081, .T. ) ;
#5509 = DIRECTION ( 'NONE',  ( -1.000000000000000000, 0.000000000000000000, 0.000000000000000000 ) ) ;
#5510 = CARTESIAN_POINT ( 'NONE',  ( 53.25000000000000000, 67.25000043999999377, -4.000000000000000000 ) ) ;
#5511 = AXIS2_PLACEMENT_3D ( 'NONE', #5595, #2602, #8518 ) ;
#5512 = ORIENTED_EDGE ( 'NONE', *, *, #10398, .T. ) ;
#5513 = DIRECTION ( 'NONE',  ( 1.000000000000000000, 0.000000000000000000, 0.000000000000000000 ) ) ;
#5514 = CIRCLE ( 'NONE', #2819, 0.6999999999999992895 ) ;
#5515 = CARTESIAN_POINT ( 'NONE',  ( 31.74999999999998579, 0.000000000000000000, 4.499999999999999112 ) ) ;
#5516 = ORIENTED_EDGE ( 'NONE', *, *, #10398, .F. ) ;
#5517 = ORIENTED_EDGE ( 'NONE', *, *, #10944, .F. ) ;
#5518 = CARTESIAN_POINT ( 'NONE',  ( 24.30000000000000071, 73.69999999999998863, -4.499999999999993783 ) ) ;
#5519 = FACE_OUTER_BOUND ( 'NONE', #9485, .T. ) ;
#5520 = PLANE ( 'NONE',  #11911 ) ;
#5521 = EDGE_CURVE ( 'NONE', #9870, #12157, #2274, .T. ) ;
#5522 = AXIS2_PLACEMENT_3D ( 'NONE', #3558, #10636, #749 ) ;
#5523 = AXIS2_PLACEMENT_3D ( 'NONE', #5119, #1935, #7004 ) ;
#5524 = EDGE_CURVE ( 'NONE', #6274, #3143, #6968, .T. ) ;
#5525 = LINE ( 'NONE', #3577, #8855 ) ;
#5526 = VECTOR ( 'NONE', #2863, 1000.000000000000000 ) ;
#5527 = CARTESIAN_POINT ( 'NONE',  ( 75.89999999999999147, 73.00000000000000000, 9.500000000000001776 ) ) ;
#5528 = ADVANCED_FACE ( 'NONE', ( #9163 ), #12255, .F. ) ;
#5529 = PLANE ( 'NONE',  #901 ) ;
#5530 = DIRECTION ( 'NONE',  ( 0.000000000000000000, 0.000000000000000000, 1.000000000000000000 ) ) ;
#5531 = EDGE_CURVE ( 'NONE', #8323, #12595, #2933, .T. ) ;
#5532 = AXIS2_PLACEMENT_3D ( 'NONE', #562, #618, #11622 ) ;
#5533 = DIRECTION ( 'NONE',  ( 0.000000000000000000, 0.000000000000000000, 1.000000000000000000 ) ) ;
#5534 = ORIENTED_EDGE ( 'NONE', *, *, #4754, .T. ) ;
#5535 = DIRECTION ( 'NONE',  ( 0.000000000000000000, 0.000000000000000000, -1.000000000000000000 ) ) ;
#5536 = CONICAL_SURFACE ( 'NONE', #4295, 0.6999999999999992895, 0.7853981633974492782 ) ;
#5537 = CARTESIAN_POINT ( 'NONE',  ( 58.64999999999999147, 24.49999999999999289, 5.999999999999999112 ) ) ;
#5538 = CIRCLE ( 'NONE', #7614, 3.000000000000002665 ) ;
#5539 = EDGE_CURVE ( 'NONE', #11543, #5661, #8920, .T. ) ;
#5540 = CARTESIAN_POINT ( 'NONE',  ( 62.75000043999999377, 62.75000043999999377, -3.100000000000000533 ) ) ;
#5541 = EDGE_CURVE ( 'NONE', #9349, #2582, #7662, .T. ) ;
#5542 = EDGE_CURVE ( 'NONE', #12003, #1192, #5927, .T. ) ;
#5543 = ORIENTED_EDGE ( 'NONE', *, *, #3487, .F. ) ;
#5544 = EDGE_CURVE ( 'NONE', #9559, #4392, #9887, .T. ) ;
#5545 = EDGE_CURVE ( 'NONE', #7668, #4727, #1864, .T. ) ;
#5546 = ORIENTED_EDGE ( 'NONE', *, *, #12282, .F. ) ;
#5547 = COORDINATED_UNIVERSAL_TIME_OFFSET ( 8, 0, .AHEAD. ) ;
#5548 = FACE_OUTER_BOUND ( 'NONE', #5381, .T. ) ;
#5549 = VECTOR ( 'NONE', #8779, 1000.000000000000000 ) ;
#5550 = EDGE_LOOP ( 'NONE', ( #6496, #1138, #5811, #2857 ) ) ;
#5551 = PLANE ( 'NONE',  #8610 ) ;
#5552 = VERTEX_POINT ( 'NONE', #7154 ) ;
#5553 = CARTESIAN_POINT ( 'NONE',  ( 73.38799999999999102, 65.71099999999999852, -3.000000000000000000 ) ) ;
#5554 = ORIENTED_EDGE ( 'NONE', *, *, #1319, .T. ) ;
#5555 = ORIENTED_EDGE ( 'NONE', *, *, #3352, .F. ) ;
#5556 = VERTEX_POINT ( 'NONE', #10990 ) ;
#5557 = CARTESIAN_POINT ( 'NONE',  ( 73.25000000000000000, 73.25000000000000000, -3.500000000000000000 ) ) ;
#5558 = ORIENTED_EDGE ( 'NONE', *, *, #3074, .T. ) ;
#5559 = ORIENTED_EDGE ( 'NONE', *, *, #12846, .T. ) ;
#5560 = DIRECTION ( 'NONE',  ( 1.000000000000000000, -0.000000000000000000, -0.000000000000000000 ) ) ;
#5561 = ORIENTED_EDGE ( 'NONE', *, *, #4663, .T. ) ;
#5562 = DIRECTION ( 'NONE',  ( 1.000000000000000000, 0.000000000000000000, 0.000000000000000000 ) ) ;
#5563 = CYLINDRICAL_SURFACE ( 'NONE', #6464, 2.500000000000002220 ) ;
#5564 = VERTEX_POINT ( 'NONE', #11912 ) ;
#5565 = EDGE_LOOP ( 'NONE', ( #8144, #591, #5336, #7610 ) ) ;
#5566 = DIRECTION ( 'NONE',  ( 0.000000000000000000, 0.000000000000000000, 1.000000000000000000 ) ) ;
#5567 = ORIENTED_EDGE ( 'NONE', *, *, #2205, .F. ) ;
#5568 = VERTEX_POINT ( 'NONE', #2997 ) ;
#5569 = PLANE ( 'NONE',  #11344 ) ;
#5570 = CARTESIAN_POINT ( 'NONE',  ( 71.49999999999998579, 31.67905841137542922, 3.323999333381996824 ) ) ;
#5571 = DIRECTION ( 'NONE',  ( 0.000000000000000000, -0.000000000000000000, -1.000000000000000000 ) ) ;
#5572 = CARTESIAN_POINT ( 'NONE',  ( 58.64999999999999147, 24.29998799999999548, 5.999999999999999112 ) ) ;
#5573 = LINE ( 'NONE', #3694, #6110 ) ;
#5574 = CARTESIAN_POINT ( 'NONE',  ( 72.09900000000000375, 63.67200000000001836, -4.000000000000000000 ) ) ;
#5575 = ORIENTED_EDGE ( 'NONE', *, *, #8384, .F. ) ;
#5576 = ORIENTED_EDGE ( 'NONE', *, *, #1157, .T. ) ;
#5577 = ORIENTED_EDGE ( 'NONE', *, *, #2673, .F. ) ;
#5578 = FACE_OUTER_BOUND ( 'NONE', #12077, .T. ) ;
#5579 = EDGE_CURVE ( 'NONE', #227, #10283, #2024, .T. ) ;
#5580 = DIRECTION ( 'NONE',  ( -0.000000000000000000, -0.000000000000000000, -1.000000000000000000 ) ) ;
#5581 = ORIENTED_EDGE ( 'NONE', *, *, #4099, .F. ) ;
#5582 = VERTEX_POINT ( 'NONE', #2215 ) ;
#5583 = LINE ( 'NONE', #4542, #2621 ) ;
#5584 = CYLINDRICAL_SURFACE ( 'NONE', #4690, 1.600000000000000755 ) ;
#5585 = CARTESIAN_POINT ( 'NONE',  ( 68.75000000000000000, 70.25000000000000000, 8.499999999999998224 ) ) ;
#5586 = ADVANCED_FACE ( 'NONE', ( #3188 ), #1105, .F. ) ;
#5587 = DIRECTION ( 'NONE',  ( -1.000000000000000000, 0.000000000000000000, 0.000000000000000000 ) ) ;
#5588 = PLANE ( 'NONE',  #11418 ) ;
#5589 = CIRCLE ( 'NONE', #3516, 1.000000000000000666 ) ;
#5590 = DIRECTION ( 'NONE',  ( 0.000000000000000000, 0.000000000000000000, -1.000000000000000000 ) ) ;
#5591 = DIRECTION ( 'NONE',  ( -1.000000000000000000, -1.299418334065024133E-16, 0.000000000000000000 ) ) ;
#5592 = DIRECTION ( 'NONE',  ( -1.000000000000000000, 0.000000000000000000, 0.000000000000000000 ) ) ;
#5593 = ORIENTED_EDGE ( 'NONE', *, *, #2339, .T. ) ;
#5594 = DIRECTION ( 'NONE',  ( 0.000000000000000000, 0.000000000000000000, -1.000000000000000000 ) ) ;
#5595 = CARTESIAN_POINT ( 'NONE',  ( 70.94999999999997442, 48.70000000000000995, 8.499999999999998224 ) ) ;
#5596 = EDGE_LOOP ( 'NONE', ( #1062, #6266, #8596, #1410 ) ) ;
#5597 = PLANE ( 'NONE',  #6504 ) ;
#5598 = AXIS2_PLACEMENT_3D ( 'NONE', #1824, #1751, #3843 ) ;
#5599 = EDGE_CURVE ( 'NONE', #11130, #8601, #6635, .T. ) ;
#5600 = EDGE_CURVE ( 'NONE', #7586, #12467, #1224, .T. ) ;
#5601 = VERTEX_POINT ( 'NONE', #4158 ) ;
#5602 = CARTESIAN_POINT ( 'NONE',  ( 61.14999999999999147, 24.49999999999999289, 6.499999999999999112 ) ) ;
#5603 = AXIS2_PLACEMENT_3D ( 'NONE', #6691, #576, #4689 ) ;
#5604 = DIRECTION ( 'NONE',  ( -1.000000000000000000, 0.000000000000000000, 0.000000000000000000 ) ) ;
#5605 = ORIENTED_EDGE ( 'NONE', *, *, #10051, .T. ) ;
#5606 = DIRECTION ( 'NONE',  ( -0.000000000000000000, 0.000000000000000000, 1.000000000000000000 ) ) ;
#5607 = EDGE_LOOP ( 'NONE', ( #865, #3505, #8421, #7143 ) ) ;
#5608 = EDGE_CURVE ( 'NONE', #2442, #11461, #12881, .T. ) ;
#5609 = DIRECTION ( 'NONE',  ( -0.000000000000000000, -1.000000000000000000, -0.000000000000000000 ) ) ;
#5610 = EDGE_LOOP ( 'NONE', ( #5327, #378, #613, #3083 ) ) ;
#5611 = VECTOR ( 'NONE', #4877, 1000.000000000000000 ) ;
#5612 = EDGE_LOOP ( 'NONE', ( #10802, #11725, #11913, #11425 ) ) ;
#5613 = EDGE_CURVE ( 'NONE', #8416, #7231, #3325, .T. ) ;
#5614 = ORIENTED_EDGE ( 'NONE', *, *, #7364, .F. ) ;
#5615 = ADVANCED_FACE ( 'NONE', ( #1370 ), #1292, .F. ) ;
#5616 = ORIENTED_EDGE ( 'NONE', *, *, #11496, .T. ) ;
#5617 = CARTESIAN_POINT ( 'NONE',  ( 71.44999999999997442, 58.19999999999998863, 8.499999999999998224 ) ) ;
#5618 = EDGE_CURVE ( 'NONE', #673, #391, #4349, .T. ) ;
#5619 = AXIS2_PLACEMENT_3D ( 'NONE', #7461, #11437, #9534 ) ;
#5620 = ORIENTED_EDGE ( 'NONE', *, *, #4340, .F. ) ;
#5621 = CIRCLE ( 'NONE', #2918, 0.7500000000000006661 ) ;
#5622 = CARTESIAN_POINT ( 'NONE',  ( 76.25000000000000000, 34.00749664306601261, 0.6999999999999992895 ) ) ;
#5623 = CARTESIAN_POINT ( 'NONE',  ( 50.44999999999998153, 36.45000000000000284, 6.499999999999999112 ) ) ;
#5624 = EDGE_CURVE ( 'NONE', #8206, #990, #1432, .T. ) ;
#5625 = ORIENTED_EDGE ( 'NONE', *, *, #11027, .T. ) ;
#5626 = DIRECTION ( 'NONE',  ( 0.000000000000000000, 0.000000000000000000, -1.000000000000000000 ) ) ;
#5627 = ORIENTED_EDGE ( 'NONE', *, *, #3764, .T. ) ;
#5628 = LINE ( 'NONE', #5758, #12574 ) ;
#5629 = VERTEX_POINT ( 'NONE', #5394 ) ;
#5630 = ORIENTED_EDGE ( 'NONE', *, *, #184, .T. ) ;
#5631 = DIRECTION ( 'NONE',  ( 0.000000000000000000, 0.000000000000000000, -1.000000000000000000 ) ) ;
#5632 = VECTOR ( 'NONE', #2131, 1000.000000000000000 ) ;
#5633 = CARTESIAN_POINT ( 'NONE',  ( 52.19999999999998153, 75.25000000000000000, 8.499999999999998224 ) ) ;
#5634 = DIRECTION ( 'NONE',  ( -1.000000000000000000, 0.000000000000000000, 0.000000000000000000 ) ) ;
#5635 = DIRECTION ( 'NONE',  ( 1.000000000000000000, 0.000000000000000000, 0.000000000000000000 ) ) ;
#5636 = FACE_OUTER_BOUND ( 'NONE', #3528, .T. ) ;
#5637 = DIRECTION ( 'NONE',  ( 0.000000000000000000, 1.000000000000000000, -0.000000000000000000 ) ) ;
#5638 = VECTOR ( 'NONE', #12205, 1000.000000000000000 ) ;
#5639 = DIRECTION ( 'NONE',  ( -0.000000000000000000, 0.000000000000000000, 1.000000000000000000 ) ) ;
#5640 = ORIENTED_EDGE ( 'NONE', *, *, #10929, .F. ) ;
#5641 = ORIENTED_EDGE ( 'NONE', *, *, #1706, .F. ) ;
#5642 = ORIENTED_EDGE ( 'NONE', *, *, #10669, .T. ) ;
#5644 = LINE ( 'NONE', #10578, #12151 ) ;
#5643 = AXIS2_PLACEMENT_3D ( 'NONE', #12842, #2881, #10620 ) ;
#5645 = CARTESIAN_POINT ( 'NONE',  ( 61.64999999999999147, 24.49999999999999289, 0.02537095144379032663 ) ) ;
#5646 = ORIENTED_EDGE ( 'NONE', *, *, #7778, .T. ) ;
#5647 = EDGE_LOOP ( 'NONE', ( #7542, #5408, #3978, #7194 ) ) ;
#5648 = LINE ( 'NONE', #8700, #4715 ) ;
#5649 = CARTESIAN_POINT ( 'NONE',  ( 76.03895576983454418, 33.00749664306600550, 2.415268446261945812 ) ) ;
#5650 = CARTESIAN_POINT ( 'NONE',  ( 28.85000000000000497, 51.75000000000000000, 5.925518941756209301 ) ) ;
#5651 = AXIS2_PLACEMENT_3D ( 'NONE', #12810, #3896, #2968 ) ;
#5652 = DIRECTION ( 'NONE',  ( -1.000000000000000000, 0.000000000000000000, 0.000000000000000000 ) ) ;
#5653 = VECTOR ( 'NONE', #7012, 1000.000000000000000 ) ;
#5654 = EDGE_CURVE ( 'NONE', #7053, #4152, #11321, .T. ) ;
#5655 = CARTESIAN_POINT ( 'NONE',  ( 65.64999999999999147, 25.75000000000000000, 6.499999999999999112 ) ) ;
#5656 = FACE_OUTER_BOUND ( 'NONE', #6075, .T. ) ;
#5657 = CARTESIAN_POINT ( 'NONE',  ( 34.74999999999997868, 76.25000000000000000, 4.499999999999999112 ) ) ;
#5658 = FACE_OUTER_BOUND ( 'NONE', #9376, .T. ) ;
#5659 = CIRCLE ( 'NONE', #6071, 1.000000000000000888 ) ;
#5660 = FACE_OUTER_BOUND ( 'NONE', #9282, .T. ) ;
#5661 = VERTEX_POINT ( 'NONE', #319 ) ;
#5662 = EDGE_CURVE ( 'NONE', #2498, #7181, #12297, .T. ) ;
#5663 = CARTESIAN_POINT ( 'NONE',  ( 76.25000000000000000, 51.44999999999999574, 6.499999999999999112 ) ) ;
#5664 = PLANE ( 'NONE',  #9035 ) ;
#5665 = LINE ( 'NONE', #11657, #9611 ) ;
#5666 = ORIENTED_EDGE ( 'NONE', *, *, #4737, .T. ) ;
#5667 = LINE ( 'NONE', #3663, #973 ) ;
#5668 = PLANE ( 'NONE',  #6424 ) ;
#5669 = ORIENTED_EDGE ( 'NONE', *, *, #3060, .T. ) ;
#5670 = CARTESIAN_POINT ( 'NONE',  ( 69.59999999999999432, 73.00000000000000000, 9.999999999999998224 ) ) ;
#5671 = ORIENTED_EDGE ( 'NONE', *, *, #5456, .T. ) ;
#5672 = LINE ( 'NONE', #9637, #5284 ) ;
#5673 = ORIENTED_EDGE ( 'NONE', *, *, #1313, .T. ) ;
#5674 = VERTEX_POINT ( 'NONE', #10270 ) ;
#5675 = ORIENTED_EDGE ( 'NONE', *, *, #12132, .F. ) ;
#5676 = CIRCLE ( 'NONE', #1304, 1.500000000000000000 ) ;
#5677 = AXIS2_PLACEMENT_3D ( 'NONE', #3512, #11705, #5842 ) ;
#5678 = DIRECTION ( 'NONE',  ( 0.000000000000000000, 0.000000000000000000, -1.000000000000000000 ) ) ;
#5679 = EDGE_CURVE ( 'NONE', #11259, #12348, #4298, .T. ) ;
#5680 = ORIENTED_EDGE ( 'NONE', *, *, #5600, .T. ) ;
#5681 = DIRECTION ( 'NONE',  ( -0.000000000000000000, -0.000000000000000000, -1.000000000000000000 ) ) ;
#5682 = LINE ( 'NONE', #2826, #12701 ) ;
#5683 = ORIENTED_EDGE ( 'NONE', *, *, #5769, .F. ) ;
#5684 = VECTOR ( 'NONE', #6223, 1000.000000000000000 ) ;
#5685 = DIRECTION ( 'NONE',  ( 0.000000000000000000, 1.000000000000000000, 0.000000000000000000 ) ) ;
#5686 = VERTEX_POINT ( 'NONE', #10400 ) ;
#5687 = CARTESIAN_POINT ( 'NONE',  ( 76.25000000000000000, 25.75000000000000000, 6.499999999999999112 ) ) ;
#5688 = ORIENTED_EDGE ( 'NONE', *, *, #3060, .F. ) ;
#5689 = VECTOR ( 'NONE', #6170, 1000.000000000000000 ) ;
#5690 = EDGE_CURVE ( 'NONE', #5831, #8681, #11211, .T. ) ;
#5691 = ORIENTED_EDGE ( 'NONE', *, *, #3705, .F. ) ;
#5692 = CARTESIAN_POINT ( 'NONE',  ( 52.19999999999998153, 75.25000000000000000, 8.499999999999998224 ) ) ;
#5693 = EDGE_CURVE ( 'NONE', #5242, #2574, #7344, .T. ) ;
#5694 = CYLINDRICAL_SURFACE ( 'NONE', #5522, 0.5000000000000004441 ) ;
#5695 = DIRECTION ( 'NONE',  ( 0.000000000000000000, 0.000000000000000000, 1.000000000000000000 ) ) ;
#5696 = VECTOR ( 'NONE', #5828, 1000.000000000000000 ) ;
#5697 = AXIS2_PLACEMENT_3D ( 'NONE', #1980, #6983, #14 ) ;
#5698 = EDGE_CURVE ( 'NONE', #11208, #6274, #453, .T. ) ;
#5699 = CIRCLE ( 'NONE', #8961, 0.6999999999999992895 ) ;
#5700 = DIRECTION ( 'NONE',  ( -9.188275156155114694E-17, 0.7071067811865521247, 0.7071067811865430208 ) ) ;
#5701 = EDGE_CURVE ( 'NONE', #2150, #12124, #518, .T. ) ;
#5702 = VECTOR ( 'NONE', #10389, 1000.000000000000000 ) ;
#5703 = CARTESIAN_POINT ( 'NONE',  ( 76.89999999999999147, 41.90749664306598987, 3.323999333381999932 ) ) ;
#5704 = CYLINDRICAL_SURFACE ( 'NONE', #3441, 2.500000000000002220 ) ;
#5705 = EDGE_CURVE ( 'NONE', #10934, #3539, #9493, .T. ) ;
#5706 = DIRECTION ( 'NONE',  ( 0.000000000000000000, 0.000000000000000000, -1.000000000000000000 ) ) ;
#5707 = VERTEX_POINT ( 'NONE', #9303 ) ;
#5708 = AXIS2_PLACEMENT_3D ( 'NONE', #994, #9948, #6788 ) ;
#5709 = VERTEX_POINT ( 'NONE', #12171 ) ;
#5710 = AXIS2_PLACEMENT_3D ( 'NONE', #3136, #5946, #3012 ) ;
#5711 = ORIENTED_EDGE ( 'NONE', *, *, #7042, .F. ) ;
#5712 = CARTESIAN_POINT ( 'NONE',  ( 66.64999999999999147, 25.75000000000000000, 6.000000000000000000 ) ) ;
#5713 = DIRECTION ( 'NONE',  ( 1.000000000000000000, 1.299418334065024873E-16, -0.000000000000000000 ) ) ;
#5714 = ORIENTED_EDGE ( 'NONE', *, *, #3747, .F. ) ;
#5715 = VECTOR ( 'NONE', #5739, 1000.000000000000000 ) ;
#5716 = ORIENTED_EDGE ( 'NONE', *, *, #8555, .T. ) ;
#5717 = CARTESIAN_POINT ( 'NONE',  ( 76.16702747273642160, 40.12163948592027651, 5.924041587756089520E-15 ) ) ;
#5718 = CARTESIAN_POINT ( 'NONE',  ( 70.49999999999998579, 31.67905841137542922, 0.000000000000000000 ) ) ;
#5719 = CARTESIAN_POINT ( 'NONE',  ( 77.19999999999998863, 73.69999999999998863, -5.000000000000000000 ) ) ;
#5720 = CARTESIAN_POINT ( 'NONE',  ( 66.84999999999996589, 24.29999999999999716, 15.00000000000000000 ) ) ;
#5721 = CARTESIAN_POINT ( 'NONE',  ( 53.25000000000000000, 74.64999999999997726, -4.000000000000003553 ) ) ;
#5723 = DIRECTION ( 'NONE',  ( -1.000000000000000000, 0.000000000000000000, 0.000000000000000000 ) ) ;
#5722 = AXIS2_PLACEMENT_3D ( 'NONE', #9362, #10456, #2405 ) ;
#5724 = CARTESIAN_POINT ( 'NONE',  ( 67.25000043999999377, 50.24999999999999289, -4.000000000000000000 ) ) ;
#5725 = CARTESIAN_POINT ( 'NONE',  ( 67.25000043999999377, 48.74999999999999289, -4.000000000000000000 ) ) ;
#5726 = AXIS2_PLACEMENT_3D ( 'NONE', #5490, #3420, #11220 ) ;
#5727 = DIRECTION ( 'NONE',  ( -1.000000000000000000, 0.000000000000000000, 0.000000000000000000 ) ) ;
#5728 = EDGE_LOOP ( 'NONE', ( #12420, #616, #6115, #12584, #12269, #7376, #9511, #8852 ) ) ;
#5729 = LINE ( 'NONE', #3658, #1662 ) ;
#5730 = FACE_OUTER_BOUND ( 'NONE', #289, .T. ) ;
#5731 = ORIENTED_EDGE ( 'NONE', *, *, #4825, .T. ) ;
#5732 = DIRECTION ( 'NONE',  ( 1.000000000000000000, 1.299418334065024626E-16, 0.000000000000000000 ) ) ;
#5733 = VECTOR ( 'NONE', #4786, 1000.000000000000000 ) ;
#5734 = VECTOR ( 'NONE', #2471, 1000.000000000000000 ) ;
#5735 = CARTESIAN_POINT ( 'NONE',  ( 27.24999999999998934, 33.24999999999999289, 8.499999999999998224 ) ) ;
#5736 = DIRECTION ( 'NONE',  ( -0.000000000000000000, -0.000000000000000000, -1.000000000000000000 ) ) ;
#5737 = VECTOR ( 'NONE', #7511, 1000.000000000000000 ) ;
#5738 = ORIENTED_EDGE ( 'NONE', *, *, #11902, .T. ) ;
#5739 = DIRECTION ( 'NONE',  ( 0.000000000000000000, 0.000000000000000000, -1.000000000000000000 ) ) ;
#5740 = VERTEX_POINT ( 'NONE', #8319 ) ;
#5741 = VECTOR ( 'NONE', #12795, 1000.000000000000000 ) ;
#5742 = AXIS2_PLACEMENT_3D ( 'NONE', #5932, #3126, #4835 ) ;
#5743 = CARTESIAN_POINT ( 'NONE',  ( 48.74999999999999289, 73.14999999999997726, -4.000000000000000000 ) ) ;
#5744 = ORIENTED_EDGE ( 'NONE', *, *, #4443, .F. ) ;
#5745 = VERTEX_POINT ( 'NONE', #3263 ) ;
#5746 = EDGE_CURVE ( 'NONE', #8835, #8189, #2340, .T. ) ;
#5747 = CARTESIAN_POINT ( 'NONE',  ( 34.74999955999999202, 50.24999999999999289, -4.000000000000000000 ) ) ;
#5748 = LINE ( 'NONE', #4957, #3220 ) ;
#5749 = LINE ( 'NONE', #11674, #230 ) ;
#5750 = VECTOR ( 'NONE', #845, 1000.000000000000000 ) ;
#5751 = EDGE_LOOP ( 'NONE', ( #8533, #1024, #8284, #3955, #2684, #1465, #7870, #2380 ) ) ;
#5752 = AXIS2_PLACEMENT_3D ( 'NONE', #10981, #3847, #9881 ) ;
#5753 = FACE_OUTER_BOUND ( 'NONE', #3916, .T. ) ;
#5754 = DIRECTION ( 'NONE',  ( 0.000000000000000000, 0.000000000000000000, -1.000000000000000000 ) ) ;
#5755 = ORIENTED_EDGE ( 'NONE', *, *, #5135, .T. ) ;
#5756 = DIRECTION ( 'NONE',  ( 1.000000000000000000, 0.000000000000000000, 0.000000000000000000 ) ) ;
#5757 = ORIENTED_EDGE ( 'NONE', *, *, #8719, .F. ) ;
#5758 = CARTESIAN_POINT ( 'NONE',  ( 64.25000043999999377, 62.75000043999999377, -4.499999999999992895 ) ) ;
#5759 = EDGE_LOOP ( 'NONE', ( #8287, #9381, #1049, #6069 ) ) ;
#5760 = ORIENTED_EDGE ( 'NONE', *, *, #6420, .F. ) ;
#5761 = DIRECTION ( 'NONE',  ( -1.000000000000000000, 0.000000000000000000, 0.000000000000000000 ) ) ;
#5762 = DIRECTION ( 'NONE',  ( 0.000000000000000000, 0.000000000000000000, -1.000000000000000000 ) ) ;
#5763 = CARTESIAN_POINT ( 'NONE',  ( 70.44999999999997442, 48.70000000000000995, 8.499999999999998224 ) ) ;
#5764 = EDGE_CURVE ( 'NONE', #1297, #4348, #10157, .T. ) ;
#5765 = DIRECTION ( 'NONE',  ( -0.000000000000000000, 0.000000000000000000, 1.000000000000000000 ) ) ;
#5766 = DIRECTION ( 'NONE',  ( -0.000000000000000000, -0.000000000000000000, 1.000000000000000000 ) ) ;
#5767 = EDGE_CURVE ( 'NONE', #3935, #8504, #2278, .T. ) ;
#5768 = DIRECTION ( 'NONE',  ( -0.000000000000000000, -1.000000000000000000, -0.000000000000000000 ) ) ;
#5769 = EDGE_CURVE ( 'NONE', #2371, #9563, #3456, .T. ) ;
#5770 = CARTESIAN_POINT ( 'NONE',  ( 65.14999999999999147, 24.29998799999999548, 0.5253709514437898687 ) ) ;
#5771 = ORIENTED_EDGE ( 'NONE', *, *, #825, .F. ) ;
#5772 = EDGE_CURVE ( 'NONE', #2280, #478, #6240, .T. ) ;
#5773 = ORIENTED_EDGE ( 'NONE', *, *, #123, .T. ) ;
#5774 = ORIENTED_EDGE ( 'NONE', *, *, #4579, .T. ) ;
#5775 = FACE_OUTER_BOUND ( 'NONE', #8792, .T. ) ;
#5776 = ADVANCED_FACE ( 'NONE', ( #2469 ), #3515, .F. ) ;
#5777 = CARTESIAN_POINT ( 'NONE',  ( 59.14999999999999147, 24.29998799999999548, 0.02537095144379032663 ) ) ;
#5778 = EDGE_LOOP ( 'NONE', ( #3021, #8309, #9860, #4634 ) ) ;
#5779 = ORIENTED_EDGE ( 'NONE', *, *, #10040, .T. ) ;
#5780 = ADVANCED_FACE ( 'NONE', ( #7661 ), #7797, .T. ) ;
#5781 = PLANE ( 'NONE',  #6993 ) ;
#5782 = DIRECTION ( 'NONE',  ( 1.000000000000000000, 0.000000000000000000, 0.000000000000000000 ) ) ;
#5783 = CARTESIAN_POINT ( 'NONE',  ( 27.75000000000000000, 29.00000000000000000, -8.535533905932741305 ) ) ;
#5784 = EDGE_CURVE ( 'NONE', #9179, #4038, #4774, .T. ) ;
#5785 = ADVANCED_FACE ( 'NONE', ( #6625 ), #11515, .F. ) ;
#5786 = DIRECTION ( 'NONE',  ( 0.000000000000000000, 0.000000000000000000, -1.000000000000000000 ) ) ;
#5787 = LINE ( 'NONE', #8706, #11196 ) ;
#5788 = CYLINDRICAL_SURFACE ( 'NONE', #9122, 4.000000000000000000 ) ;
#5789 = LINE ( 'NONE', #12684, #2556 ) ;
#5790 = CARTESIAN_POINT ( 'NONE',  ( 29.35000000000000142, 34.25000000000000000, -1.599999999999997202 ) ) ;
#5791 = DIRECTION ( 'NONE',  ( 1.000000000000000000, -0.000000000000000000, 0.000000000000000000 ) ) ;
#5792 = ORIENTED_EDGE ( 'NONE', *, *, #11501, .F. ) ;
#5793 = FACE_OUTER_BOUND ( 'NONE', #6403, .T. ) ;
#5794 = CARTESIAN_POINT ( 'NONE',  ( 70.25000000000000000, 73.75000000000000000, 28.49562720652060221 ) ) ;
#5795 = DIRECTION ( 'NONE',  ( -0.000000000000000000, -1.000000000000000000, -0.000000000000000000 ) ) ;
#5796 = EDGE_CURVE ( 'NONE', #1528, #12280, #5809, .T. ) ;
#5797 = AXIS2_PLACEMENT_3D ( 'NONE', #3594, #2608, #10289 ) ;
#5798 = DIRECTION ( 'NONE',  ( 0.000000000000000000, 0.000000000000000000, 1.000000000000000000 ) ) ;
#5799 = PERSON_AND_ORGANIZATION_ROLE ( 'design_supplier' ) ;
#5800 = DIRECTION ( 'NONE',  ( -0.000000000000000000, -0.000000000000000000, 1.000000000000000000 ) ) ;
#5801 = VERTEX_POINT ( 'NONE', #4613 ) ;
#5802 = FACE_OUTER_BOUND ( 'NONE', #11630, .T. ) ;
#5803 = VERTEX_POINT ( 'NONE', #1620 ) ;
#5804 = LINE ( 'NONE', #4047, #3048 ) ;
#5805 = ORIENTED_EDGE ( 'NONE', *, *, #4570, .T. ) ;
#5806 = ORIENTED_EDGE ( 'NONE', *, *, #2178, .F. ) ;
#5807 = DIRECTION ( 'NONE',  ( 1.000000000000000000, 0.000000000000000000, 0.000000000000000000 ) ) ;
#5808 = DIRECTION ( 'NONE',  ( 0.000000000000000000, 0.000000000000000000, 1.000000000000000000 ) ) ;
#5809 = CIRCLE ( 'NONE', #1652, 2.500000000000002220 ) ;
#5810 = DIRECTION ( 'NONE',  ( -1.000000000000000000, 0.000000000000000000, 0.000000000000000000 ) ) ;
#5811 = ORIENTED_EDGE ( 'NONE', *, *, #12432, .F. ) ;
#5812 = DIRECTION ( 'NONE',  ( -1.000000000000000000, -1.299418334065024133E-16, 0.000000000000000000 ) ) ;
#5813 = EDGE_CURVE ( 'NONE', #11805, #8356, #706, .T. ) ;
#5814 = CARTESIAN_POINT ( 'NONE',  ( 56.64999999999999147, 24.49999999999999289, 0.02537095144379032663 ) ) ;
#5815 = CIRCLE ( 'NONE', #9130, 0.6999999999999784173 ) ;
#5816 = VERTEX_POINT ( 'NONE', #2657 ) ;
#5817 = CARTESIAN_POINT ( 'NONE',  ( 59.19999999999997442, 37.95000000000000284, 4.999999999999998224 ) ) ;
#5818 = ORIENTED_EDGE ( 'NONE', *, *, #5705, .F. ) ;
#5819 = CARTESIAN_POINT ( 'NONE',  ( 76.89999999999999147, 34.00749664306601261, 0.6999999999999992895 ) ) ;
#5820 = ORIENTED_EDGE ( 'NONE', *, *, #6652, .F. ) ;
#5821 = EDGE_LOOP ( 'NONE', ( #8633, #7237, #6021, #3343 ) ) ;
#5822 = CARTESIAN_POINT ( 'NONE',  ( 49.44999999999997442, 26.75000000000000000, 6.499999999999999112 ) ) ;
#5823 = FACE_OUTER_BOUND ( 'NONE', #3098, .T. ) ;
#5824 = AXIS2_PLACEMENT_3D ( 'NONE', #411, #1646, #2551 ) ;
#5825 = CARTESIAN_POINT ( 'NONE',  ( 25.74999999999999645, 76.25000000000000000, 0.000000000000000000 ) ) ;
#5826 = CIRCLE ( 'NONE', #11851, 0.7500000000000006661 ) ;
#5827 = FACE_OUTER_BOUND ( 'NONE', #4651, .T. ) ;
#5828 = DIRECTION ( 'NONE',  ( 0.000000000000000000, -1.000000000000000000, 0.000000000000000000 ) ) ;
#5829 = FACE_OUTER_BOUND ( 'NONE', #6729, .T. ) ;
#5830 = DIRECTION ( 'NONE',  ( 1.000000000000000000, 0.000000000000000000, 0.000000000000000000 ) ) ;
#5831 = VERTEX_POINT ( 'NONE', #12682 ) ;
#5832 = VECTOR ( 'NONE', #10325, 1000.000000000000000 ) ;
#5833 = ORIENTED_EDGE ( 'NONE', *, *, #3482, .T. ) ;
#5834 = VERTEX_POINT ( 'NONE', #6568 ) ;
#5835 = DIRECTION ( 'NONE',  ( 0.000000000000000000, 1.000000000000000000, 0.000000000000000000 ) ) ;
#5836 = DIRECTION ( 'NONE',  ( -1.000000000000000000, 0.000000000000000000, 0.000000000000000000 ) ) ;
#5837 = ORIENTED_EDGE ( 'NONE', *, *, #7837, .F. ) ;
#5838 = EDGE_CURVE ( 'NONE', #1504, #2461, #610, .T. ) ;
#5839 = ORIENTED_EDGE ( 'NONE', *, *, #6649, .T. ) ;
#5840 = DIRECTION ( 'NONE',  ( -0.000000000000000000, -0.000000000000000000, 1.000000000000000000 ) ) ;
#5841 = DIRECTION ( 'NONE',  ( 1.000000000000000000, 0.000000000000000000, 0.000000000000000000 ) ) ;
#5842 = DIRECTION ( 'NONE',  ( 1.000000000000000000, 0.000000000000000000, 0.000000000000000000 ) ) ;
#5843 = AXIS2_PLACEMENT_3D ( 'NONE', #5623, #11360, #1405 ) ;
#5844 = CARTESIAN_POINT ( 'NONE',  ( 27.75000000000000000, 73.00000000000000000, -1.600000000000000311 ) ) ;
#5845 = EDGE_CURVE ( 'NONE', #12708, #1421, #639, .T. ) ;
#5846 = LINE ( 'NONE', #1944, #6774 ) ;
#5847 = AXIS2_PLACEMENT_3D ( 'NONE', #9460, #2690, #12645 ) ;
#5848 = FACE_OUTER_BOUND ( 'NONE', #2119, .T. ) ;
#5849 = DIRECTION ( 'NONE',  ( -0.000000000000000000, 0.000000000000000000, 1.000000000000000000 ) ) ;
#5850 = LINE ( 'NONE', #9932, #5689 ) ;
#5851 = ADVANCED_FACE ( 'NONE', ( #11585, #8576 ), #1683, .F. ) ;
#5852 = CARTESIAN_POINT ( 'NONE',  ( 62.75000043999999377, 65.75000043999999377, -3.100000000000000533 ) ) ;
#5853 = ORIENTED_EDGE ( 'NONE', *, *, #2591, .T. ) ;
#5854 = ADVANCED_FACE ( 'NONE', ( #5656 ), #5588, .F. ) ;
#5855 = ADVANCED_FACE ( 'NONE', ( #5848 ), #5788, .T. ) ;
#5856 = CARTESIAN_POINT ( 'NONE',  ( 28.74999999999999645, 76.25000000000000000, 0.000000000000000000 ) ) ;
#5857 = DIRECTION ( 'NONE',  ( -0.000000000000000000, 1.172110456741089772E-16, -1.000000000000000000 ) ) ;
#5858 = ORIENTED_EDGE ( 'NONE', *, *, #11629, .T. ) ;
#5859 = DIRECTION ( 'NONE',  ( 1.000000000000000000, 0.000000000000000000, 0.000000000000000000 ) ) ;
#5860 = ORIENTED_EDGE ( 'NONE', *, *, #756, .F. ) ;
#5861 = ADVANCED_FACE ( 'NONE', ( #8652 ), #779, .F. ) ;
#5862 = ADVANCED_FACE ( 'NONE', ( #3578 ), #3652, .T. ) ;
#5863 = EDGE_CURVE ( 'NONE', #6868, #9784, #2728, .T. ) ;
#5864 = CARTESIAN_POINT ( 'NONE',  ( 30.24999999999998579, 30.25000000000000000, -67.93053710242747911 ) ) ;
#5865 = AXIS2_PLACEMENT_3D ( 'NONE', #2856, #1873, #8832 ) ;
#5866 = VERTEX_POINT ( 'NONE', #7725 ) ;
#5867 = AXIS2_PLACEMENT_3D ( 'NONE', #10284, #4437, #1383 ) ;
#5868 = DIRECTION ( 'NONE',  ( -1.000000000000000000, 0.000000000000000000, 0.000000000000000000 ) ) ;
#5869 = ORIENTED_EDGE ( 'NONE', *, *, #1618, .T. ) ;
#5870 = CARTESIAN_POINT ( 'NONE',  ( 60.14999999999999147, 24.29998799999999548, 6.499999999999999112 ) ) ;
#5871 = ORIENTED_EDGE ( 'NONE', *, *, #7844, .T. ) ;
#5872 = CYLINDRICAL_SURFACE ( 'NONE', #5199, 1.250000000000001110 ) ;
#5873 = CARTESIAN_POINT ( 'NONE',  ( 77.19999999999998863, 73.69999999999998863, -5.000000000000000000 ) ) ;
#5874 = DIRECTION ( 'NONE',  ( 1.000000000000000000, 0.000000000000000000, 0.000000000000000000 ) ) ;
#5875 = ORIENTED_EDGE ( 'NONE', *, *, #8270, .T. ) ;
#5876 = CARTESIAN_POINT ( 'NONE',  ( 0.000000000000000000, 0.000000000000000000, 6.499999999999999112 ) ) ;
#5877 = DIRECTION ( 'NONE',  ( -0.000000000000000000, -0.000000000000000000, 1.000000000000000000 ) ) ;
#5878 = ORIENTED_EDGE ( 'NONE', *, *, #8887, .F. ) ;
#5879 = DIRECTION ( 'NONE',  ( -1.000000000000000000, 0.000000000000000000, 0.000000000000000000 ) ) ;
#5880 = ORIENTED_EDGE ( 'NONE', *, *, #7354, .F. ) ;
#5881 = PLANE ( 'NONE',  #12369 ) ;
#5882 = VERTEX_POINT ( 'NONE', #11710 ) ;
#5883 = ORIENTED_EDGE ( 'NONE', *, *, #4305, .F. ) ;
#5885 = DIRECTION ( 'NONE',  ( -1.000000000000000000, 0.000000000000000000, 0.000000000000000000 ) ) ;
#5884 = AXIS2_PLACEMENT_3D ( 'NONE', #4500, #7482, #1508 ) ;
#5886 = EDGE_CURVE ( 'NONE', #11656, #420, #7015, .T. ) ;
#5887 = CARTESIAN_POINT ( 'NONE',  ( 70.94999999999997442, 57.69999999999998863, 4.999999999999998224 ) ) ;
#5888 = PLANE ( 'NONE',  #11921 ) ;
#5889 = LINE ( 'NONE', #882, #12554 ) ;
#5890 = CARTESIAN_POINT ( 'NONE',  ( 51.94999999999997442, 26.75000000000000000, 8.499999999999998224 ) ) ;
#5891 = VECTOR ( 'NONE', #3102, 1000.000000000000000 ) ;
#5892 = DIRECTION ( 'NONE',  ( 0.000000000000000000, 0.000000000000000000, -1.000000000000000000 ) ) ;
#5893 = VERTEX_POINT ( 'NONE', #10919 ) ;
#5894 = ORIENTED_EDGE ( 'NONE', *, *, #5600, .F. ) ;
#5895 = EDGE_LOOP ( 'NONE', ( #4601, #7103, #9787, #12641 ) ) ;
#5896 = LINE ( 'NONE', #10969, #7806 ) ;
#5897 = LINE ( 'NONE', #11700, #2531 ) ;
#5898 = EDGE_LOOP ( 'NONE', ( #6133, #3032, #10777, #771 ) ) ;
#5899 = CIRCLE ( 'NONE', #3198, 2.000000000000001776 ) ;
#5900 = ORIENTED_EDGE ( 'NONE', *, *, #12059, .T. ) ;
#5901 = EDGE_CURVE ( 'NONE', #3481, #5987, #4089, .T. ) ;
#5902 = CARTESIAN_POINT ( 'NONE',  ( 57.64999999999999147, 25.75000000000000000, 0.5253709514437903128 ) ) ;
#5903 = B_SPLINE_CURVE_WITH_KNOTS ( 'NONE', 3,
 ( #6419, #4594, #10377, #9529, #7259, #10322 ),
 .UNSPECIFIED., .F., .F.,
 ( 4, 2, 4 ),
 ( 0.000000000000000000, 0.0004089968116028333458, 0.0008179936232056666916 ),
 .UNSPECIFIED. ) ;
#5904 = FACE_OUTER_BOUND ( 'NONE', #7307, .T. ) ;
#5905 = VECTOR ( 'NONE', #10935, 1000.000000000000000 ) ;
#5906 = PLANE ( 'NONE',  #6513 ) ;
#5907 = FACE_OUTER_BOUND ( 'NONE', #7043, .T. ) ;
#5908 = AXIS2_PLACEMENT_3D ( 'NONE', #2044, #9961, #1063 ) ;
#5909 = CIRCLE ( 'NONE', #2578, 1.000000000000000000 ) ;
#5910 = CARTESIAN_POINT ( 'NONE',  ( 61.14999999999999147, 24.29999999999999361, 5.999999999999999112 ) ) ;
#5911 = CYLINDRICAL_SURFACE ( 'NONE', #4992, 1.250000000000001110 ) ;
#5912 = AXIS2_PLACEMENT_3D ( 'NONE', #11116, #2981, #4029 ) ;
#5913 = DIRECTION ( 'NONE',  ( 0.000000000000000000, -1.000000000000000000, 0.000000000000000000 ) ) ;
#5914 = FACE_OUTER_BOUND ( 'NONE', #10355, .T. ) ;
#5915 = DIRECTION ( 'NONE',  ( -0.000000000000000000, -0.000000000000000000, 1.000000000000000000 ) ) ;
#5916 = ORIENTED_EDGE ( 'NONE', *, *, #4982, .F. ) ;
#5917 = LINE ( 'NONE', #6897, #4990 ) ;
#5918 = DIRECTION ( 'NONE',  ( -0.000000000000000000, -1.000000000000000000, -0.000000000000000000 ) ) ;
#5919 = AXIS2_PLACEMENT_3D ( 'NONE', #10698, #7506, #10630 ) ;
#5920 = AXIS2_PLACEMENT_3D ( 'NONE', #2225, #5342, #2153 ) ;
#5921 = CARTESIAN_POINT ( 'NONE',  ( 55.64999999999999147, 24.29999999999999361, 0.5253709514437898687 ) ) ;
#5922 = ORIENTED_EDGE ( 'NONE', *, *, #2043, .T. ) ;
#5923 = VECTOR ( 'NONE', #11275, 1000.000000000000114 ) ;
#5924 = EDGE_CURVE ( 'NONE', #2049, #4573, #3050, .T. ) ;
#5925 = ADVANCED_FACE ( 'NONE', ( #117, #53 ), #1094, .T. ) ;
#5926 = ADVANCED_FACE ( 'NONE', ( #7982 ), #12091, .F. ) ;
#5927 = LINE ( 'NONE', #12103, #4355 ) ;
#5928 = VECTOR ( 'NONE', #11025, 1000.000000000000000 ) ;
#5929 = VERTEX_POINT ( 'NONE', #9024 ) ;
#5930 = CARTESIAN_POINT ( 'NONE',  ( 28.74999999999998934, 28.74999999999999645, -1.600000000000000755 ) ) ;
#5931 = ORIENTED_EDGE ( 'NONE', *, *, #12852, .T. ) ;
#5932 = CARTESIAN_POINT ( 'NONE',  ( 42.69999999999998153, 37.95000000000000284, 4.999999999999998224 ) ) ;
#5933 = ORIENTED_EDGE ( 'NONE', *, *, #7436, .T. ) ;
#5934 = ADVANCED_FACE ( 'NONE', ( #977 ), #11968, .F. ) ;
#5935 = EDGE_CURVE ( 'NONE', #9349, #3492, #12027, .T. ) ;
#5936 = EDGE_CURVE ( 'NONE', #11003, #9387, #12671, .T. ) ;
#5937 = DIRECTION ( 'NONE',  ( 1.299418334065024873E-16, -1.000000000000000000, -0.000000000000000000 ) ) ;
#5938 = AXIS2_PLACEMENT_3D ( 'NONE', #4683, #896, #8645 ) ;
#5939 = LINE ( 'NONE', #8008, #7980 ) ;
#5940 = EDGE_CURVE ( 'NONE', #5066, #2072, #12822, .T. ) ;
#5941 = ADVANCED_FACE ( 'NONE', ( #6951 ), #10853, .F. ) ;
#5942 = ADVANCED_FACE ( 'NONE', ( #176 ), #2016, .T. ) ;
#5943 = LINE ( 'NONE', #9177, #7918 ) ;
#5944 = ORIENTED_EDGE ( 'NONE', *, *, #6295, .T. ) ;
#5945 = CIRCLE ( 'NONE', #7810, 0.5000000000000001110 ) ;
#5946 = DIRECTION ( 'NONE',  ( -0.000000000000000000, -1.000000000000000000, -0.000000000000000000 ) ) ;
#5947 = AXIS2_PLACEMENT_3D ( 'NONE', #12531, #5499, #5761 ) ;
#5948 = DIRECTION ( 'NONE',  ( -0.000000000000000000, 0.000000000000000000, 1.000000000000000000 ) ) ;
#5949 = ORIENTED_EDGE ( 'NONE', *, *, #12132, .T. ) ;
#5950 = FACE_OUTER_BOUND ( 'NONE', #6972, .T. ) ;
#5951 = ORIENTED_EDGE ( 'NONE', *, *, #5218, .T. ) ;
#5952 = CARTESIAN_POINT ( 'NONE',  ( 48.74999999999999289, 67.25000043999999377, -3.100000000000000533 ) ) ;
#5953 = ORIENTED_EDGE ( 'NONE', *, *, #7011, .T. ) ;
#5954 = ORIENTED_EDGE ( 'NONE', *, *, #2271, .T. ) ;
#5955 = LINE ( 'NONE', #9170, #5741 ) ;
#5956 = AXIS2_PLACEMENT_3D ( 'NONE', #8037, #8768, #1025 ) ;
#5957 = DIRECTION ( 'NONE',  ( 0.000000000000000000, -1.000000000000000000, 0.000000000000000000 ) ) ;
#5958 = AXIS2_PLACEMENT_3D ( 'NONE', #984, #12828, #10801 ) ;
#5959 = ORIENTED_EDGE ( 'NONE', *, *, #9514, .T. ) ;
#5960 = LINE ( 'NONE', #4128, #10255 ) ;
#5961 = CARTESIAN_POINT ( 'NONE',  ( 66.14999999999999147, 24.29999999999999716, 6.499999999999999112 ) ) ;
#5962 = CARTESIAN_POINT ( 'NONE',  ( 60.64999999999999147, 25.75000000000000000, 0.5253709514437898687 ) ) ;
#5963 = LINE ( 'NONE', #6867, #12068 ) ;
#5964 = ORIENTED_EDGE ( 'NONE', *, *, #11182, .T. ) ;
#5965 = VERTEX_POINT ( 'NONE', #9931 ) ;
#5966 = ORIENTED_EDGE ( 'NONE', *, *, #7435, .T. ) ;
#5967 = CARTESIAN_POINT ( 'NONE',  ( 62.75000043999999377, 37.24999955999998491, -5.000000000000000000 ) ) ;
#5968 = LINE ( 'NONE', #9678, #7927 ) ;
#5969 = ORIENTED_EDGE ( 'NONE', *, *, #9018, .F. ) ;
#5970 = ORIENTED_EDGE ( 'NONE', *, *, #3624, .T. ) ;
#5971 = CARTESIAN_POINT ( 'NONE',  ( 71.39999999999999147, 29.00000000000000000, 44.50000000000000711 ) ) ;
#5972 = CARTESIAN_POINT ( 'NONE',  ( 43.19999999999998153, 37.45000000000000284, 4.999999999999998224 ) ) ;
#5973 = DIRECTION ( 'NONE',  ( -1.299418334065024873E-16, 1.000000000000000000, 0.000000000000000000 ) ) ;
#5974 = DIRECTION ( 'NONE',  ( 0.000000000000000000, 0.000000000000000000, 1.000000000000000000 ) ) ;
#5975 = CARTESIAN_POINT ( 'NONE',  ( 71.49999999999998579, 40.94999999999998863, 22.63822442109180244 ) ) ;
#5976 = EDGE_CURVE ( 'NONE', #3020, #12406, #8105, .T. ) ;
#5977 = CARTESIAN_POINT ( 'NONE',  ( 72.09900000000000375, 64.42200000000002547, -3.000000000000000000 ) ) ;
#5978 = CARTESIAN_POINT ( 'NONE',  ( 64.75000044000000798, 62.75000043999999377, -5.000000000000000000 ) ) ;
#5979 = DIRECTION ( 'NONE',  ( -1.000000000000000000, 0.000000000000000000, 0.000000000000000000 ) ) ;
#5980 = ORIENTED_EDGE ( 'NONE', *, *, #11661, .T. ) ;
#5981 = CARTESIAN_POINT ( 'NONE',  ( 31.74999999999998579, 25.75000000000000000, 0.000000000000000000 ) ) ;
#5982 = EDGE_CURVE ( 'NONE', #8833, #1372, #8844, .T. ) ;
#5983 = FACE_OUTER_BOUND ( 'NONE', #9315, .T. ) ;
#5984 = ORIENTED_EDGE ( 'NONE', *, *, #7343, .F. ) ;
#5985 = CARTESIAN_POINT ( 'NONE',  ( 53.14999999999999147, 24.49999999999999289, 5.999999999999996447 ) ) ;
#5986 = DIRECTION ( 'NONE',  ( 0.000000000000000000, -0.000000000000000000, 1.000000000000000000 ) ) ;
#5987 = VERTEX_POINT ( 'NONE', #2920 ) ;
#5988 = CARTESIAN_POINT ( 'NONE',  ( 76.89999999999999147, 41.90749664306598987, -0.3000000000000006550 ) ) ;
#5989 = ORIENTED_EDGE ( 'NONE', *, *, #195, .F. ) ;
#5990 = LINE ( 'NONE', #5015, #3679 ) ;
#5991 = ORIENTED_EDGE ( 'NONE', *, *, #5940, .F. ) ;
#5992 = DIRECTION ( 'NONE',  ( -0.000000000000000000, -0.000000000000000000, 1.000000000000000000 ) ) ;
#5993 = DIRECTION ( 'NONE',  ( 0.000000000000000000, 0.000000000000000000, -1.000000000000000000 ) ) ;
#5994 = ADVANCED_FACE ( 'NONE', ( #6889 ), #5911, .F. ) ;
#5995 = EDGE_CURVE ( 'NONE', #5661, #2814, #12880, .T. ) ;
#5996 = CIRCLE ( 'NONE', #10983, 0.5000000000000004441 ) ;
#5997 = CARTESIAN_POINT ( 'NONE',  ( 73.14999999999997726, 51.75000000000000000, 5.925518941756209301 ) ) ;
#5998 = ORIENTED_EDGE ( 'NONE', *, *, #2046, .T. ) ;
#5999 = CARTESIAN_POINT ( 'NONE',  ( 28.24999999999999645, 67.74999999999998579, 0.000000000000000000 ) ) ;
#6000 = PLANE ( 'NONE',  #4968 ) ;
#6001 = EDGE_CURVE ( 'NONE', #12006, #4818, #11898, .T. ) ;
#6002 = EDGE_LOOP ( 'NONE', ( #745, #9099, #5949, #10739 ) ) ;
#6003 = DIRECTION ( 'NONE',  ( 1.850371707708595943E-15, -1.000000000000000000, 0.000000000000000000 ) ) ;
#6004 = EDGE_CURVE ( 'NONE', #11187, #11256, #3533, .T. ) ;
#6005 = ORIENTED_EDGE ( 'NONE', *, *, #11578, .F. ) ;
#6006 = LINE ( 'NONE', #86, #4055 ) ;
#6007 = ORIENTED_EDGE ( 'NONE', *, *, #7714, .T. ) ;
#6008 = VECTOR ( 'NONE', #6306, 1000.000000000000000 ) ;
#6009 = VERTEX_POINT ( 'NONE', #6663 ) ;
#6010 = EDGE_CURVE ( 'NONE', #8813, #12742, #12594, .T. ) ;
#6011 = EDGE_CURVE ( 'NONE', #7690, #11607, #8509, .T. ) ;
#6012 = CARTESIAN_POINT ( 'NONE',  ( 25.74999999999998934, 34.25000000000000000, 0.000000000000000000 ) ) ;
#6013 = CARTESIAN_POINT ( 'NONE',  ( 61.14999999999999147, 24.29999999999999361, 5.999999999999999112 ) ) ;
#6014 = AXIS2_PLACEMENT_3D ( 'NONE', #6599, #1654, #307 ) ;
#6015 = DIRECTION ( 'NONE',  ( 0.000000000000000000, 0.000000000000000000, 1.000000000000000000 ) ) ;
#6016 = CARTESIAN_POINT ( 'NONE',  ( 30.60000000000000142, 73.00000000000000000, 0.000000000000000000 ) ) ;
#6017 = ADVANCED_FACE ( 'NONE', ( #11552 ), #375, .F. ) ;
#6018 = CARTESIAN_POINT ( 'NONE',  ( 42.69999999999998863, 69.45000000000000284, 4.999999999999998224 ) ) ;
#6019 = EDGE_LOOP ( 'NONE', ( #1083, #10764, #10296, #8478 ) ) ;
#6020 = ORIENTED_EDGE ( 'NONE', *, *, #5901, .T. ) ;
#6021 = ORIENTED_EDGE ( 'NONE', *, *, #5624, .F. ) ;
#6022 = FACE_OUTER_BOUND ( 'NONE', #2433, .T. ) ;
#6023 = VECTOR ( 'NONE', #10071, 1000.000000000000000 ) ;
#6024 = VECTOR ( 'NONE', #2664, 1000.000000000000000 ) ;
#6025 = LINE ( 'NONE', #9983, #6060 ) ;
#6026 = ORIENTED_EDGE ( 'NONE', *, *, #4716, .F. ) ;
#6027 = CYLINDRICAL_SURFACE ( 'NONE', #5956, 1.600000000000004086 ) ;
#6028 = DIRECTION ( 'NONE',  ( -0.000000000000000000, -0.000000000000000000, -1.000000000000000000 ) ) ;
#6029 = DIRECTION ( 'NONE',  ( 0.000000000000000000, 1.000000000000000000, 0.000000000000000000 ) ) ;
#6030 = EDGE_CURVE ( 'NONE', #8889, #3553, #7331, .T. ) ;
#6031 = DIRECTION ( 'NONE',  ( 0.000000000000000000, 0.000000000000000000, -1.000000000000000000 ) ) ;
#6032 = VECTOR ( 'NONE', #8942, 1000.000000000000000 ) ;
#6033 = LINE ( 'NONE', #12636, #10318 ) ;
#6034 = CARTESIAN_POINT ( 'NONE',  ( 25.74999999999999289, 46.54999999999999716, 3.600000660000000519 ) ) ;
#6035 = CARTESIAN_POINT ( 'NONE',  ( 59.14999999999999147, 25.75000000000000000, -3.500000000000000000 ) ) ;
#6036 = DIRECTION ( 'NONE',  ( -9.188275156155072786E-17, 0.7071067811865489050, -0.7071067811865462405 ) ) ;
#6037 = DIRECTION ( 'NONE',  ( 0.000000000000000000, 0.000000000000000000, -1.000000000000000000 ) ) ;
#6038 = ORIENTED_EDGE ( 'NONE', *, *, #3874, .T. ) ;
#6039 = VECTOR ( 'NONE', #3825, 1000.000000000000000 ) ;
#6040 = FACE_OUTER_BOUND ( 'NONE', #5565, .T. ) ;
#6041 = DIRECTION ( 'NONE',  ( 1.000000000000000000, 0.000000000000000000, 0.000000000000000000 ) ) ;
#6042 = DIRECTION ( 'NONE',  ( -1.000000000000000000, 0.000000000000000000, 0.000000000000000000 ) ) ;
#6043 = ADVANCED_FACE ( 'NONE', ( #11305 ), #12158, .T. ) ;
#6044 = EDGE_LOOP ( 'NONE', ( #10274, #11604, #5691, #3204 ) ) ;
#6045 = DIRECTION ( 'NONE',  ( -0.000000000000000000, 0.000000000000000000, 1.000000000000000000 ) ) ;
#6046 = EDGE_CURVE ( 'NONE', #10432, #5115, #3109, .T. ) ;
#6047 = ORIENTED_EDGE ( 'NONE', *, *, #6875, .F. ) ;
#6048 = DIRECTION ( 'NONE',  ( -1.299418334065024626E-16, 1.000000000000000000, 0.000000000000000000 ) ) ;
#6049 = ORIENTED_EDGE ( 'NONE', *, *, #3796, .F. ) ;
#6050 = CARTESIAN_POINT ( 'NONE',  ( 58.64999999999999147, 24.29999999999999361, 6.699999999999999289 ) ) ;
#6051 = VERTEX_POINT ( 'NONE', #2397 ) ;
#6052 = AXIS2_PLACEMENT_3D ( 'NONE', #1182, #3133, #6128 ) ;
#6053 = EDGE_CURVE ( 'NONE', #3631, #3477, #12349, .T. ) ;
#6054 = DIRECTION ( 'NONE',  ( 0.000000000000000000, 0.000000000000000000, 1.000000000000000000 ) ) ;
#6055 = FACE_OUTER_BOUND ( 'NONE', #6153, .T. ) ;
#6056 = EDGE_CURVE ( 'NONE', #12510, #7822, #4148, .T. ) ;
#6057 = CARTESIAN_POINT ( 'NONE',  ( 73.00000000000000000, 73.00000000000000000, 0.000000000000000000 ) ) ;
#6058 = DIRECTION ( 'NONE',  ( -1.000000000000000000, 0.000000000000000000, 0.000000000000000000 ) ) ;
#6059 = EDGE_LOOP ( 'NONE', ( #9522, #12207, #11016, #10434 ) ) ;
#6060 = VECTOR ( 'NONE', #1081, 1000.000000000000000 ) ;
#6061 = DIRECTION ( 'NONE',  ( -1.299418334065024873E-16, 1.000000000000000000, 0.000000000000000000 ) ) ;
#6062 = AXIS2_PLACEMENT_3D ( 'NONE', #5720, #7296, #10213 ) ;
#6063 = DIRECTION ( 'NONE',  ( -1.000000000000000000, 0.000000000000000000, -0.000000000000000000 ) ) ;
#6064 = ORIENTED_EDGE ( 'NONE', *, *, #2134, .F. ) ;
#6065 = DIRECTION ( 'NONE',  ( 0.000000000000000000, 0.000000000000000000, -1.000000000000000000 ) ) ;
#6066 = ORIENTED_EDGE ( 'NONE', *, *, #10132, .T. ) ;
#6067 = APPLICATION_CONTEXT ( 'configuration controlled 3d designs of mechanical parts and assemblies' ) ;
#6068 = DIRECTION ( 'NONE',  ( 1.000000000000000000, 0.000000000000000000, 0.000000000000000000 ) ) ;
#6069 = ORIENTED_EDGE ( 'NONE', *, *, #6556, .F. ) ;
#6070 = ORIENTED_EDGE ( 'NONE', *, *, #6881, .T. ) ;
#6071 = AXIS2_PLACEMENT_3D ( 'NONE', #12339, #796, #10685 ) ;
#6072 = VECTOR ( 'NONE', #3692, 1000.000000000000000 ) ;
#6073 = CARTESIAN_POINT ( 'NONE',  ( 71.49999999999998579, 40.52874832153299423, -0.000000000000000000 ) ) ;
#6074 = EDGE_CURVE ( 'NONE', #3412, #12612, #8304, .T. ) ;
#6075 = EDGE_LOOP ( 'NONE', ( #1019, #7943, #9305, #11194 ) ) ;
#6076 = DIRECTION ( 'NONE',  ( -0.000000000000000000, -0.000000000000000000, 1.000000000000000000 ) ) ;
#6077 = FACE_OUTER_BOUND ( 'NONE', #25, .T. ) ;
#6078 = CARTESIAN_POINT ( 'NONE',  ( 73.89999999999997726, 62.92200000000001836, -1.599999999999997202 ) ) ;
#6079 = CARTESIAN_POINT ( 'NONE',  ( 76.89999999999999147, 39.40749664306598987, 0.7000000000000000666 ) ) ;
#6080 = EDGE_CURVE ( 'NONE', #1457, #10869, #11636, .T. ) ;
#6081 = EDGE_LOOP ( 'NONE', ( #3926, #2951, #1437, #7907 ) ) ;
#6082 = AXIS2_PLACEMENT_3D ( 'NONE', #5540, #9625, #718 ) ;
#6083 = ADVANCED_FACE ( 'NONE', ( #2258 ), #6370, .F. ) ;
#6084 = EDGE_LOOP ( 'NONE', ( #1761, #1668, #7362, #6844, #4231, #2040, #4514, #5774 ) ) ;
#6085 = ORIENTED_EDGE ( 'NONE', *, *, #12228, .T. ) ;
#6086 = CARTESIAN_POINT ( 'NONE',  ( 54.34999999999999432, 24.29999999999999361, 0.5253709514437873151 ) ) ;
#6087 = CARTESIAN_POINT ( 'NONE',  ( 70.25000000000000000, 72.75000000000000000, 28.49562720652060221 ) ) ;
#6088 = EDGE_CURVE ( 'NONE', #4440, #12444, #6227, .T. ) ;
#6089 = ORIENTED_EDGE ( 'NONE', *, *, #983, .F. ) ;
#6090 = DIRECTION ( 'NONE',  ( 0.000000000000000000, -0.000000000000000000, 1.000000000000000000 ) ) ;
#6091 = EDGE_CURVE ( 'NONE', #11139, #7029, #9151, .T. ) ;
#6092 = CIRCLE ( 'NONE', #4639, 0.6999999999999992895 ) ;
#6093 = LINE ( 'NONE', #299, #12558 ) ;
#6094 = EDGE_CURVE ( 'NONE', #7503, #9984, #1043, .T. ) ;
#6095 = EDGE_CURVE ( 'NONE', #4, #11293, #11644, .T. ) ;
#6096 = AXIS2_PLACEMENT_3D ( 'NONE', #9807, #2724, #1881 ) ;
#6097 = CARTESIAN_POINT ( 'NONE',  ( 43.19999999999998863, 69.95000000000000284, 4.999999999999998224 ) ) ;
#6098 = FACE_OUTER_BOUND ( 'NONE', #11600, .T. ) ;
#6099 = LINE ( 'NONE', #4284, #636 ) ;
#6100 = CARTESIAN_POINT ( 'NONE',  ( 60.64999999999999147, 24.29999999999999361, 0.5253709514437898687 ) ) ;
#6101 = DIRECTION ( 'NONE',  ( 1.000000000000000000, 0.000000000000000000, -0.000000000000000000 ) ) ;
#6102 = AXIS2_PLACEMENT_3D ( 'NONE', #4401, #9409, #431 ) ;
#6103 = CARTESIAN_POINT ( 'NONE',  ( 42.69999999999998153, 36.95000000000000284, 4.999999999999998224 ) ) ;
#6104 = DIRECTION ( 'NONE',  ( 0.000000000000000000, 0.000000000000000000, -1.000000000000000000 ) ) ;
#6105 = ORIENTED_EDGE ( 'NONE', *, *, #10930, .T. ) ;
#6106 = CONICAL_SURFACE ( 'NONE', #1953, 0.6999999999999784173, 0.7853981633974492782 ) ;
#6107 = CARTESIAN_POINT ( 'NONE',  ( 31.74999999999998579, 29.25000000000000000, 4.500000000000003553 ) ) ;
#6108 = CARTESIAN_POINT ( 'NONE',  ( 43.19999999999998863, 69.45000000000000284, 4.999999999999998224 ) ) ;
#6109 = CARTESIAN_POINT ( 'NONE',  ( 49.44999999999997442, 26.75000000000000000, 6.499999999999999112 ) ) ;
#6110 = VECTOR ( 'NONE', #11493, 1000.000000000000000 ) ;
#6111 = AXIS2_PLACEMENT_3D ( 'NONE', #5999, #3927, #4960 ) ;
#6112 = AXIS2_PLACEMENT_3D ( 'NONE', #8444, #7405, #12352 ) ;
#6113 = CARTESIAN_POINT ( 'NONE',  ( 65.64999999999999147, 24.29999999999999716, -0.1746290485561876604 ) ) ;
#6114 = DIRECTION ( 'NONE',  ( -0.000000000000000000, -0.000000000000000000, -1.000000000000000000 ) ) ;
#6115 = ORIENTED_EDGE ( 'NONE', *, *, #1682, .F. ) ;
#6116 = CARTESIAN_POINT ( 'NONE',  ( 53.14999999999999147, 24.29998799999999548, 0.02537095144378743658 ) ) ;
#6117 = ORIENTED_EDGE ( 'NONE', *, *, #2197, .T. ) ;
#6118 = CIRCLE ( 'NONE', #2383, 1.000000000000000888 ) ;
#6119 = VECTOR ( 'NONE', #11919, 1000.000000000000000 ) ;
#6120 = DIRECTION ( 'NONE',  ( 1.000000000000000000, 1.299418334065024873E-16, -0.000000000000000000 ) ) ;
#6121 = ORIENTED_EDGE ( 'NONE', *, *, #354, .F. ) ;
#6122 = CC_DESIGN_APPROVAL ( #11735, ( #3468 ) ) ;
#6123 = CARTESIAN_POINT ( 'NONE',  ( 76.69999999999998863, 40.40749664306598987, 3.323999333381999932 ) ) ;
#6124 = CYLINDRICAL_SURFACE ( 'NONE', #6948, 0.7500000000000006661 ) ;
#6125 = VECTOR ( 'NONE', #5475, 1000.000000000000000 ) ;
#6126 = CARTESIAN_POINT ( 'NONE',  ( 32.24999999999998579, 25.74999999999999645, -4.000000000000003553 ) ) ;
#6127 = ORIENTED_EDGE ( 'NONE', *, *, #1880, .T. ) ;
#6128 = DIRECTION ( 'NONE',  ( 1.000000000000000000, 0.000000000000000000, 0.000000000000000000 ) ) ;
#6129 = ORIENTED_EDGE ( 'NONE', *, *, #3397, .T. ) ;
#6130 = VECTOR ( 'NONE', #12011, 1000.000000000000000 ) ;
#6131 = CARTESIAN_POINT ( 'NONE',  ( 31.74999999999995737, 31.74999999999999289, 8.499999999999998224 ) ) ;
#6132 = LINE ( 'NONE', #1185, #12245 ) ;
#6133 = ORIENTED_EDGE ( 'NONE', *, *, #2105, .T. ) ;
#6134 = CARTESIAN_POINT ( 'NONE',  ( 43.19999999999998153, 36.45000000000000284, 4.999999999999998224 ) ) ;
#6135 = EDGE_CURVE ( 'NONE', #6292, #8024, #5323, .T. ) ;
#6136 = ORIENTED_EDGE ( 'NONE', *, *, #2658, .T. ) ;
#6137 = AXIS2_PLACEMENT_3D ( 'NONE', #125, #11050, #59 ) ;
#6138 = CARTESIAN_POINT ( 'NONE',  ( 73.25000000000000000, 73.25000000000000000, 0.000000000000000000 ) ) ;
#6139 = ORIENTED_EDGE ( 'NONE', *, *, #10820, .F. ) ;
#6140 = ORIENTED_EDGE ( 'NONE', *, *, #7916, .F. ) ;
#6141 = FACE_OUTER_BOUND ( 'NONE', #7402, .T. ) ;
#6142 = DIRECTION ( 'NONE',  ( 0.000000000000000000, -0.000000000000000000, 1.000000000000000000 ) ) ;
#6143 = VECTOR ( 'NONE', #677, 1000.000000000000000 ) ;
#6144 = EDGE_LOOP ( 'NONE', ( #211, #18, #4124, #3086 ) ) ;
#6145 = CARTESIAN_POINT ( 'NONE',  ( 60.64999999999999147, 24.49999999999999289, 6.499999999999999112 ) ) ;
#6146 = CARTESIAN_POINT ( 'NONE',  ( 25.74999999999999645, 73.25000000000000000, 0.000000000000000000 ) ) ;
#6147 = VECTOR ( 'NONE', #10977, 1000.000000000000000 ) ;
#6148 = CARTESIAN_POINT ( 'NONE',  ( 34.74999955999999202, 53.25000000000000000, -4.000000000000000000 ) ) ;
#6149 = ORIENTED_EDGE ( 'NONE', *, *, #1226, .T. ) ;
#6150 = ORIENTED_EDGE ( 'NONE', *, *, #5449, .F. ) ;
#6151 = AXIS2_PLACEMENT_3D ( 'NONE', #5371, #11167, #10178 ) ;
#6152 = PLANE ( 'NONE',  #8162 ) ;
#6153 = EDGE_LOOP ( 'NONE', ( #7507, #8602, #5201, #137 ) ) ;
#6154 = EDGE_LOOP ( 'NONE', ( #4562, #1200, #6654, #1756 ) ) ;
#6155 = CARTESIAN_POINT ( 'NONE',  ( 42.69999999999998863, 68.95000000000000284, 4.999999999999998224 ) ) ;
#6156 = CIRCLE ( 'NONE', #3677, 0.4999999999999995559 ) ;
#6157 = LINE ( 'NONE', #11035, #1076 ) ;
#6158 = CIRCLE ( 'NONE', #2852, 1.250000000000001110 ) ;
#6159 = CARTESIAN_POINT ( 'NONE',  ( 59.69999999999998153, 69.45000000000000284, 8.499999999999998224 ) ) ;
#6160 = DIRECTION ( 'NONE',  ( -0.000000000000000000, 0.000000000000000000, 1.000000000000000000 ) ) ;
#6161 = EDGE_CURVE ( 'NONE', #12105, #9569, #196, .T. ) ;
#6162 = PLANE ( 'NONE',  #4225 ) ;
#6163 = ADVANCED_FACE ( 'NONE', ( #8612 ), #9654, .F. ) ;
#6164 = DIRECTION ( 'NONE',  ( -0.7071067811865425767, 0.000000000000000000, -0.7071067811865524577 ) ) ;
#6165 = CARTESIAN_POINT ( 'NONE',  ( 76.25000000000000000, 70.25000000000000000, 0.000000000000000000 ) ) ;
#6166 = AXIS2_PLACEMENT_3D ( 'NONE', #8172, #2329, #1359 ) ;
#6167 = EDGE_LOOP ( 'NONE', ( #9239, #1907, #11399, #8615 ) ) ;
#6168 = DIRECTION ( 'NONE',  ( -0.000000000000000000, 0.000000000000000000, -1.000000000000000000 ) ) ;
#6169 = EDGE_CURVE ( 'NONE', #7866, #4134, #10823, .T. ) ;
#6170 = DIRECTION ( 'NONE',  ( -0.000000000000000000, -0.000000000000000000, -1.000000000000000000 ) ) ;
#6171 = EDGE_CURVE ( 'NONE', #8639, #4134, #12046, .T. ) ;
#6172 = CYLINDRICAL_SURFACE ( 'NONE', #4830, 2.000000000000001776 ) ;
#6173 = ORIENTED_EDGE ( 'NONE', *, *, #11509, .F. ) ;
#6174 = ORIENTED_EDGE ( 'NONE', *, *, #5438, .T. ) ;
#6175 = ADVANCED_FACE ( 'NONE', ( #5950 ), #17, .F. ) ;
#6176 = DIRECTION ( 'NONE',  ( 0.000000000000000000, 1.000000000000000000, 1.172110456741089772E-16 ) ) ;
#6178 = EDGE_CURVE ( 'NONE', #1374, #6292, #3992, .T. ) ;
#6177 = DIRECTION ( 'NONE',  ( 0.000000000000000000, -0.000000000000000000, -1.000000000000000000 ) ) ;
#6179 = CARTESIAN_POINT ( 'NONE',  ( 78.75000000000000000, 25.75000000000000000, 0.02537095144379032663 ) ) ;
#6180 = VERTEX_POINT ( 'NONE', #11862 ) ;
#6181 = DIRECTION ( 'NONE',  ( -0.000000000000000000, -0.000000000000000000, 1.000000000000000000 ) ) ;
#6182 = DIRECTION ( 'NONE',  ( 0.000000000000000000, -1.000000000000000000, 0.000000000000000000 ) ) ;
#6183 = ORIENTED_EDGE ( 'NONE', *, *, #6421, .F. ) ;
#6184 = CARTESIAN_POINT ( 'NONE',  ( 27.24999999999999645, 67.25000000000000000, -3.500000000000000000 ) ) ;
#6185 = ORIENTED_EDGE ( 'NONE', *, *, #284, .T. ) ;
#6186 = LINE ( 'NONE', #10141, #9893 ) ;
#6187 = VERTEX_POINT ( 'NONE', #6795 ) ;
#6188 = DIRECTION ( 'NONE',  ( 0.000000000000000000, -1.000000000000000000, 0.000000000000000000 ) ) ;
#6189 = LINE ( 'NONE', #1237, #8925 ) ;
#6190 = DIRECTION ( 'NONE',  ( 0.000000000000000000, -0.000000000000000000, 1.000000000000000000 ) ) ;
#6191 = EDGE_CURVE ( 'NONE', #5485, #10869, #2950, .T. ) ;
#6192 = CARTESIAN_POINT ( 'NONE',  ( 49.19999999999998153, 76.25000000000000000, 6.499999999999999112 ) ) ;
#6193 = LINE ( 'NONE', #2157, #10624 ) ;
#6194 = ORIENTED_EDGE ( 'NONE', *, *, #4659, .T. ) ;
#6195 = DIRECTION ( 'NONE',  ( 0.000000000000000000, 0.000000000000000000, -1.000000000000000000 ) ) ;
#6196 = CARTESIAN_POINT ( 'NONE',  ( 72.49999999999998579, 40.94999999999998863, 8.499999999999998224 ) ) ;
#6197 = VERTEX_POINT ( 'NONE', #4846 ) ;
#6198 = CARTESIAN_POINT ( 'NONE',  ( 77.69999999999998863, 24.29999999999999716, -0.1746290485562084771 ) ) ;
#6199 = VERTEX_POINT ( 'NONE', #4724 ) ;
#6200 = DIRECTION ( 'NONE',  ( 1.000000000000000000, 0.000000000000000000, 0.000000000000000000 ) ) ;
#6201 = ORIENTED_EDGE ( 'NONE', *, *, #4423, .T. ) ;
#6202 = ORIENTED_EDGE ( 'NONE', *, *, #756, .T. ) ;
#6203 = ORIENTED_EDGE ( 'NONE', *, *, #11090, .T. ) ;
#6204 = LINE ( 'NONE', #10160, #2077 ) ;
#6205 = DIRECTION ( 'NONE',  ( 0.000000000000000000, 0.000000000000000000, 1.000000000000000000 ) ) ;
#6206 = EDGE_CURVE ( 'NONE', #5686, #4106, #5815, .T. ) ;
#6207 = ORIENTED_EDGE ( 'NONE', *, *, #9110, .T. ) ;
#6208 = DIRECTION ( 'NONE',  ( -0.000000000000000000, 0.000000000000000000, 1.000000000000000000 ) ) ;
#6209 = DIRECTION ( 'NONE',  ( -1.000000000000000000, 0.000000000000000000, 0.000000000000000000 ) ) ;
#6210 = FACE_OUTER_BOUND ( 'NONE', #8673, .T. ) ;
#6211 = VECTOR ( 'NONE', #10806, 1000.000000000000000 ) ;
#6212 = ORIENTED_EDGE ( 'NONE', *, *, #1807, .T. ) ;
#6213 = VECTOR ( 'NONE', #7724, 1000.000000000000000 ) ;
#6214 = ORIENTED_EDGE ( 'NONE', *, *, #113, .T. ) ;
#6215 = LINE ( 'NONE', #10170, #2353 ) ;
#6216 = EDGE_LOOP ( 'NONE', ( #8419, #12175, #10446, #4728 ) ) ;
#6217 = ORIENTED_EDGE ( 'NONE', *, *, #4723, .T. ) ;
#6218 = DIRECTION ( 'NONE',  ( 0.000000000000000000, 0.000000000000000000, 1.000000000000000000 ) ) ;
#6219 = LINE ( 'NONE', #10176, #9599 ) ;
#6220 = LINE ( 'NONE', #7324, #11775 ) ;
#6221 = DIRECTION ( 'NONE',  ( 0.000000000000000000, -1.000000000000000000, 0.000000000000000000 ) ) ;
#6222 = AXIS2_PLACEMENT_3D ( 'NONE', #6693, #6763, #10659 ) ;
#6223 = DIRECTION ( 'NONE',  ( -0.7071067811865597852, 0.7071067811865352493, 0.000000000000000000 ) ) ;
#6224 = FACE_OUTER_BOUND ( 'NONE', #8944, .T. ) ;
#6225 = DIRECTION ( 'NONE',  ( -0.000000000000000000, -0.000000000000000000, 1.000000000000000000 ) ) ;
#6226 = ORIENTED_EDGE ( 'NONE', *, *, #12392, .F. ) ;
#6227 = LINE ( 'NONE', #10186, #7266 ) ;
#6228 = AXIS2_PLACEMENT_3D ( 'NONE', #2697, #437, #12222 ) ;
#6229 = EDGE_CURVE ( 'NONE', #10957, #7315, #11747, .T. ) ;
#6230 = DIRECTION ( 'NONE',  ( -0.000000000000000000, -0.000000000000000000, 1.000000000000000000 ) ) ;
#6231 = FACE_OUTER_BOUND ( 'NONE', #1598, .T. ) ;
#6232 = VERTEX_POINT ( 'NONE', #8678 ) ;
#6233 = ORIENTED_EDGE ( 'NONE', *, *, #678, .F. ) ;
#6234 = FACE_OUTER_BOUND ( 'NONE', #7368, .T. ) ;
#6235 = CARTESIAN_POINT ( 'NONE',  ( 51.19999999999998863, 34.00749664306601261, 2.323999333381998600 ) ) ;
#6236 = FACE_OUTER_BOUND ( 'NONE', #143, .T. ) ;
#6237 = VECTOR ( 'NONE', #4190, 1000.000000000000000 ) ;
#6238 = AXIS2_PLACEMENT_3D ( 'NONE', #8459, #7479, #2535 ) ;
#6239 = ORIENTED_EDGE ( 'NONE', *, *, #7909, .T. ) ;
#6240 = LINE ( 'NONE', #7416, #397 ) ;
#6241 = EDGE_CURVE ( 'NONE', #35, #6941, #3752, .T. ) ;
#6242 = CARTESIAN_POINT ( 'NONE',  ( 69.79999999999999716, 30.25000000000000000, -67.93053710242747911 ) ) ;
#6243 = ORIENTED_EDGE ( 'NONE', *, *, #3635, .T. ) ;
#6244 = CARTESIAN_POINT ( 'NONE',  ( 53.14999999999999147, 24.29999999999999361, 5.999999999999996447 ) ) ;
#6245 = EDGE_CURVE ( 'NONE', #660, #3832, #11009, .T. ) ;
#6246 = AXIS2_PLACEMENT_3D ( 'NONE', #1018, #884, #12866 ) ;
#6247 = ORIENTED_EDGE ( 'NONE', *, *, #10119, .T. ) ;
#6248 = CARTESIAN_POINT ( 'NONE',  ( 72.44999999999997442, 54.94999999999999574, 6.499999999999999112 ) ) ;
#6249 = VERTEX_POINT ( 'NONE', #4910 ) ;
#6250 = CARTESIAN_POINT ( 'NONE',  ( 34.24999999999998579, 27.35000000000000497, -1.599999999999997202 ) ) ;
#6251 = DIRECTION ( 'NONE',  ( 0.000000000000000000, 0.000000000000000000, -1.000000000000000000 ) ) ;
#6252 = EDGE_CURVE ( 'NONE', #12457, #8024, #2886, .T. ) ;
#6253 = LINE ( 'NONE', #10281, #2138 ) ;
#6254 = ADVANCED_FACE ( 'NONE', ( #945 ), #12788, .T. ) ;
#6255 = ADVANCED_FACE ( 'NONE', ( #9783 ), #7696, .F. ) ;
#6256 = PLANE ( 'NONE',  #1697 ) ;
#6257 = CIRCLE ( 'NONE', #5005, 2.000000000000015543 ) ;
#6258 = ORIENTED_EDGE ( 'NONE', *, *, #8138, .F. ) ;
#6259 = COORDINATED_UNIVERSAL_TIME_OFFSET ( 8, 0, .AHEAD. ) ;
#6260 = LINE ( 'NONE', #10151, #2687 ) ;
#6261 = ORIENTED_EDGE ( 'NONE', *, *, #11267, .F. ) ;
#6262 = AXIS2_PLACEMENT_3D ( 'NONE', #864, #4717, #8806 ) ;
#6263 = CARTESIAN_POINT ( 'NONE',  ( 74.64999999999999147, 51.75000000000000000, -3.100000000000000533 ) ) ;
#6264 = ORIENTED_EDGE ( 'NONE', *, *, #7916, .T. ) ;
#6265 = CARTESIAN_POINT ( 'NONE',  ( 49.44999999999998153, 35.45000000000000284, 8.499999999999998224 ) ) ;
#6266 = ORIENTED_EDGE ( 'NONE', *, *, #1563, .T. ) ;
#6267 = VERTEX_POINT ( 'NONE', #1984 ) ;
#6268 = VERTEX_POINT ( 'NONE', #1003 ) ;
#6269 = DIRECTION ( 'NONE',  ( -0.000000000000000000, -1.000000000000000000, -0.000000000000000000 ) ) ;
#6270 = ORIENTED_EDGE ( 'NONE', *, *, #10858, .F. ) ;
#6271 = CIRCLE ( 'NONE', #653, 0.6999999999999992895 ) ;
#6272 = CIRCLE ( 'NONE', #5025, 0.6999999999999992895 ) ;
#6273 = CARTESIAN_POINT ( 'NONE',  ( 65.64999999999999147, 24.29999999999999716, 5.999999999999999112 ) ) ;
#6274 = VERTEX_POINT ( 'NONE', #6727 ) ;
#6275 = PLANE ( 'NONE',  #4875 ) ;
#6276 = DIRECTION ( 'NONE',  ( -1.000000000000000000, 0.000000000000000000, 0.000000000000000000 ) ) ;
#6277 = ORIENTED_EDGE ( 'NONE', *, *, #7898, .T. ) ;
#6278 = VERTEX_POINT ( 'NONE', #10696 ) ;
#6279 = AXIS2_PLACEMENT_3D ( 'NONE', #6123, #2031, #193 ) ;
#6280 = DIRECTION ( 'NONE',  ( 0.000000000000000000, 0.000000000000000000, 1.000000000000000000 ) ) ;
#6281 = ORIENTED_EDGE ( 'NONE', *, *, #2196, .F. ) ;
#6282 = ORIENTED_EDGE ( 'NONE', *, *, #5701, .F. ) ;
#6284 = PLANE ( 'NONE',  #3250 ) ;
#6283 = CIRCLE ( 'NONE', #7530, 0.4999999999999995559 ) ;
#6285 = CARTESIAN_POINT ( 'NONE',  ( 71.44999999999997442, 58.19999999999998863, 8.499999999999998224 ) ) ;
#6286 = CARTESIAN_POINT ( 'NONE',  ( 39.24999955999999912, 62.75000043999999377, -3.100000000000000533 ) ) ;
#6287 = DIRECTION ( 'NONE',  ( -1.000000000000000000, 0.000000000000000000, -0.000000000000000000 ) ) ;
#6288 = CARTESIAN_POINT ( 'NONE',  ( 73.43999999999998352, 65.71099999999999852, -1.600000000000000311 ) ) ;
#6289 = DIRECTION ( 'NONE',  ( -1.000000000000000000, 0.000000000000000000, 0.000000000000000000 ) ) ;
#6290 = AXIS2_PLACEMENT_3D ( 'NONE', #8853, #9762, #9703 ) ;
#6291 = CARTESIAN_POINT ( 'NONE',  ( 67.25000000000000000, 74.75000000000000000, 3.404999829744058903 ) ) ;
#6292 = VERTEX_POINT ( 'NONE', #1787 ) ;
#6293 = DIRECTION ( 'NONE',  ( 0.000000000000000000, -1.000000000000000000, -8.031127203596367580E-17 ) ) ;
#6294 = CARTESIAN_POINT ( 'NONE',  ( 76.25000000000000000, 52.44999999999999574, 6.499999999999999112 ) ) ;
#6295 = EDGE_CURVE ( 'NONE', #6849, #12305, #4964, .T. ) ;
#6296 = AXIS2_PLACEMENT_3D ( 'NONE', #836, #11711, #4201 ) ;
#6297 = CARTESIAN_POINT ( 'NONE',  ( 49.44999999999997442, 26.75000000000000000, 8.499999999999998224 ) ) ;
#6298 = ORIENTED_EDGE ( 'NONE', *, *, #8628, .T. ) ;
#6299 = VECTOR ( 'NONE', #9489, 1000.000000000000000 ) ;
#6300 = ORIENTED_EDGE ( 'NONE', *, *, #1302, .F. ) ;
#6301 = DIRECTION ( 'NONE',  ( 0.000000000000000000, 0.000000000000000000, -1.000000000000000000 ) ) ;
#6302 = PLANE ( 'NONE',  #6137 ) ;
#6303 = DIRECTION ( 'NONE',  ( -0.000000000000000000, 0.000000000000000000, 1.000000000000000000 ) ) ;
#6304 = VECTOR ( 'NONE', #4336, 1000.000000000000000 ) ;
#6305 = ORIENTED_EDGE ( 'NONE', *, *, #10378, .T. ) ;
#6306 = DIRECTION ( 'NONE',  ( -0.000000000000000000, -0.000000000000000000, 1.000000000000000000 ) ) ;
#6307 = VECTOR ( 'NONE', #12824, 1000.000000000000000 ) ;
#6308 = DIRECTION ( 'NONE',  ( -0.000000000000000000, 0.000000000000000000, -1.000000000000000000 ) ) ;
#6309 = EDGE_LOOP ( 'NONE', ( #12210, #3233, #11361, #1837 ) ) ;
#6310 = LINE ( 'NONE', #10531, #1327 ) ;
#6311 = VERTEX_POINT ( 'NONE', #804 ) ;
#6312 = CARTESIAN_POINT ( 'NONE',  ( 73.25000000000000000, 28.74999999999999645, -3.500000000000000000 ) ) ;
#6313 = ORIENTED_EDGE ( 'NONE', *, *, #2445, .F. ) ;
#6314 = CARTESIAN_POINT ( 'NONE',  ( 25.60000000000000142, 29.00000000000000000, 9.999999999999998224 ) ) ;
#6315 = DIRECTION ( 'NONE',  ( -1.000000000000000000, 0.000000000000000000, 0.000000000000000000 ) ) ;
#6316 = VECTOR ( 'NONE', #8366, 1000.000000000000000 ) ;
#6317 = ADVANCED_FACE ( 'NONE', ( #4781 ), #8743, .T. ) ;
#6318 = DIRECTION ( 'NONE',  ( 0.000000000000000000, 1.000000000000000000, 0.000000000000000000 ) ) ;
#6319 = ORIENTED_EDGE ( 'NONE', *, *, #7663, .T. ) ;
#6320 = VECTOR ( 'NONE', #1812, 1000.000000000000000 ) ;
#6321 = EDGE_CURVE ( 'NONE', #3729, #5226, #8205, .T. ) ;
#6322 = FACE_OUTER_BOUND ( 'NONE', #4061, .T. ) ;
#6323 = EDGE_CURVE ( 'NONE', #9960, #1285, #8196, .T. ) ;
#6324 = ORIENTED_EDGE ( 'NONE', *, *, #3552, .F. ) ;
#6325 = PLANE ( 'NONE',  #5377 ) ;
#6326 = AXIS2_PLACEMENT_3D ( 'NONE', #2941, #8801, #3068 ) ;
#6327 = AXIS2_PLACEMENT_3D ( 'NONE', #667, #3808, #9647 ) ;
#6328 = VERTEX_POINT ( 'NONE', #9186 ) ;
#6329 = DIRECTION ( 'NONE',  ( 0.000000000000000000, 0.000000000000000000, -1.000000000000000000 ) ) ;
#6330 = EDGE_CURVE ( 'NONE', #9337, #12069, #943, .T. ) ;
#6331 = VERTEX_POINT ( 'NONE', #6134 ) ;
#6332 = EDGE_CURVE ( 'NONE', #9123, #4915, #9959, .T. ) ;
#6333 = FACE_OUTER_BOUND ( 'NONE', #2238, .T. ) ;
#6334 = ORIENTED_EDGE ( 'NONE', *, *, #5362, .F. ) ;
#6335 = AXIS2_PLACEMENT_3D ( 'NONE', #9061, #152, #7044 ) ;
#6336 = EDGE_CURVE ( 'NONE', #1372, #944, #6952, .T. ) ;
#6337 = ORIENTED_EDGE ( 'NONE', *, *, #1325, .F. ) ;
#6338 = EDGE_CURVE ( 'NONE', #11382, #3442, #3222, .T. ) ;
#6339 = ORIENTED_EDGE ( 'NONE', *, *, #3681, .F. ) ;
#6340 = CARTESIAN_POINT ( 'NONE',  ( 64.34999999999996589, 24.29999999999999361, 5.999999999999999112 ) ) ;
#6341 = ADVANCED_FACE ( 'NONE', ( #5160 ), #2233, .F. ) ;
#6342 = ORIENTED_EDGE ( 'NONE', *, *, #8842, .T. ) ;
#6343 = VECTOR ( 'NONE', #672, 1000.000000000000000 ) ;
#6344 = AXIS2_PLACEMENT_3D ( 'NONE', #6674, #5768, #4666 ) ;
#6345 = DIRECTION ( 'NONE',  ( -1.000000000000000000, 0.000000000000000000, 0.000000000000000000 ) ) ;
#6346 = ORIENTED_EDGE ( 'NONE', *, *, #10460, .T. ) ;
#6347 = VECTOR ( 'NONE', #7621, 1000.000000000000000 ) ;
#6348 = CARTESIAN_POINT ( 'NONE',  ( 53.25000000000000000, 65.75000043999999377, -3.100000000000000533 ) ) ;
#6349 = CIRCLE ( 'NONE', #7175, 1.250000000000001110 ) ;
#6350 = CARTESIAN_POINT ( 'NONE',  ( 56.14999999999999147, 24.49999999999999289, 6.499999999999999112 ) ) ;
#6351 = ORIENTED_EDGE ( 'NONE', *, *, #770, .F. ) ;
#6352 = ORIENTED_EDGE ( 'NONE', *, *, #11502, .T. ) ;
#6353 = AXIS2_PLACEMENT_3D ( 'NONE', #11946, #2242, #6209 ) ;
#6354 = LINE ( 'NONE', #9280, #8575 ) ;
#6355 = VERTEX_POINT ( 'NONE', #1061 ) ;
#6356 = EDGE_LOOP ( 'NONE', ( #5149, #2217, #9711, #9535 ) ) ;
#6357 = DIRECTION ( 'NONE',  ( -1.000000000000000000, 0.000000000000000000, 0.000000000000000000 ) ) ;
#6358 = DIRECTION ( 'NONE',  ( -0.000000000000000000, -0.000000000000000000, -1.000000000000000000 ) ) ;
#6359 = CARTESIAN_POINT ( 'NONE',  ( 76.14999999999999147, 28.74999999999999645, -1.600000000000000311 ) ) ;
#6360 = AXIS2_PLACEMENT_3D ( 'NONE', #559, #3554, #2770 ) ;
#6361 = LINE ( 'NONE', #11232, #4619 ) ;
#6362 = EDGE_CURVE ( 'NONE', #581, #6187, #11944, .T. ) ;
#6363 = LINE ( 'NONE', #2458, #5480 ) ;
#6364 = CIRCLE ( 'NONE', #10727, 1.000000000000000888 ) ;
#6365 = CARTESIAN_POINT ( 'NONE',  ( 60.64999999999999147, 24.49999999999999289, 0.5253709514437898687 ) ) ;
#6366 = DIRECTION ( 'NONE',  ( -0.000000000000000000, -0.000000000000000000, 1.000000000000000000 ) ) ;
#6367 = VECTOR ( 'NONE', #2456, 1000.000000000000000 ) ;
#6368 = ORIENTED_EDGE ( 'NONE', *, *, #3564, .F. ) ;
#6370 = CYLINDRICAL_SURFACE ( 'NONE', #10164, 1.500000000000001332 ) ;
#6369 = CONICAL_SURFACE ( 'NONE', #750, 0.6999999999999779732, 0.7853981633974482790 ) ;
#6371 = VECTOR ( 'NONE', #8514, 1000.000000000000000 ) ;
#6372 = CARTESIAN_POINT ( 'NONE',  ( 63.64999999999998437, 25.75000000000000000, 0.5253709514437902017 ) ) ;
#6373 = DIRECTION ( 'NONE',  ( 0.000000000000000000, 0.000000000000000000, 1.000000000000000000 ) ) ;
#6374 = ORIENTED_EDGE ( 'NONE', *, *, #6966, .F. ) ;
#6375 = ORIENTED_EDGE ( 'NONE', *, *, #9746, .F. ) ;
#6376 = CARTESIAN_POINT ( 'NONE',  ( 27.35000000000000142, 67.74999999999998579, -1.599999999999997202 ) ) ;
#6377 = DIRECTION ( 'NONE',  ( -0.000000000000000000, -0.000000000000000000, -1.000000000000000000 ) ) ;
#6378 = CIRCLE ( 'NONE', #4293, 0.5000000000000004441 ) ;
#6379 = CARTESIAN_POINT ( 'NONE',  ( 71.34900000000000375, 0.000000000000000000, -3.000000000000000000 ) ) ;
#6380 = EDGE_CURVE ( 'NONE', #2452, #10082, #1123, .T. ) ;
#6381 = ORIENTED_EDGE ( 'NONE', *, *, #8766, .F. ) ;
#6382 = CARTESIAN_POINT ( 'NONE',  ( 76.25000000000000000, 25.75000000000000000, -5.000000000000000000 ) ) ;
#6383 = DIRECTION ( 'NONE',  ( 0.000000000000000000, 0.000000000000000000, 1.000000000000000000 ) ) ;
#6384 = FACE_OUTER_BOUND ( 'NONE', #10399, .T. ) ;
#6385 = DIRECTION ( 'NONE',  ( -1.000000000000000000, 0.000000000000000000, 0.000000000000000000 ) ) ;
#6386 = EDGE_LOOP ( 'NONE', ( #5272, #8337, #3767, #3094 ) ) ;
#6387 = PLANE ( 'NONE',  #11229 ) ;
#6388 = FACE_OUTER_BOUND ( 'NONE', #5895, .T. ) ;
#6389 = CARTESIAN_POINT ( 'NONE',  ( 67.79999999999999716, 29.35000000000000853, -1.599999999999997202 ) ) ;
#6390 = DIRECTION ( 'NONE',  ( 0.000000000000000000, 0.000000000000000000, -1.000000000000000000 ) ) ;
#6391 = VERTEX_POINT ( 'NONE', #1315 ) ;
#6392 = LINE ( 'NONE', #5472, #5285 ) ;
#6393 = CARTESIAN_POINT ( 'NONE',  ( 76.89999999999999147, 34.00749664306601261, 2.323999333381998600 ) ) ;
#6394 = ORIENTED_EDGE ( 'NONE', *, *, #9793, .F. ) ;
#6395 = DIRECTION ( 'NONE',  ( -0.000000000000000000, 0.000000000000000000, 1.000000000000000000 ) ) ;
#6396 = EDGE_LOOP ( 'NONE', ( #5894, #9458 ) ) ;
#6397 = LINE ( 'NONE', #8135, #7366 ) ;
#6398 = VERTEX_POINT ( 'NONE', #7238 ) ;
#6399 = EDGE_CURVE ( 'NONE', #10484, #4009, #5028, .T. ) ;
#6400 = ORIENTED_EDGE ( 'NONE', *, *, #5863, .F. ) ;
#6401 = ORIENTED_EDGE ( 'NONE', *, *, #8474, .F. ) ;
#6402 = CARTESIAN_POINT ( 'NONE',  ( 73.75000000000000000, 67.74999999999998579, -3.500000000000000000 ) ) ;
#6403 = EDGE_LOOP ( 'NONE', ( #11948, #10967, #6679, #11464, #3520, #11096, #12356, #10036 ) ) ;
#6404 = CARTESIAN_POINT ( 'NONE',  ( 74.13799999999999102, 65.71099999999999852, -3.000000000000000000 ) ) ;
#6405 = EDGE_CURVE ( 'NONE', #3551, #697, #3079, .T. ) ;
#6406 = DIRECTION ( 'NONE',  ( 0.000000000000000000, 0.000000000000000000, -1.000000000000000000 ) ) ;
#6407 = EDGE_CURVE ( 'NONE', #12651, #8175, #11207, .T. ) ;
#6408 = CARTESIAN_POINT ( 'NONE',  ( 76.89999999999999147, 40.40749664306598987, -1.800000000000000711 ) ) ;
#6409 = ORIENTED_EDGE ( 'NONE', *, *, #4827, .F. ) ;
#6410 = ADVANCED_FACE ( 'NONE', ( #2295 ), #10953, .F. ) ;
#6411 = ORIENTED_EDGE ( 'NONE', *, *, #2844, .T. ) ;
#6412 = DIRECTION ( 'NONE',  ( 1.000000000000000000, 0.000000000000000000, -0.000000000000000000 ) ) ;
#6413 = ORIENTED_EDGE ( 'NONE', *, *, #5613, .T. ) ;
#6414 = ORIENTED_EDGE ( 'NONE', *, *, #6330, .F. ) ;
#6415 = LINE ( 'NONE', #9210, #1579 ) ;
#6416 = EDGE_CURVE ( 'NONE', #3685, #5582, #11011, .T. ) ;
#6417 = CARTESIAN_POINT ( 'NONE',  ( 74.75000000000000000, 68.74999999999998579, 3.404999829744057127 ) ) ;
#6418 = CARTESIAN_POINT ( 'NONE',  ( 58.14999999999999147, 24.49999999999999289, 6.499999999999999112 ) ) ;
#6419 = CARTESIAN_POINT ( 'NONE',  ( 75.90887106545882546, 40.40749664306598987, 0.7000000000000000666 ) ) ;
#6420 = EDGE_CURVE ( 'NONE', #405, #8069, #10221, .T. ) ;
#6421 = EDGE_CURVE ( 'NONE', #8889, #3688, #3210, .T. ) ;
#6422 = DIRECTION ( 'NONE',  ( -0.000000000000000000, -0.000000000000000000, -1.000000000000000000 ) ) ;
#6423 = EDGE_CURVE ( 'NONE', #6187, #7847, #3140, .T. ) ;
#6424 = AXIS2_PLACEMENT_3D ( 'NONE', #8856, #4828, #2811 ) ;
#6425 = LINE ( 'NONE', #4473, #1120 ) ;
#6426 = DIRECTION ( 'NONE',  ( 1.000000000000000000, 0.000000000000000000, 0.000000000000000000 ) ) ;
#6427 = VERTEX_POINT ( 'NONE', #8074 ) ;
#6428 = PERSON ( 'æœª', 'æœª', 'æœª', ('æœª'), ('æœª'), ('æœª') ) ;
#6429 = DIRECTION ( 'NONE',  ( -1.000000000000000000, 0.000000000000000000, 0.000000000000000000 ) ) ;
#6430 = CARTESIAN_POINT ( 'NONE',  ( 73.69999999999998863, 24.29999999999999716, 15.00000000000000000 ) ) ;
#6431 = ORIENTED_EDGE ( 'NONE', *, *, #10288, .T. ) ;
#6432 = AXIS2_PLACEMENT_3D ( 'NONE', #3713, #10794, #902 ) ;
#6433 = EDGE_LOOP ( 'NONE', ( #9185, #5495, #10453, #5577 ) ) ;
#6434 = CARTESIAN_POINT ( 'NONE',  ( 77.69999999999998863, 77.69999999999998863, 15.00000000000000000 ) ) ;
#6435 = CARTESIAN_POINT ( 'NONE',  ( 73.25000000000000000, 28.74999999999999645, -5.000000000000000000 ) ) ;
#6436 = EDGE_CURVE ( 'NONE', #1999, #11279, #2164, .T. ) ;
#6437 = DIRECTION ( 'NONE',  ( -0.000000000000000000, -0.000000000000000000, 1.000000000000000000 ) ) ;
#6438 = VECTOR ( 'NONE', #12281, 1000.000000000000000 ) ;
#6439 = ORIENTED_EDGE ( 'NONE', *, *, #4098, .T. ) ;
#6440 = CARTESIAN_POINT ( 'NONE',  ( 33.24999999999995737, 27.25000000000000000, 4.499999999999999112 ) ) ;
#6441 = CARTESIAN_POINT ( 'NONE',  ( 27.24999999999998934, 33.24999999999999289, 4.499999999999999112 ) ) ;
#6442 = DIRECTION ( 'NONE',  ( -1.299418334065024626E-16, 1.000000000000000000, 0.000000000000000000 ) ) ;
#6443 = DIRECTION ( 'NONE',  ( -0.000000000000000000, -1.000000000000000000, -0.000000000000000000 ) ) ;
#6444 = EDGE_LOOP ( 'NONE', ( #657, #11015 ) ) ;
#6445 = EDGE_CURVE ( 'NONE', #1408, #4541, #10485, .T. ) ;
#6446 = AXIS2_PLACEMENT_3D ( 'NONE', #4258, #1067, #11153 ) ;
#6447 = CARTESIAN_POINT ( 'NONE',  ( 73.43999999999998352, 65.71099999999999852, -3.000000000000002665 ) ) ;
#6448 = DIRECTION ( 'NONE',  ( 1.000000000000000000, 1.299418334065024133E-16, 0.000000000000000000 ) ) ;
#6449 = CARTESIAN_POINT ( 'NONE',  ( 29.00000000000000000, 73.00000000000000000, 9.999999999999998224 ) ) ;
#6450 = ORIENTED_EDGE ( 'NONE', *, *, #3959, .T. ) ;
#6451 = DIRECTION ( 'NONE',  ( 1.000000000000000000, 0.000000000000000000, 0.000000000000000000 ) ) ;
#6452 = AXIS2_PLACEMENT_3D ( 'NONE', #11236, #7071, #8298 ) ;
#6453 = DIRECTION ( 'NONE',  ( 0.000000000000000000, 0.000000000000000000, 1.000000000000000000 ) ) ;
#6454 = EDGE_LOOP ( 'NONE', ( #12847, #6811, #5286, #8030 ) ) ;
#6455 = LINE ( 'NONE', #9564, #2590 ) ;
#6456 = EDGE_CURVE ( 'NONE', #2953, #9263, #2543, .T. ) ;
#6457 = VERTEX_POINT ( 'NONE', #4441 ) ;
#6458 = CARTESIAN_POINT ( 'NONE',  ( 61.64999999999999147, 25.75000000000000000, 6.000000000000000000 ) ) ;
#6459 = ORIENTED_EDGE ( 'NONE', *, *, #9571, .F. ) ;
#6460 = VERTEX_POINT ( 'NONE', #11403 ) ;
#6461 = EDGE_CURVE ( 'NONE', #10122, #8192, #7166, .T. ) ;
#6462 = ORIENTED_EDGE ( 'NONE', *, *, #6823, .T. ) ;
#6463 = CYLINDRICAL_SURFACE ( 'NONE', #1461, 0.7500000000000006661 ) ;
#6464 = AXIS2_PLACEMENT_3D ( 'NONE', #609, #4582, #12522 ) ;
#6465 = CARTESIAN_POINT ( 'NONE',  ( 69.94999999999997442, 58.19999999999998863, 8.499999999999998224 ) ) ;
#6466 = VERTEX_POINT ( 'NONE', #7551 ) ;
#6467 = CARTESIAN_POINT ( 'NONE',  ( 33.24999999999995737, 0.000000000000000000, 8.499999999999998224 ) ) ;
#6468 = CARTESIAN_POINT ( 'NONE',  ( 59.69999999999998153, 68.95000000000000284, 4.999999999999998224 ) ) ;
#6469 = ORIENTED_EDGE ( 'NONE', *, *, #7840, .F. ) ;
#6470 = EDGE_LOOP ( 'NONE', ( #8971, #3683, #5922, #4079, #11269, #1696, #423, #9281 ) ) ;
#6471 = CARTESIAN_POINT ( 'NONE',  ( 36.24999955999999912, 39.24999955999999912, -3.100000000000000533 ) ) ;
#6472 = ORIENTED_EDGE ( 'NONE', *, *, #5524, .F. ) ;
#6473 = ORIENTED_EDGE ( 'NONE', *, *, #850, .T. ) ;
#6474 = CARTESIAN_POINT ( 'NONE',  ( 62.64999999999998437, 24.49999999999997158, 5.999999999999999112 ) ) ;
#6475 = EDGE_CURVE ( 'NONE', #7964, #1078, #7580, .T. ) ;
#6476 = CARTESIAN_POINT ( 'NONE',  ( 69.25000000000000000, 27.25000000000000000, 0.000000000000000000 ) ) ;
#6477 = AXIS2_PLACEMENT_3D ( 'NONE', #2372, #4386, #6345 ) ;
#6478 = LINE ( 'NONE', #11371, #959 ) ;
#6479 = CARTESIAN_POINT ( 'NONE',  ( 25.74999999999998934, 69.74999999999998579, -4.000000000000003553 ) ) ;
#6480 = CARTESIAN_POINT ( 'NONE',  ( 56.14999999999999147, 24.29999999999999361, 5.999999999999999112 ) ) ;
#6481 = DIRECTION ( 'NONE',  ( 0.000000000000000000, -0.000000000000000000, -1.000000000000000000 ) ) ;
#6482 = ADVANCED_FACE ( 'NONE', ( #3529 ), #10481, .F. ) ;
#6483 = EDGE_CURVE ( 'NONE', #5965, #10196, #11466, .T. ) ;
#6484 = DIRECTION ( 'NONE',  ( -1.000000000000000000, 0.000000000000000000, 0.000000000000000000 ) ) ;
#6485 = AXIS2_PLACEMENT_3D ( 'NONE', #10062, #8107, #3177 ) ;
#6486 = ORIENTED_EDGE ( 'NONE', *, *, #1640, .T. ) ;
#6487 = VECTOR ( 'NONE', #12878, 1000.000000000000000 ) ;
#6488 = ADVANCED_FACE ( 'NONE', ( #1577 ), #5551, .F. ) ;
#6489 = FACE_BOUND ( 'NONE', #12672, .T. ) ;
#6490 = EDGE_CURVE ( 'NONE', #4318, #7730, #6544, .T. ) ;
#6491 = EDGE_CURVE ( 'NONE', #8747, #6613, #6585, .T. ) ;
#6492 = CARTESIAN_POINT ( 'NONE',  ( 71.88799999999999102, 69.74999999999998579, -3.000000000000000000 ) ) ;
#6493 = ORIENTED_EDGE ( 'NONE', *, *, #7204, .F. ) ;
#6494 = EDGE_CURVE ( 'NONE', #4242, #9276, #6455, .T. ) ;
#6495 = ADVANCED_FACE ( 'NONE', ( #3476 ), #6518, .T. ) ;
#6496 = ORIENTED_EDGE ( 'NONE', *, *, #4125, .F. ) ;
#6497 = DIRECTION ( 'NONE',  ( 0.7071067811865408004, 0.000000000000000000, -0.7071067811865541231 ) ) ;
#6498 = CARTESIAN_POINT ( 'NONE',  ( 54.14999999999999147, 25.75000000000000000, 0.5253709514437873151 ) ) ;
#6499 = AXIS2_PLACEMENT_3D ( 'NONE', #3168, #4208, #6160 ) ;
#6500 = DIRECTION ( 'NONE',  ( -1.000000000000000000, 0.000000000000000000, 0.000000000000000000 ) ) ;
#6501 = CARTESIAN_POINT ( 'NONE',  ( 70.49999999999998579, 32.67905841137542922, 8.499999999999998224 ) ) ;
#6502 = CARTESIAN_POINT ( 'NONE',  ( 77.69999999999998863, 24.29999999999999716, -0.1746290485561876604 ) ) ;
#6503 = CARTESIAN_POINT ( 'NONE',  ( 63.64999999999998437, 24.29999999999999361, -0.1746290485561864947 ) ) ;
#6504 = AXIS2_PLACEMENT_3D ( 'NONE', #12569, #462, #5468 ) ;
#6505 = CARTESIAN_POINT ( 'NONE',  ( 55.64999999999999147, 24.49999999999999289, 6.499999999999999112 ) ) ;
#6506 = CARTESIAN_POINT ( 'NONE',  ( 76.69999999999998863, 33.00749664306601261, 3.323999333381999932 ) ) ;
#6507 = EDGE_LOOP ( 'NONE', ( #4987, #2663, #2577, #12407 ) ) ;
#6508 = CYLINDRICAL_SURFACE ( 'NONE', #205, 0.7500000000000006661 ) ;
#6509 = DIRECTION ( 'NONE',  ( 0.000000000000000000, -1.000000000000000000, -0.000000000000000000 ) ) ;
#6510 = PLANE ( 'NONE',  #8367 ) ;
#6511 = VECTOR ( 'NONE', #9336, 1000.000000000000000 ) ;
#6512 = LOCAL_TIME ( 22, 45, 46.00000000000000000, #5547 ) ;
#6513 = AXIS2_PLACEMENT_3D ( 'NONE', #6687, #2861, #5973 ) ;
#6514 = EDGE_LOOP ( 'NONE', ( #2330, #8815, #12227, #2748 ) ) ;
#6515 = SHAPE_DEFINITION_REPRESENTATION ( #11377, #62 ) ;
#6516 = CARTESIAN_POINT ( 'NONE',  ( 53.25000000000000000, 36.24999955999999912, -4.000000000000000000 ) ) ;
#6517 = EDGE_LOOP ( 'NONE', ( #11938, #517 ) ) ;
#6518 = CYLINDRICAL_SURFACE ( 'NONE', #1764, 1.000000000000000888 ) ;
#6519 = ORIENTED_EDGE ( 'NONE', *, *, #1785, .F. ) ;
#6520 = CARTESIAN_POINT ( 'NONE',  ( 66.64999999999999147, 24.49999999999997513, 0.5253709514437902017 ) ) ;
#6521 = ORIENTED_EDGE ( 'NONE', *, *, #1309, .T. ) ;
#6522 = ORIENTED_EDGE ( 'NONE', *, *, #4513, .T. ) ;
#6523 = AXIS2_PLACEMENT_3D ( 'NONE', #4595, #3561, #7326 ) ;
#6524 = EDGE_LOOP ( 'NONE', ( #6725, #9772, #666, #5448 ) ) ;
#6525 = FACE_OUTER_BOUND ( 'NONE', #5474, .T. ) ;
#6526 = DIRECTION ( 'NONE',  ( 1.000000000000000000, 0.000000000000000000, 0.000000000000000000 ) ) ;
#6527 = VERTEX_POINT ( 'NONE', #12509 ) ;
#6528 = AXIS2_PLACEMENT_3D ( 'NONE', #3730, #2815, #10550 ) ;
#6529 = VECTOR ( 'NONE', #7460, 1000.000000000000000 ) ;
#6530 = LINE ( 'NONE', #5359, #717 ) ;
#6531 = CIRCLE ( 'NONE', #1971, 0.5000000000000001110 ) ;
#6532 = EDGE_CURVE ( 'NONE', #8103, #3549, #656, .T. ) ;
#6533 = PLANE ( 'NONE',  #9157 ) ;
#6534 = ORIENTED_EDGE ( 'NONE', *, *, #10209, .F. ) ;
#6535 = ORIENTED_EDGE ( 'NONE', *, *, #7997, .T. ) ;
#6536 = DIRECTION ( 'NONE',  ( 1.000000000000000000, 0.000000000000000000, -0.000000000000000000 ) ) ;
#6537 = ORIENTED_EDGE ( 'NONE', *, *, #10929, .T. ) ;
#6538 = ORIENTED_EDGE ( 'NONE', *, *, #9346, .T. ) ;
#6539 = CYLINDRICAL_SURFACE ( 'NONE', #130, 1.500000000000001332 ) ;
#6540 = AXIS2_PLACEMENT_3D ( 'NONE', #8207, #11405, #1452 ) ;
#6541 = VECTOR ( 'NONE', #862, 1000.000000000000000 ) ;
#6542 = DIRECTION ( 'NONE',  ( 0.000000000000000000, 1.172110456741090019E-16, -1.000000000000000000 ) ) ;
#6543 = LINE ( 'NONE', #2772, #8141 ) ;
#6544 = CIRCLE ( 'NONE', #12570, 1.250000000000001110 ) ;
#6545 = CARTESIAN_POINT ( 'NONE',  ( 50.24999999999999289, 34.74999955999999202, -4.000000000000000000 ) ) ;
#6546 = DIRECTION ( 'NONE',  ( -1.299418334065024626E-16, 1.000000000000000000, 0.000000000000000000 ) ) ;
#6547 = PLANE ( 'NONE',  #5619 ) ;
#6548 = VECTOR ( 'NONE', #10407, 1000.000000000000000 ) ;
#6549 = ORIENTED_EDGE ( 'NONE', *, *, #7956, .T. ) ;
#6550 = ORIENTED_EDGE ( 'NONE', *, *, #5438, .F. ) ;
#6551 = VERTEX_POINT ( 'NONE', #2361 ) ;
#6552 = DIRECTION ( 'NONE',  ( 1.000000000000000000, 0.000000000000000000, 0.000000000000000000 ) ) ;
#6553 = CIRCLE ( 'NONE', #4898, 4.000000000000000000 ) ;
#6554 = CARTESIAN_POINT ( 'NONE',  ( 73.69999999999998863, 28.29999999999999716, 9.999999999999998224 ) ) ;
#6555 = ORIENTED_EDGE ( 'NONE', *, *, #5444, .F. ) ;
#6556 = EDGE_CURVE ( 'NONE', #8189, #711, #4377, .T. ) ;
#6557 = VERTEX_POINT ( 'NONE', #403 ) ;
#6558 = ADVANCED_FACE ( 'NONE', ( #8336 ), #12318, .T. ) ;
#6559 = CARTESIAN_POINT ( 'NONE',  ( 31.74999999999998579, 0.000000000000000000, 4.499999999999999112 ) ) ;
#6560 = DIRECTION ( 'NONE',  ( -0.000000000000000000, -1.000000000000000000, -0.000000000000000000 ) ) ;
#6561 = CYLINDRICAL_SURFACE ( 'NONE', #7133, 3.000000000000002665 ) ;
#6562 = VECTOR ( 'NONE', #4469, 1000.000000000000000 ) ;
#6563 = CIRCLE ( 'NONE', #10305, 1.500000000000001332 ) ;
#6564 = EDGE_CURVE ( 'NONE', #5498, #2175, #1449, .T. ) ;
#6565 = DIRECTION ( 'NONE',  ( 0.000000000000000000, 0.000000000000000000, 1.000000000000000000 ) ) ;
#6566 = EDGE_CURVE ( 'NONE', #6268, #9360, #9383, .T. ) ;
#6567 = CONICAL_SURFACE ( 'NONE', #1369, 0.6999999999999984013, 0.7853981633974471688 ) ;
#6568 = CARTESIAN_POINT ( 'NONE',  ( 73.14999999999997726, 51.75000000000000000, -4.000000000000000000 ) ) ;
#6569 = DIRECTION ( 'NONE',  ( 0.000000000000000000, 0.000000000000000000, 1.000000000000000000 ) ) ;
#6570 = DIRECTION ( 'NONE',  ( 0.000000000000000000, 0.000000000000000000, 1.000000000000000000 ) ) ;
#6571 = ADVANCED_FACE ( 'NONE', ( #5802 ), #11601, .F. ) ;
#6572 = AXIS2_PLACEMENT_3D ( 'NONE', #7008, #4933, #2061 ) ;
#6573 = DIRECTION ( 'NONE',  ( -1.000000000000000000, 0.000000000000000000, 0.000000000000000000 ) ) ;
#6574 = ORIENTED_EDGE ( 'NONE', *, *, #4513, .F. ) ;
#6575 = FACE_OUTER_BOUND ( 'NONE', #1529, .T. ) ;
#6576 = AXIS2_PLACEMENT_3D ( 'NONE', #5822, #9788, #7833 ) ;
#6577 = CARTESIAN_POINT ( 'NONE',  ( 76.21199953390164694, 33.29335380021172597, 4.578344899513388850E-16 ) ) ;
#6578 = AXIS2_PLACEMENT_3D ( 'NONE', #6248, #4362, #5209 ) ;
#6579 = LINE ( 'NONE', #1691, #11068 ) ;
#6580 = EDGE_CURVE ( 'NONE', #4841, #7156, #3792, .T. ) ;
#6581 = EDGE_LOOP ( 'NONE', ( #3331, #7766, #8760, #5099 ) ) ;
#6582 = DIRECTION ( 'NONE',  ( -0.000000000000000000, -0.000000000000000000, -1.000000000000000000 ) ) ;
#6583 = CARTESIAN_POINT ( 'NONE',  ( 37.74999955999999912, 62.75000043999999377, -4.499999999999992895 ) ) ;
#6584 = ORIENTED_EDGE ( 'NONE', *, *, #11671, .F. ) ;
#6585 = LINE ( 'NONE', #8410, #9454 ) ;
#6586 = EDGE_LOOP ( 'NONE', ( #8275, #4376 ) ) ;
#6587 = LINE ( 'NONE', #3531, #2805 ) ;
#6588 = ORIENTED_EDGE ( 'NONE', *, *, #5234, .F. ) ;
#6589 = ORIENTED_EDGE ( 'NONE', *, *, #3881, .T. ) ;
#6590 = VERTEX_POINT ( 'NONE', #7680 ) ;
#6591 = DIRECTION ( 'NONE',  ( -1.000000000000000000, 0.000000000000000000, -0.000000000000000000 ) ) ;
#6592 = ORIENTED_EDGE ( 'NONE', *, *, #8387, .T. ) ;
#6593 = ORIENTED_EDGE ( 'NONE', *, *, #674, .F. ) ;
#6594 = CARTESIAN_POINT ( 'NONE',  ( 72.49999999999998579, 41.94999999999998863, 0.000000000000000000 ) ) ;
#6595 = ORIENTED_EDGE ( 'NONE', *, *, #383, .F. ) ;
#6596 = DIRECTION ( 'NONE',  ( 1.000000000000000000, 0.000000000000000000, 0.000000000000000000 ) ) ;
#6597 = PLANE ( 'NONE',  #5843 ) ;
#6598 = EDGE_LOOP ( 'NONE', ( #695, #10037, #12385, #9565 ) ) ;
#6599 = CARTESIAN_POINT ( 'NONE',  ( 76.25000000000000000, 39.40749664306598987, 2.323999333381999488 ) ) ;
#6600 = ORIENTED_EDGE ( 'NONE', *, *, #12288, .F. ) ;
#6601 = LINE ( 'NONE', #10564, #6343 ) ;
#6602 = ORIENTED_EDGE ( 'NONE', *, *, #1645, .F. ) ;
#6603 = ORIENTED_EDGE ( 'NONE', *, *, #1004, .T. ) ;
#6604 = LINE ( 'NONE', #10702, #5733 ) ;
#6605 = ADVANCED_FACE ( 'NONE', ( #3857 ), #7812, .T. ) ;
#6606 = CARTESIAN_POINT ( 'NONE',  ( 71.44999999999997442, 48.70000000000000995, 4.999999999999998224 ) ) ;
#6607 = CARTESIAN_POINT ( 'NONE',  ( 63.64999999999998437, 24.29999999999999361, 5.999999999999999112 ) ) ;
#6608 = DIRECTION ( 'NONE',  ( 1.000000000000000000, 0.000000000000000000, 0.000000000000000000 ) ) ;
#6609 = CARTESIAN_POINT ( 'NONE',  ( 62.75000043999999377, 65.75000043999999377, -4.000000000000000000 ) ) ;
#6610 = CARTESIAN_POINT ( 'NONE',  ( 27.34999999999999787, 50.24999999999999289, -3.100000000000000533 ) ) ;
#6611 = DIRECTION ( 'NONE',  ( 1.000000000000000000, 0.000000000000000000, 0.000000000000000000 ) ) ;
#6612 = ADVANCED_FACE ( 'NONE', ( #4951 ), #1698, .F. ) ;
#6613 = VERTEX_POINT ( 'NONE', #9889 ) ;
#6614 = ORIENTED_EDGE ( 'NONE', *, *, #8218, .F. ) ;
#6615 = ORIENTED_EDGE ( 'NONE', *, *, #3138, .T. ) ;
#6616 = DIRECTION ( 'NONE',  ( 1.000000000000000000, 0.000000000000000000, 0.000000000000000000 ) ) ;
#6617 = PLANE ( 'NONE',  #3160 ) ;
#6618 = ORIENTED_EDGE ( 'NONE', *, *, #5654, .T. ) ;
#6619 = ORIENTED_EDGE ( 'NONE', *, *, #10603, .T. ) ;
#6620 = DIRECTION ( 'NONE',  ( -1.000000000000000000, 0.000000000000000000, 0.000000000000000000 ) ) ;
#6621 = FACE_OUTER_BOUND ( 'NONE', #1770, .T. ) ;
#6622 = LINE ( 'NONE', #2586, #10876 ) ;
#6623 = DIRECTION ( 'NONE',  ( -1.000000000000000000, 0.000000000000000000, 0.000000000000000000 ) ) ;
#6624 = DIRECTION ( 'NONE',  ( 1.000000000000000000, 0.000000000000000000, 0.000000000000000000 ) ) ;
#6625 = FACE_OUTER_BOUND ( 'NONE', #10044, .T. ) ;
#6626 = VECTOR ( 'NONE', #4506, 1000.000000000000000 ) ;
#6627 = DIRECTION ( 'NONE',  ( -1.000000000000000000, 0.000000000000000000, 0.000000000000000000 ) ) ;
#6628 = DIRECTION ( 'NONE',  ( -1.000000000000000000, 0.000000000000000000, 0.000000000000000000 ) ) ;
#6629 = DIRECTION ( 'NONE',  ( 0.000000000000000000, 0.000000000000000000, 1.000000000000000000 ) ) ;
#6630 = ORIENTED_EDGE ( 'NONE', *, *, #5360, .T. ) ;
#6631 = ADVANCED_FACE ( 'NONE', ( #6840 ), #12766, .F. ) ;
#6632 = DIRECTION ( 'NONE',  ( -0.000000000000000000, 0.000000000000000000, 1.000000000000000000 ) ) ;
#6633 = LINE ( 'NONE', #7541, #12370 ) ;
#6634 = CARTESIAN_POINT ( 'NONE',  ( 32.39999999999999858, 29.00000000000000000, 9.999999999999998224 ) ) ;
#6635 = CIRCLE ( 'NONE', #4979, 1.250000000000001110 ) ;
#6636 = ORIENTED_EDGE ( 'NONE', *, *, #9536, .T. ) ;
#6637 = DIRECTION ( 'NONE',  ( 0.000000000000000000, 0.000000000000000000, 1.000000000000000000 ) ) ;
#6638 = PERSON_AND_ORGANIZATION_ROLE ( 'classification_officer' ) ;
#6639 = EDGE_CURVE ( 'NONE', #8835, #5133, #12363, .T. ) ;
#6640 = ADVANCED_FACE ( 'NONE', ( #11792 ), #2813, .T. ) ;
#6641 = CARTESIAN_POINT ( 'NONE',  ( 74.59999999999999432, 73.00000000000000000, 44.50000000000000711 ) ) ;
#6642 = VERTEX_POINT ( 'NONE', #10609 ) ;
#6643 = DIRECTION ( 'NONE',  ( 0.000000000000000000, 0.000000000000000000, 1.000000000000000000 ) ) ;
#6644 = ORIENTED_EDGE ( 'NONE', *, *, #1232, .F. ) ;
#6645 = AXIS2_PLACEMENT_3D ( 'NONE', #2224, #460, #2419 ) ;
#6646 = CARTESIAN_POINT ( 'NONE',  ( 70.94999999999997442, 57.69999999999998863, 4.999999999999998224 ) ) ;
#6647 = VERTEX_POINT ( 'NONE', #12577 ) ;
#6648 = AXIS2_PLACEMENT_3D ( 'NONE', #8301, #8169, #11238 ) ;
#6649 = EDGE_CURVE ( 'NONE', #9921, #8458, #3854, .T. ) ;
#6650 = VERTEX_POINT ( 'NONE', #5670 ) ;
#6651 = ORIENTED_EDGE ( 'NONE', *, *, #4983, .F. ) ;
#6652 = EDGE_CURVE ( 'NONE', #12885, #12014, #10909, .T. ) ;
#6653 = EDGE_CURVE ( 'NONE', #2005, #12742, #726, .T. ) ;
#6654 = ORIENTED_EDGE ( 'NONE', *, *, #5214, .F. ) ;
#6655 = ORIENTED_EDGE ( 'NONE', *, *, #3359, .T. ) ;
#6656 = LINE ( 'NONE', #8736, #2939 ) ;
#6657 = AXIS2_PLACEMENT_3D ( 'NONE', #12478, #500, #2643 ) ;
#6658 = ORIENTED_EDGE ( 'NONE', *, *, #10381, .F. ) ;
#6659 = VECTOR ( 'NONE', #10332, 1000.000000000000000 ) ;
#6660 = DIRECTION ( 'NONE',  ( 0.000000000000000000, 0.000000000000000000, 1.000000000000000000 ) ) ;
#6661 = CARTESIAN_POINT ( 'NONE',  ( 53.25000000000000000, 28.85000000000000853, -4.000000000000000000 ) ) ;
#6662 = ORIENTED_EDGE ( 'NONE', *, *, #3195, .T. ) ;
#6663 = CARTESIAN_POINT ( 'NONE',  ( 48.74999999999999289, 74.64999999999999147, -3.100000000000000533 ) ) ;
#6664 = ORIENTED_EDGE ( 'NONE', *, *, #3478, .F. ) ;
#6665 = CARTESIAN_POINT ( 'NONE',  ( 61.14999999999999147, 25.75000000000000000, 6.499999999999999112 ) ) ;
#6666 = VERTEX_POINT ( 'NONE', #10750 ) ;
#6667 = VERTEX_POINT ( 'NONE', #6708 ) ;
#6668 = CARTESIAN_POINT ( 'NONE',  ( 29.00000000000000000, 73.00000000000000000, 6.499999999999999112 ) ) ;
#6669 = VECTOR ( 'NONE', #2962, 1000.000000000000000 ) ;
#6670 = LINE ( 'NONE', #12474, #6778 ) ;
#6671 = CARTESIAN_POINT ( 'NONE',  ( 66.14999999999999147, 25.75000000000000000, 0.5253709514437902017 ) ) ;
#6672 = DIRECTION ( 'NONE',  ( -1.000000000000000000, 0.000000000000000000, 0.000000000000000000 ) ) ;
#6673 = FACE_OUTER_BOUND ( 'NONE', #290, .T. ) ;
#6674 = CARTESIAN_POINT ( 'NONE',  ( 66.14999999999999147, 24.29999999999999716, 0.5253709514437902017 ) ) ;
#6675 = VECTOR ( 'NONE', #5877, 1000.000000000000000 ) ;
#6676 = DIRECTION ( 'NONE',  ( -1.000000000000000000, 0.000000000000000000, 0.000000000000000000 ) ) ;
#6677 = ORIENTED_EDGE ( 'NONE', *, *, #12540, .F. ) ;
#6678 = ORIENTED_EDGE ( 'NONE', *, *, #2514, .T. ) ;
#6679 = ORIENTED_EDGE ( 'NONE', *, *, #6336, .T. ) ;
#6681 = CARTESIAN_POINT ( 'NONE',  ( 53.64999999999999147, 24.29999999999999361, 0.5253709514437873151 ) ) ;
#6680 = VECTOR ( 'NONE', #7497, 1000.000000000000114 ) ;
#6682 = DIRECTION ( 'NONE',  ( 1.000000000000000000, 1.299418334065024380E-16, 0.000000000000000000 ) ) ;
#6683 = ORIENTED_EDGE ( 'NONE', *, *, #4815, .T. ) ;
#6684 = ORIENTED_EDGE ( 'NONE', *, *, #12790, .T. ) ;
#6685 = CARTESIAN_POINT ( 'NONE',  ( 63.64999999999998437, 24.49999999999997158, 5.999999999999999112 ) ) ;
#6686 = CARTESIAN_POINT ( 'NONE',  ( 76.03895576983454418, 33.00749664306601261, 2.323999333381998600 ) ) ;
#6687 = CARTESIAN_POINT ( 'NONE',  ( 56.64999999999999147, 24.29998799999999548, 6.499999999999999112 ) ) ;
#6688 = CIRCLE ( 'NONE', #2324, 0.6999999999999784173 ) ;
#6689 = CARTESIAN_POINT ( 'NONE',  ( 49.44999999999998153, 36.45000000000000284, 8.499999999999998224 ) ) ;
#6690 = AXIS2_PLACEMENT_3D ( 'NONE', #11892, #10975, #2916 ) ;
#6691 = CARTESIAN_POINT ( 'NONE',  ( 73.00000000000000000, 29.00000000000000000, 9.500000000000001776 ) ) ;
#6692 = EDGE_CURVE ( 'NONE', #389, #1323, #5300, .T. ) ;
#6693 = CARTESIAN_POINT ( 'NONE',  ( 56.84999999999999432, 24.29999999999999361, 15.00000000000000000 ) ) ;
#6694 = DIRECTION ( 'NONE',  ( -0.000000000000000000, -1.000000000000000000, -0.000000000000000000 ) ) ;
#6695 = LINE ( 'NONE', #12560, #700 ) ;
#6696 = CIRCLE ( 'NONE', #1089, 3.000000000000002665 ) ;
#6697 = DIRECTION ( 'NONE',  ( 0.000000000000000000, -0.7071067811865444641, 0.7071067811865505703 ) ) ;
#6698 = ORIENTED_EDGE ( 'NONE', *, *, #2841, .F. ) ;
#6699 = AXIS2_PLACEMENT_3D ( 'NONE', #6607, #880, #9050 ) ;
#6700 = LINE ( 'NONE', #10666, #1670 ) ;
#6701 = CARTESIAN_POINT ( 'NONE',  ( 86.25000000000000000, 25.75000000000000000, 0.02537095144379032663 ) ) ;
#6702 = VERTEX_POINT ( 'NONE', #920 ) ;
#6703 = DIRECTION ( 'NONE',  ( 0.000000000000000000, -0.000000000000000000, -1.000000000000000000 ) ) ;
#6704 = DIRECTION ( 'NONE',  ( 0.000000000000000000, 0.000000000000000000, -1.000000000000000000 ) ) ;
#6705 = VECTOR ( 'NONE', #4700, 1000.000000000000000 ) ;
#6706 = DIRECTION ( 'NONE',  ( 0.000000000000000000, 0.000000000000000000, -1.000000000000000000 ) ) ;
#6707 = ORIENTED_EDGE ( 'NONE', *, *, #6964, .T. ) ;
#6708 = CARTESIAN_POINT ( 'NONE',  ( 69.79999999999999716, 72.64999999999997726, -4.000000000000003553 ) ) ;
#6709 = ORIENTED_EDGE ( 'NONE', *, *, #12859, .T. ) ;
#6710 = DIRECTION ( 'NONE',  ( -0.000000000000000000, -0.000000000000000000, 1.000000000000000000 ) ) ;
#6711 = ORIENTED_EDGE ( 'NONE', *, *, #12697, .T. ) ;
#6712 = EDGE_CURVE ( 'NONE', #958, #10627, #10897, .T. ) ;
#6713 = EDGE_LOOP ( 'NONE', ( #7414, #2171, #10516, #7653 ) ) ;
#6714 = LINE ( 'NONE', #6787, #8353 ) ;
#6715 = VECTOR ( 'NONE', #3517, 1000.000000000000000 ) ;
#6716 = EDGE_CURVE ( 'NONE', #4576, #5893, #6965, .T. ) ;
#6717 = VECTOR ( 'NONE', #4807, 1000.000000000000000 ) ;
#6718 = EDGE_CURVE ( 'NONE', #5582, #10076, #3667, .T. ) ;
#6719 = ORIENTED_EDGE ( 'NONE', *, *, #8705, .T. ) ;
#6720 = LINE ( 'NONE', #10688, #4398 ) ;
#6721 = VERTEX_POINT ( 'NONE', #3919 ) ;
#6722 = CARTESIAN_POINT ( 'NONE',  ( 68.75000000000000000, 0.000000000000000000, 4.499999999999999112 ) ) ;
#6723 = DIRECTION ( 'NONE',  ( 0.000000000000000000, 0.000000000000000000, -1.000000000000000000 ) ) ;
#6724 = EDGE_CURVE ( 'NONE', #11347, #11139, #7871, .T. ) ;
#6725 = ORIENTED_EDGE ( 'NONE', *, *, #5294, .F. ) ;
#6726 = VECTOR ( 'NONE', #10974, 1000.000000000000000 ) ;
#6727 = CARTESIAN_POINT ( 'NONE',  ( 65.64999999999999147, 24.29999999999999716, -0.1746290485561876604 ) ) ;
#6728 = EDGE_CURVE ( 'NONE', #10010, #7620, #8116, .T. ) ;
#6729 = EDGE_LOOP ( 'NONE', ( #2970, #4622, #4780, #5969 ) ) ;
#6730 = DIRECTION ( 'NONE',  ( 0.000000000000000000, 0.000000000000000000, -1.000000000000000000 ) ) ;
#6731 = ORIENTED_EDGE ( 'NONE', *, *, #1010, .T. ) ;
#6732 = AXIS2_PLACEMENT_3D ( 'NONE', #3518, #5530, #10273 ) ;
#6733 = ORIENTED_EDGE ( 'NONE', *, *, #8935, .F. ) ;
#6734 = CARTESIAN_POINT ( 'NONE',  ( 28.30000000000001137, 24.29999999999999005, 9.500000000000005329 ) ) ;
#6735 = EDGE_CURVE ( 'NONE', #6292, #944, #2281, .T. ) ;
#6736 = CARTESIAN_POINT ( 'NONE',  ( 39.24999955999999912, 37.74999955999999912, -3.100000000000000533 ) ) ;
#6737 = CARTESIAN_POINT ( 'NONE',  ( 65.75000043999999377, 39.24999955999999912, -3.100000000000000533 ) ) ;
#6738 = CONICAL_SURFACE ( 'NONE', #297, 2.000000000000015543, 0.7853981633974566057 ) ;
#6739 = VECTOR ( 'NONE', #881, 1000.000000000000000 ) ;
#6740 = CARTESIAN_POINT ( 'NONE',  ( 65.75000043999999377, 51.75000000000000000, -4.000000000000000000 ) ) ;
#6741 = AXIS2_PLACEMENT_3D ( 'NONE', #6681, #7713, #3634 ) ;
#6742 = CARTESIAN_POINT ( 'NONE',  ( 31.74999999999995737, 31.74999999999999289, 4.499999999999999112 ) ) ;
#6743 = CARTESIAN_POINT ( 'NONE',  ( 29.24999999999998934, 29.25000000000000000, 4.499999999999999112 ) ) ;
#6744 = CARTESIAN_POINT ( 'NONE',  ( 34.24999999999998579, 25.75000000000000000, 0.000000000000000000 ) ) ;
#6745 = VERTEX_POINT ( 'NONE', #67 ) ;
#6746 = AXIS2_PLACEMENT_3D ( 'NONE', #7554, #3794, #7684 ) ;
#6747 = AXIS2_PLACEMENT_3D ( 'NONE', #11733, #5808, #9775 ) ;
#6748 = ORIENTED_EDGE ( 'NONE', *, *, #78, .T. ) ;
#6749 = ORIENTED_EDGE ( 'NONE', *, *, #611, .T. ) ;
#6750 = CARTESIAN_POINT ( 'NONE',  ( 67.25000043999999377, 53.25000000000000000, -4.000000000000000000 ) ) ;
#6751 = FACE_OUTER_BOUND ( 'NONE', #871, .T. ) ;
#6752 = VERTEX_POINT ( 'NONE', #10201 ) ;
#6753 = EDGE_CURVE ( 'NONE', #6274, #8987, #12582, .T. ) ;
#6754 = AXIS2_PLACEMENT_3D ( 'NONE', #5223, #9118, #12251 ) ;
#6755 = ORIENTED_EDGE ( 'NONE', *, *, #6135, .T. ) ;
#6756 = CARTESIAN_POINT ( 'NONE',  ( 53.19999999999998153, 76.25000000000000000, 6.499999999999999112 ) ) ;
#6757 = CYLINDRICAL_SURFACE ( 'NONE', #10711, 0.5000000000000004441 ) ;
#6758 = CARTESIAN_POINT ( 'NONE',  ( 66.14999999999999147, 24.49999999999997513, 0.02537095144379032663 ) ) ;
#6759 = AXIS2_PLACEMENT_3D ( 'NONE', #5171, #9973, #9132 ) ;
#6760 = DIRECTION ( 'NONE',  ( 0.000000000000000000, 0.000000000000000000, -1.000000000000000000 ) ) ;
#6761 = CARTESIAN_POINT ( 'NONE',  ( 76.14999999999999147, 73.25000000000000000, -5.000000000000000000 ) ) ;
#6763 = DIRECTION ( 'NONE',  ( 0.7071067811865352493, 0.7071067811865597852, 0.000000000000000000 ) ) ;
#6762 = VECTOR ( 'NONE', #3901, 1000.000000000000000 ) ;
#6764 = LINE ( 'NONE', #4813, #2972 ) ;
#6765 = FACE_OUTER_BOUND ( 'NONE', #8826, .T. ) ;
#6766 = AXIS2_PLACEMENT_3D ( 'NONE', #8422, #11286, #7313 ) ;
#6767 = DIRECTION ( 'NONE',  ( 1.000000000000000000, 9.239539153005629476E-17, 0.000000000000000000 ) ) ;
#6768 = EDGE_LOOP ( 'NONE', ( #7908, #6270, #2249, #3414 ) ) ;
#6769 = DIRECTION ( 'NONE',  ( 0.000000000000000000, -1.000000000000000000, 0.000000000000000000 ) ) ;
#6770 = DIRECTION ( 'NONE',  ( 0.000000000000000000, -1.000000000000000000, 0.000000000000000000 ) ) ;
#6771 = DIRECTION ( 'NONE',  ( -1.000000000000000000, -1.299418334065024133E-16, 0.000000000000000000 ) ) ;
#6772 = EDGE_CURVE ( 'NONE', #4378, #6868, #1357, .T. ) ;
#6773 = VECTOR ( 'NONE', #1142, 1000.000000000000000 ) ;
#6774 = VECTOR ( 'NONE', #3904, 1000.000000000000000 ) ;
#6775 = DIRECTION ( 'NONE',  ( -0.7071067811865474617, 0.7071067811865474617, 0.000000000000000000 ) ) ;
#6776 = DATE_AND_TIME ( #11462, #6512 ) ;
#6777 = CARTESIAN_POINT ( 'NONE',  ( 51.75000000000000000, 34.74999955999999202, 5.925518941756209301 ) ) ;
#6778 = VECTOR ( 'NONE', #12415, 1000.000000000000000 ) ;
#6779 = ORIENTED_EDGE ( 'NONE', *, *, #5282, .F. ) ;
#6780 = CARTESIAN_POINT ( 'NONE',  ( 28.74999999999998934, 28.74999999999999645, -4.500000000000000888 ) ) ;
#6781 = ORIENTED_EDGE ( 'NONE', *, *, #1317, .F. ) ;
#6782 = AXIS2_PLACEMENT_3D ( 'NONE', #1831, #6898, #2987 ) ;
#6783 = VECTOR ( 'NONE', #5082, 1000.000000000000000 ) ;
#6784 = CARTESIAN_POINT ( 'NONE',  ( 31.89999999999999858, 29.00000000000000000, 6.499999999999999112 ) ) ;
#6785 = VERTEX_POINT ( 'NONE', #8914 ) ;
#6786 = ORIENTED_EDGE ( 'NONE', *, *, #5541, .T. ) ;
#6787 = CARTESIAN_POINT ( 'NONE',  ( 61.14999999999999147, 24.29999999999999361, 6.499999999999999112 ) ) ;
#6788 = DIRECTION ( 'NONE',  ( 0.000000000000000000, 0.000000000000000000, 1.000000000000000000 ) ) ;
#6789 = DIRECTION ( 'NONE',  ( 0.000000000000000000, 0.000000000000000000, -1.000000000000000000 ) ) ;
#6790 = EDGE_LOOP ( 'NONE', ( #7241, #469, #960, #12767 ) ) ;
#6791 = DIRECTION ( 'NONE',  ( 0.000000000000000000, 0.000000000000000000, 1.000000000000000000 ) ) ;
#6792 = LINE ( 'NONE', #8872, #4384 ) ;
#6793 = EDGE_CURVE ( 'NONE', #6981, #7668, #10007, .T. ) ;
#6794 = EDGE_LOOP ( 'NONE', ( #2517, #9702, #4476, #487 ) ) ;
#6795 = CARTESIAN_POINT ( 'NONE',  ( 52.19999999999998153, 70.95000000000000284, 8.499999999999998224 ) ) ;
#6796 = ORIENTED_EDGE ( 'NONE', *, *, #10058, .F. ) ;
#6797 = DIRECTION ( 'NONE',  ( -1.000000000000000000, 0.000000000000000000, 0.000000000000000000 ) ) ;
#6798 = VERTEX_POINT ( 'NONE', #5988 ) ;
#6799 = EDGE_LOOP ( 'NONE', ( #5959, #5349, #6519, #10226 ) ) ;
#6800 = DIRECTION ( 'NONE',  ( 0.000000000000000000, 0.000000000000000000, 1.000000000000000000 ) ) ;
#6801 = FACE_OUTER_BOUND ( 'NONE', #11469, .T. ) ;
#6802 = LINE ( 'NONE', #4368, #10228 ) ;
#6803 = EDGE_CURVE ( 'NONE', #1810, #3832, #11914, .T. ) ;
#6804 = CARTESIAN_POINT ( 'NONE',  ( 30.24999999999998579, 30.25000000000000000, -1.600000000000004086 ) ) ;
#6805 = LINE ( 'NONE', #7842, #9853 ) ;
#6806 = PLANE ( 'NONE',  #951 ) ;
#6807 = ADVANCED_FACE ( 'NONE', ( #8188 ), #12552, .F. ) ;
#6808 = CARTESIAN_POINT ( 'NONE',  ( 29.00000000000000000, 73.00000000000000000, 9.499999999999991118 ) ) ;
#6809 = EDGE_CURVE ( 'NONE', #10837, #6427, #8383, .T. ) ;
#6810 = VERTEX_POINT ( 'NONE', #8057 ) ;
#6811 = ORIENTED_EDGE ( 'NONE', *, *, #4187, .F. ) ;
#6812 = EDGE_CURVE ( 'NONE', #11057, #6466, #7027, .T. ) ;
#6813 = ORIENTED_EDGE ( 'NONE', *, *, #11828, .T. ) ;
#6814 = ORIENTED_EDGE ( 'NONE', *, *, #12286, .F. ) ;
#6815 = LINE ( 'NONE', #12668, #4253 ) ;
#6816 = LINE ( 'NONE', #4802, #8561 ) ;
#6817 = ORIENTED_EDGE ( 'NONE', *, *, #5608, .F. ) ;
#6818 = EDGE_CURVE ( 'NONE', #6721, #5552, #5078, .T. ) ;
#6819 = ADVANCED_FACE ( 'NONE', ( #2026 ), #3191, .F. ) ;
#6820 = ORIENTED_EDGE ( 'NONE', *, *, #894, .F. ) ;
#6821 = CARTESIAN_POINT ( 'NONE',  ( 50.24999999999999289, 73.14999999999997726, -3.100000000000000533 ) ) ;
#6822 = DIRECTION ( 'NONE',  ( -1.000000000000000000, 0.000000000000000000, 0.000000000000000000 ) ) ;
#6823 = EDGE_CURVE ( 'NONE', #2378, #4442, #138, .T. ) ;
#6824 = CARTESIAN_POINT ( 'NONE',  ( 72.63799999999999102, 66.46100000000001273, -3.000000000000000000 ) ) ;
#6825 = FACE_OUTER_BOUND ( 'NONE', #7936, .T. ) ;
#6826 = DIRECTION ( 'NONE',  ( -1.000000000000000000, 1.374038396813312784E-16, -0.000000000000000000 ) ) ;
#6827 = DIRECTION ( 'NONE',  ( -1.000000000000000000, 0.000000000000000000, 0.000000000000000000 ) ) ;
#6828 = CARTESIAN_POINT ( 'NONE',  ( 73.43999999999998352, 64.96099999999999852, -3.000000000000000000 ) ) ;
#6829 = FACE_BOUND ( 'NONE', #102, .T. ) ;
#6830 = LINE ( 'NONE', #9996, #11370 ) ;
#6831 = ORIENTED_EDGE ( 'NONE', *, *, #10708, .T. ) ;
#6832 = PLANE ( 'NONE',  #7278 ) ;
#6833 = LINE ( 'NONE', #7864, #10741 ) ;
#6834 = ORIENTED_EDGE ( 'NONE', *, *, #12391, .T. ) ;
#6835 = CARTESIAN_POINT ( 'NONE',  ( 29.35000000000000142, 34.25000000000000000, -4.000000000000003553 ) ) ;
#6836 = VECTOR ( 'NONE', #4487, 1000.000000000000114 ) ;
#6837 = CIRCLE ( 'NONE', #5797, 1.000000000000000888 ) ;
#6838 = CARTESIAN_POINT ( 'NONE',  ( 55.14999999999999147, 24.49999999999999289, 6.499999999999999112 ) ) ;
#6839 = EDGE_LOOP ( 'NONE', ( #8584, #8874, #10369, #8369 ) ) ;
#6840 = FACE_OUTER_BOUND ( 'NONE', #11160, .T. ) ;
#6841 = EDGE_CURVE ( 'NONE', #10283, #5965, #2999, .T. ) ;
#6842 = ORIENTED_EDGE ( 'NONE', *, *, #11171, .F. ) ;
#6843 = DIRECTION ( 'NONE',  ( 1.000000000000000000, 1.299418334065024626E-16, 0.000000000000000000 ) ) ;
#6844 = ORIENTED_EDGE ( 'NONE', *, *, #185, .T. ) ;
#6845 = DIRECTION ( 'NONE',  ( -1.000000000000000000, 0.000000000000000000, 0.000000000000000000 ) ) ;
#6846 = DIRECTION ( 'NONE',  ( -0.000000000000000000, -0.000000000000000000, -1.000000000000000000 ) ) ;
#6847 = AXIS2_PLACEMENT_3D ( 'NONE', #8185, #2144, #6901 ) ;
#6848 = FACE_OUTER_BOUND ( 'NONE', #9977, .T. ) ;
#6849 = VERTEX_POINT ( 'NONE', #12106 ) ;
#6850 = CARTESIAN_POINT ( 'NONE',  ( 73.69999999999998863, 28.29999999999999716, -5.000000000000000000 ) ) ;
#6851 = CARTESIAN_POINT ( 'NONE',  ( 50.19999999999998153, 75.25000000000000000, 6.499999999999999112 ) ) ;
#6852 = VECTOR ( 'NONE', #5061, 1000.000000000000000 ) ;
#6853 = VERTEX_POINT ( 'NONE', #12174 ) ;
#6854 = DIRECTION ( 'NONE',  ( 1.299418334065024133E-16, -1.000000000000000000, 0.000000000000000000 ) ) ;
#6855 = ADVANCED_FACE ( 'NONE', ( #4161 ), #6970, .F. ) ;
#6856 = ORIENTED_EDGE ( 'NONE', *, *, #6338, .T. ) ;
#6857 = CARTESIAN_POINT ( 'NONE',  ( 28.74999999999998934, 28.74999999999999645, -4.000000000000000000 ) ) ;
#6858 = ORIENTED_EDGE ( 'NONE', *, *, #2266, .T. ) ;
#6859 = ORIENTED_EDGE ( 'NONE', *, *, #1366, .F. ) ;
#6860 = DIRECTION ( 'NONE',  ( -0.000000000000000000, -1.000000000000000000, -0.000000000000000000 ) ) ;
#6861 = DIRECTION ( 'NONE',  ( -1.000000000000000000, 0.000000000000000000, 0.000000000000000000 ) ) ;
#6862 = VECTOR ( 'NONE', #4126, 1000.000000000000000 ) ;
#6863 = CIRCLE ( 'NONE', #1249, 1.250000000000001110 ) ;
#6864 = LINE ( 'NONE', #10832, #9640 ) ;
#6865 = DIRECTION ( 'NONE',  ( 0.000000000000000000, 0.000000000000000000, 1.000000000000000000 ) ) ;
#6866 = DIRECTION ( 'NONE',  ( 0.000000000000000000, -0.000000000000000000, -1.000000000000000000 ) ) ;
#6867 = CARTESIAN_POINT ( 'NONE',  ( 34.24999999999998579, 74.64999999999997726, 35.97994811066136833 ) ) ;
#6868 = VERTEX_POINT ( 'NONE', #9943 ) ;
#6869 = AXIS2_PLACEMENT_3D ( 'NONE', #7400, #10445, #7584 ) ;
#6870 = ORIENTED_EDGE ( 'NONE', *, *, #1242, .T. ) ;
#6871 = ORIENTED_EDGE ( 'NONE', *, *, #6405, .F. ) ;
#6872 = CARTESIAN_POINT ( 'NONE',  ( 62.64999999999998437, 25.75000000000000000, -3.500000000000000000 ) ) ;
#6873 = CARTESIAN_POINT ( 'NONE',  ( 25.74999999999998934, 67.25000000000000000, 8.499999999999996447 ) ) ;
#6874 = ORIENTED_EDGE ( 'NONE', *, *, #7279, .F. ) ;
#6875 = EDGE_CURVE ( 'NONE', #1285, #12806, #10139, .T. ) ;
#6876 = VERTEX_POINT ( 'NONE', #254 ) ;
#6877 = CARTESIAN_POINT ( 'NONE',  ( 36.24999955999999912, 48.74999999999999289, -4.000000000000000000 ) ) ;
#6878 = LINE ( 'NONE', #4870, #1146 ) ;
#6879 = ADVANCED_FACE ( 'NONE', ( #3266 ), #12345, .F. ) ;
#6880 = CARTESIAN_POINT ( 'NONE',  ( 39.24999955999999912, 64.75000044000000798, -5.000000000000000000 ) ) ;
#6881 = EDGE_CURVE ( 'NONE', #2137, #9194, #7345, .T. ) ;
#6882 = AXIS2_PLACEMENT_3D ( 'NONE', #6148, #163, #353 ) ;
#6883 = CARTESIAN_POINT ( 'NONE',  ( 73.00000000000000000, 73.00000000000000000, 9.500000000000001776 ) ) ;
#6884 = ADVANCED_FACE ( 'NONE', ( #3458 ), #4301, .T. ) ;
#6885 = LINE ( 'NONE', #12879, #6147 ) ;
#6886 = AXIS2_PLACEMENT_3D ( 'NONE', #4840, #6789, #5810 ) ;
#6887 = EDGE_CURVE ( 'NONE', #4442, #5674, #8456, .T. ) ;
#6888 = EDGE_CURVE ( 'NONE', #5629, #10616, #6310, .T. ) ;
#6889 = FACE_OUTER_BOUND ( 'NONE', #2645, .T. ) ;
#6890 = ADVANCED_FACE ( 'NONE', ( #6384 ), #8513, .F. ) ;
#6891 = EDGE_CURVE ( 'NONE', #1595, #70, #8257, .T. ) ;
#6892 = LINE ( 'NONE', #1892, #11709 ) ;
#6893 = CARTESIAN_POINT ( 'NONE',  ( 28.85000000000000497, 48.74999999999999289, -4.000000000000000000 ) ) ;
#6894 = EDGE_CURVE ( 'NONE', #9675, #10357, #7418, .T. ) ;
#6895 = LINE ( 'NONE', #1894, #1809 ) ;
#6896 = ORIENTED_EDGE ( 'NONE', *, *, #9510, .F. ) ;
#6897 = CARTESIAN_POINT ( 'NONE',  ( 75.25000000000000000, 53.94999999999999574, 6.499999999999999112 ) ) ;
#6898 = DIRECTION ( 'NONE',  ( 0.000000000000000000, 0.000000000000000000, -1.000000000000000000 ) ) ;
#6899 = AXIS2_PLACEMENT_3D ( 'NONE', #5345, #9314, #5652 ) ;
#6900 = FACE_OUTER_BOUND ( 'NONE', #4356, .T. ) ;
#6901 = DIRECTION ( 'NONE',  ( -1.000000000000000000, 0.000000000000000000, 0.000000000000000000 ) ) ;
#6902 = VECTOR ( 'NONE', #10390, 1000.000000000000000 ) ;
#6903 = EDGE_LOOP ( 'NONE', ( #9541, #4300, #9162, #1252 ) ) ;
#6904 = VECTOR ( 'NONE', #5437, 1000.000000000000000 ) ;
#6905 = DIRECTION ( 'NONE',  ( 1.000000000000000000, 0.000000000000000000, 0.000000000000000000 ) ) ;
#6906 = VERTEX_POINT ( 'NONE', #11391 ) ;
#6907 = LINE ( 'NONE', #142, #11990 ) ;
#6908 = EDGE_LOOP ( 'NONE', ( #12038, #3736, #257, #12471 ) ) ;
#6909 = CARTESIAN_POINT ( 'NONE',  ( 51.19999999999998863, 40.40749664306598987, -0.2999999999999999334 ) ) ;
#6910 = CARTESIAN_POINT ( 'NONE',  ( 32.24999999999998579, 71.75000000000000000, -67.93053710242747911 ) ) ;
#6911 = AXIS2_PLACEMENT_3D ( 'NONE', #60, #11788, #5732 ) ;
#6912 = DIRECTION ( 'NONE',  ( -1.000000000000000000, -9.239539153005627011E-17, 0.000000000000000000 ) ) ;
#6913 = ORIENTED_EDGE ( 'NONE', *, *, #12768, .T. ) ;
#6914 = DIRECTION ( 'NONE',  ( 1.000000000000000000, 0.000000000000000000, -0.000000000000000000 ) ) ;
#6915 = CARTESIAN_POINT ( 'NONE',  ( 71.49999999999998579, 32.77905841137542353, 0.000000000000000000 ) ) ;
#6916 = ORIENTED_EDGE ( 'NONE', *, *, #5140, .F. ) ;
#6917 = DIRECTION ( 'NONE',  ( 0.000000000000000000, 0.000000000000000000, 1.000000000000000000 ) ) ;
#6918 = ORIENTED_EDGE ( 'NONE', *, *, #2355, .T. ) ;
#6919 = FACE_OUTER_BOUND ( 'NONE', #5031, .T. ) ;
#6920 = ORIENTED_EDGE ( 'NONE', *, *, #3147, .T. ) ;
#6921 = ORIENTED_EDGE ( 'NONE', *, *, #1801, .T. ) ;
#6923 = CARTESIAN_POINT ( 'NONE',  ( 77.69999999999998863, 24.29999999999999716, -0.1746290485562119188 ) ) ;
#6922 = AXIS2_PLACEMENT_3D ( 'NONE', #10458, #8646, #6500 ) ;
#6924 = CARTESIAN_POINT ( 'NONE',  ( 75.89999999999999147, 29.00000000000000000, 6.499999999999999112 ) ) ;
#6925 = DIRECTION ( 'NONE',  ( 1.000000000000000000, 1.299418334065024133E-16, 0.000000000000000000 ) ) ;
#6926 = ADVANCED_FACE ( 'NONE', ( #4427 ), #12238, .F. ) ;
#6927 = CARTESIAN_POINT ( 'NONE',  ( 69.25000000000000000, 27.25000000000000000, 7.999999999999998224 ) ) ;
#6928 = DIRECTION ( 'NONE',  ( 0.000000000000000000, 0.000000000000000000, 1.000000000000000000 ) ) ;
#6929 = AXIS2_PLACEMENT_3D ( 'NONE', #12034, #9301, #8252 ) ;
#6930 = CARTESIAN_POINT ( 'NONE',  ( 34.24999999999998579, 72.64999999999997726, -1.599999999999997202 ) ) ;
#6931 = AXIS2_PLACEMENT_3D ( 'NONE', #12368, #9369, #1561 ) ;
#6932 = ORIENTED_EDGE ( 'NONE', *, *, #4754, .F. ) ;
#6933 = EDGE_CURVE ( 'NONE', #765, #4831, #7537, .T. ) ;
#6934 = VERTEX_POINT ( 'NONE', #456 ) ;
#6935 = VERTEX_POINT ( 'NONE', #7348 ) ;
#6936 = DIRECTION ( 'NONE',  ( 1.000000000000000000, 0.000000000000000000, 0.000000000000000000 ) ) ;
#6937 = AXIS2_PLACEMENT_3D ( 'NONE', #1730, #4923, #7960 ) ;
#6938 = CARTESIAN_POINT ( 'NONE',  ( 27.34999999999999787, 50.24999999999999289, -4.000000000000000000 ) ) ;
#6939 = ORIENTED_EDGE ( 'NONE', *, *, #7834, .T. ) ;
#6940 = VECTOR ( 'NONE', #3303, 1000.000000000000000 ) ;
#6941 = VERTEX_POINT ( 'NONE', #7475 ) ;
#6942 = CARTESIAN_POINT ( 'NONE',  ( 29.00000000000000000, 29.00000000000000000, 9.999999999999998224 ) ) ;
#6943 = DIRECTION ( 'NONE',  ( 0.000000000000000000, 0.000000000000000000, -1.000000000000000000 ) ) ;
#6944 = VECTOR ( 'NONE', #8903, 1000.000000000000000 ) ;
#6945 = DIRECTION ( 'NONE',  ( 1.000000000000000000, 0.000000000000000000, 0.000000000000000000 ) ) ;
#6946 = LINE ( 'NONE', #972, #6487 ) ;
#6947 = CIRCLE ( 'NONE', #11939, 1.500000000000001332 ) ;
#6948 = AXIS2_PLACEMENT_3D ( 'NONE', #7093, #6190, #395 ) ;
#6949 = AXIS2_PLACEMENT_3D ( 'NONE', #8332, #400, #11339 ) ;
#6950 = FACE_OUTER_BOUND ( 'NONE', #5550, .T. ) ;
#6951 = FACE_OUTER_BOUND ( 'NONE', #10108, .T. ) ;
#6952 = CIRCLE ( 'NONE', #8834, 3.499999999999999556 ) ;
#6953 = EDGE_CURVE ( 'NONE', #12157, #7562, #1501, .T. ) ;
#6954 = LINE ( 'NONE', #2017, #10047 ) ;
#6955 = EDGE_CURVE ( 'NONE', #9062, #7058, #11453, .T. ) ;
#6956 = CARTESIAN_POINT ( 'NONE',  ( 49.19999999999998153, 69.95000000000000284, 6.499999999999999112 ) ) ;
#6957 = VERTEX_POINT ( 'NONE', #2530 ) ;
#6958 = FACE_OUTER_BOUND ( 'NONE', #11553, .T. ) ;
#6959 = DIRECTION ( 'NONE',  ( -0.000000000000000000, -1.000000000000000000, -0.000000000000000000 ) ) ;
#6960 = CONICAL_SURFACE ( 'NONE', #2588, 0.6999999999999992895, 0.7853981633974492782 ) ;
#6961 = AXIS2_PLACEMENT_3D ( 'NONE', #8460, #1568, #2536 ) ;
#6962 = DIRECTION ( 'NONE',  ( 0.000000000000000000, 0.000000000000000000, 1.000000000000000000 ) ) ;
#6963 = ORIENTED_EDGE ( 'NONE', *, *, #12700, .F. ) ;
#6964 = EDGE_CURVE ( 'NONE', #7503, #4446, #2414, .T. ) ;
#6965 = CIRCLE ( 'NONE', #2398, 0.5000000000000004441 ) ;
#6966 = EDGE_CURVE ( 'NONE', #8376, #2248, #9629, .T. ) ;
#6967 = EDGE_CURVE ( 'NONE', #5066, #8889, #3613, .T. ) ;
#6968 = LINE ( 'NONE', #6113, #1032 ) ;
#6969 = VERTEX_POINT ( 'NONE', #5463 ) ;
#6970 = CYLINDRICAL_SURFACE ( 'NONE', #8174, 1.500000000000001332 ) ;
#6971 = EDGE_CURVE ( 'NONE', #697, #4440, #4360, .T. ) ;
#6972 = EDGE_LOOP ( 'NONE', ( #8285, #2868, #10487, #2763 ) ) ;
#6973 = DIRECTION ( 'NONE',  ( -1.000000000000000000, 0.000000000000000000, 0.000000000000000000 ) ) ;
#6974 = ORIENTED_EDGE ( 'NONE', *, *, #7552, .F. ) ;
#6975 = FACE_OUTER_BOUND ( 'NONE', #1613, .T. ) ;
#6976 = AXIS2_PLACEMENT_3D ( 'NONE', #12097, #314, #6041 ) ;
#6977 = PLANE ( 'NONE',  #9244 ) ;
#6978 = ADVANCED_FACE ( 'NONE', ( #521 ), #6106, .F. ) ;
#6979 = CONICAL_SURFACE ( 'NONE', #9051, 0.6999999999999988454, 0.7853981633974482790 ) ;
#6980 = DIRECTION ( 'NONE',  ( 0.000000000000000000, 0.000000000000000000, -1.000000000000000000 ) ) ;
#6981 = VERTEX_POINT ( 'NONE', #9495 ) ;
#6982 = AXIS2_PLACEMENT_3D ( 'NONE', #4139, #8235, #8096 ) ;
#6983 = DIRECTION ( 'NONE',  ( -0.000000000000000000, -0.000000000000000000, -1.000000000000000000 ) ) ;
#6984 = CIRCLE ( 'NONE', #1380, 1.000000000000000888 ) ;
#6985 = CARTESIAN_POINT ( 'NONE',  ( 76.89999999999999147, 33.00749664306601261, -1.800000000000001155 ) ) ;
#6986 = ORIENTED_EDGE ( 'NONE', *, *, #5531, .T. ) ;
#6987 = DIRECTION ( 'NONE',  ( 0.000000000000000000, 0.000000000000000000, -1.000000000000000000 ) ) ;
#6988 = ORIENTED_EDGE ( 'NONE', *, *, #11103, .T. ) ;
#6989 = FACE_OUTER_BOUND ( 'NONE', #8222, .T. ) ;
#6990 = ORIENTED_EDGE ( 'NONE', *, *, #6091, .F. ) ;
#6991 = ORIENTED_EDGE ( 'NONE', *, *, #12680, .F. ) ;
#6992 = CARTESIAN_POINT ( 'NONE',  ( 72.64999999999999147, 34.25000000000000000, -4.000000000000003553 ) ) ;
#6993 = AXIS2_PLACEMENT_3D ( 'NONE', #9871, #9741, #12813 ) ;
#6994 = DIRECTION ( 'NONE',  ( 0.000000000000000000, -1.000000000000000000, 0.000000000000000000 ) ) ;
#6995 = VERTEX_POINT ( 'NONE', #10402 ) ;
#6996 = AXIS2_PLACEMENT_3D ( 'NONE', #6506, #12631, #4493 ) ;
#6997 = DIRECTION ( 'NONE',  ( 0.000000000000000000, 0.000000000000000000, -1.000000000000000000 ) ) ;
#6998 = CYLINDRICAL_SURFACE ( 'NONE', #715, 2.499999999999998668 ) ;
#6999 = DIRECTION ( 'NONE',  ( -1.299418334065024626E-16, 1.000000000000000000, 0.000000000000000000 ) ) ;
#7000 = PLANE ( 'NONE',  #10403 ) ;
#7001 = EDGE_LOOP ( 'NONE', ( #7065, #9497, #2257, #4176, #5418, #7491, #5484, #6619, #7550, #7433, #8984, #3697, #2812, #4963, #7440, #4202, #8913, #1956, #3614, #11379, #9600, #9138, #5188, #4164, #1521, #3162, #2082, #9726, #2019, #9456, #5559, #9895, #255, #2603, #9102, #8046, #2930, #7243, #312, #8979, #11556, #475, #10544, #6786, #1338, #9525, #7077, #6319, #8690, #8256, #8403, #9399, #4589, #9769, #7700, #252, #6537, #7219, #9167, #7947, #12247, #4585, #4626, #12266, #1699, #5164, #4304, #6277, #12734, #6070, #8696, #274, #1870, #7375, #1710, #8146 ) ) ;
#7002 = EDGE_LOOP ( 'NONE', ( #1020, #1987, #3448, #9486 ) ) ;
#7003 = ORIENTED_EDGE ( 'NONE', *, *, #2350, .T. ) ;
#7004 = DIRECTION ( 'NONE',  ( 0.000000000000000000, 0.000000000000000000, 1.000000000000000000 ) ) ;
#7005 = EDGE_CURVE ( 'NONE', #10285, #9349, #579, .T. ) ;
#7006 = PLANE ( 'NONE',  #11877 ) ;
#7007 = EDGE_LOOP ( 'NONE', ( #1299, #12295, #6298, #11867 ) ) ;
#7008 = CARTESIAN_POINT ( 'NONE',  ( 62.75000043999999377, 39.24999955999999912, -3.100000000000000533 ) ) ;
#7009 = DIRECTION ( 'NONE',  ( -1.000000000000000000, 0.000000000000000000, 0.000000000000000000 ) ) ;
#7010 = CARTESIAN_POINT ( 'NONE',  ( 76.25000000000000000, 31.75000000000000000, 0.000000000000000000 ) ) ;
#7011 = EDGE_CURVE ( 'NONE', #593, #4803, #2789, .T. ) ;
#7012 = DIRECTION ( 'NONE',  ( 0.000000000000000000, -1.000000000000000000, 0.000000000000000000 ) ) ;
#7013 = DIRECTION ( 'NONE',  ( 0.000000000000000000, -0.7071067811865467956, -0.7071067811865483499 ) ) ;
#7014 = LINE ( 'NONE', #8900, #4488 ) ;
#7015 = LINE ( 'NONE', #3175, #10998 ) ;
#7016 = FACE_BOUND ( 'NONE', #7090, .T. ) ;
#7017 = EDGE_CURVE ( 'NONE', #12867, #6427, #3846, .T. ) ;
#7018 = CARTESIAN_POINT ( 'NONE',  ( 29.24999999999998579, 31.75000000000000000, 4.499999999999999112 ) ) ;
#7019 = ORIENTED_EDGE ( 'NONE', *, *, #6955, .F. ) ;
#7020 = DIRECTION ( 'NONE',  ( 0.000000000000000000, 0.000000000000000000, -1.000000000000000000 ) ) ;
#7021 = CARTESIAN_POINT ( 'NONE',  ( 67.25000043999999377, 48.74999999999999289, 5.925518941756209301 ) ) ;
#7022 = CARTESIAN_POINT ( 'NONE',  ( 71.75000000000000000, 29.00000000000000000, -8.535533905932741305 ) ) ;
#7023 = EDGE_LOOP ( 'NONE', ( #12080, #2474 ) ) ;
#7024 = CIRCLE ( 'NONE', #5603, 2.899999999999999911 ) ;
#7025 = LINE ( 'NONE', #9038, #10365 ) ;
#7026 = ORIENTED_EDGE ( 'NONE', *, *, #11737, .T. ) ;
#7027 = LINE ( 'NONE', #1173, #10673 ) ;
#7028 = ADVANCED_FACE ( 'NONE', ( #5658 ), #12685, .F. ) ;
#7029 = VERTEX_POINT ( 'NONE', #9814 ) ;
#7030 = CARTESIAN_POINT ( 'NONE',  ( 76.89999999999999147, 31.50749664306601261, 2.323999333381998600 ) ) ;
#7031 = VERTEX_POINT ( 'NONE', #2730 ) ;
#7032 = DIRECTION ( 'NONE',  ( -1.000000000000000000, -0.000000000000000000, 0.000000000000000000 ) ) ;
#7033 = DIRECTION ( 'NONE',  ( -0.000000000000000000, -0.000000000000000000, 1.000000000000000000 ) ) ;
#7034 = CARTESIAN_POINT ( 'NONE',  ( 75.25000000000000000, 53.94999999999999574, 6.499999999999999112 ) ) ;
#7035 = AXIS2_PLACEMENT_3D ( 'NONE', #12834, #11845, #9632 ) ;
#7036 = EDGE_CURVE ( 'NONE', #3779, #6666, #4240, .T. ) ;
#7037 = CARTESIAN_POINT ( 'NONE',  ( 50.44999999999998153, 36.45000000000000284, 6.499999999999999112 ) ) ;
#7038 = EDGE_CURVE ( 'NONE', #6849, #12163, #11089, .T. ) ;
#7039 = ORIENTED_EDGE ( 'NONE', *, *, #3311, .T. ) ;
#7040 = LINE ( 'NONE', #2095, #2162 ) ;
#7041 = DIRECTION ( 'NONE',  ( 0.000000000000000000, -0.000000000000000000, 1.000000000000000000 ) ) ;
#7042 = EDGE_CURVE ( 'NONE', #7245, #6721, #11516, .T. ) ;
#7043 = EDGE_LOOP ( 'NONE', ( #3255, #11223, #3483, #1988, #9716, #4739, #323, #2030 ) ) ;
#7044 = DIRECTION ( 'NONE',  ( 0.000000000000000000, 0.000000000000000000, -1.000000000000000000 ) ) ;
#7045 = ORIENTED_EDGE ( 'NONE', *, *, #11415, .F. ) ;
#7046 = ADVANCED_FACE ( 'NONE', ( #781 ), #837, .F. ) ;
#7047 = CARTESIAN_POINT ( 'NONE',  ( 71.49999999999998579, 31.67905841137542922, 8.499999999999998224 ) ) ;
#7048 = ORIENTED_EDGE ( 'NONE', *, *, #6490, .F. ) ;
#7049 = VECTOR ( 'NONE', #12036, 1000.000000000000000 ) ;
#7050 = ADVANCED_FACE ( 'NONE', ( #8777 ), #11587, .F. ) ;
#7051 = ORIENTED_EDGE ( 'NONE', *, *, #3959, .F. ) ;
#7052 = CARTESIAN_POINT ( 'NONE',  ( 63.14999999999998437, 24.29999999999999361, 0.5253709514437898687 ) ) ;
#7053 = VERTEX_POINT ( 'NONE', #4615 ) ;
#7054 = FACE_OUTER_BOUND ( 'NONE', #11727, .T. ) ;
#7055 = DIRECTION ( 'NONE',  ( -0.000000000000000000, -0.000000000000000000, -1.000000000000000000 ) ) ;
#7056 = LINE ( 'NONE', #10032, #5928 ) ;
#7057 = CYLINDRICAL_SURFACE ( 'NONE', #2309, 1.500000000000001332 ) ;
#7058 = VERTEX_POINT ( 'NONE', #3776 ) ;
#7059 = ORIENTED_EDGE ( 'NONE', *, *, #674, .T. ) ;
#7060 = ORIENTED_EDGE ( 'NONE', *, *, #3401, .T. ) ;
#7061 = DIRECTION ( 'NONE',  ( 0.000000000000000000, 0.000000000000000000, 1.000000000000000000 ) ) ;
#7062 = AXIS2_PLACEMENT_3D ( 'NONE', #12180, #11133, #8326 ) ;
#7063 = CARTESIAN_POINT ( 'NONE',  ( 75.93568450505030398, 40.39100408658650565, 2.529759485663638507 ) ) ;
#7064 = VECTOR ( 'NONE', #10628, 1000.000000000000000 ) ;
#7065 = ORIENTED_EDGE ( 'NONE', *, *, #909, .F. ) ;
#7066 = DIRECTION ( 'NONE',  ( -0.000000000000000000, -1.000000000000000000, -0.000000000000000000 ) ) ;
#7067 = DIRECTION ( 'NONE',  ( -0.000000000000000000, 0.000000000000000000, 1.000000000000000000 ) ) ;
#7068 = DIRECTION ( 'NONE',  ( -0.000000000000000000, -0.000000000000000000, 1.000000000000000000 ) ) ;
#7069 = LINE ( 'NONE', #5126, #8593 ) ;
#7070 = CIRCLE ( 'NONE', #7277, 2.899999999999996358 ) ;
#7071 = DIRECTION ( 'NONE',  ( -0.000000000000000000, -0.000000000000000000, -1.000000000000000000 ) ) ;
#7072 = AXIS2_PLACEMENT_3D ( 'NONE', #5006, #3971, #11906 ) ;
#7073 = LINE ( 'NONE', #1030, #5526 ) ;
#7074 = DIRECTION ( 'NONE',  ( -1.000000000000000000, 0.000000000000000000, 0.000000000000000000 ) ) ;
#7075 = LINE ( 'NONE', #6103, #11106 ) ;
#7076 = LINE ( 'NONE', #5325, #1175 ) ;
#7077 = ORIENTED_EDGE ( 'NONE', *, *, #1402, .T. ) ;
#7078 = AXIS2_PLACEMENT_3D ( 'NONE', #2629, #5426, #484 ) ;
#7079 = LINE ( 'NONE', #5981, #12070 ) ;
#7080 = CARTESIAN_POINT ( 'NONE',  ( 73.69999999999998863, 73.69999999999998863, -4.499999999999993783 ) ) ;
#7081 = DIRECTION ( 'NONE',  ( 0.000000000000000000, 1.000000000000000000, 0.000000000000000000 ) ) ;
#7082 = EDGE_CURVE ( 'NONE', #9921, #9907, #11782, .T. ) ;
#7083 = CARTESIAN_POINT ( 'NONE',  ( 34.74999955999999202, 48.74999999999999289, -3.100000000000000533 ) ) ;
#7084 = AXIS2_PLACEMENT_3D ( 'NONE', #12008, #3085, #11019 ) ;
#7085 = FACE_OUTER_BOUND ( 'NONE', #1582, .T. ) ;
#7086 = ORIENTED_EDGE ( 'NONE', *, *, #2478, .T. ) ;
#7087 = DIRECTION ( 'NONE',  ( 0.000000000000000000, -0.000000000000000000, -1.000000000000000000 ) ) ;
#7088 = ORIENTED_EDGE ( 'NONE', *, *, #8623, .F. ) ;
#7089 = CYLINDRICAL_SURFACE ( 'NONE', #4921, 2.899999999999996358 ) ;
#7090 = EDGE_LOOP ( 'NONE', ( #4742, #9639 ) ) ;
#7091 = VECTOR ( 'NONE', #664, 1000.000000000000000 ) ;
#7092 = DIRECTION ( 'NONE',  ( 0.000000000000000000, 0.7071067811865435759, 0.7071067811865514585 ) ) ;
#7093 = CARTESIAN_POINT ( 'NONE',  ( 73.89999999999997726, 62.92200000000001836, 35.97994811066136833 ) ) ;
#7094 = CYLINDRICAL_SURFACE ( 'NONE', #2964, 1.599999999999993872 ) ;
#7095 = FACE_OUTER_BOUND ( 'NONE', #1355, .T. ) ;
#7096 = ORIENTED_EDGE ( 'NONE', *, *, #9842, .F. ) ;
#7097 = AXIS2_PLACEMENT_3D ( 'NONE', #11099, #2189, #9143 ) ;
#7098 = CARTESIAN_POINT ( 'NONE',  ( 71.88799999999999102, 69.74999999999998579, -1.600000000000000311 ) ) ;
#7099 = CIRCLE ( 'NONE', #10839, 1.500000000000001332 ) ;
#7100 = DIRECTION ( 'NONE',  ( 0.000000000000000000, -1.000000000000000000, -1.172110456741089772E-16 ) ) ;
#7101 = ORIENTED_EDGE ( 'NONE', *, *, #3874, .F. ) ;
#7102 = DIRECTION ( 'NONE',  ( -0.000000000000000000, -1.000000000000000000, -0.000000000000000000 ) ) ;
#7103 = ORIENTED_EDGE ( 'NONE', *, *, #11888, .F. ) ;
#7104 = CARTESIAN_POINT ( 'NONE',  ( 71.34900000000000375, 68.99999999999998579, -3.000000000000000000 ) ) ;
#7105 = EDGE_LOOP ( 'NONE', ( #2418, #6394, #3417, #1021 ) ) ;
#7106 = EDGE_CURVE ( 'NONE', #644, #12393, #11713, .T. ) ;
#7107 = ORIENTED_EDGE ( 'NONE', *, *, #11432, .T. ) ;
#7108 = ADVANCED_FACE ( 'NONE', ( #6765, #6829 ), #2800, .T. ) ;
#7109 = AXIS2_PLACEMENT_3D ( 'NONE', #9046, #10012, #3923 ) ;
#7110 = AXIS2_PLACEMENT_3D ( 'NONE', #5505, #6287, #2457 ) ;
#7111 = EDGE_CURVE ( 'NONE', #6934, #5077, #2866, .T. ) ;
#7112 = CARTESIAN_POINT ( 'NONE',  ( 59.69999999999997442, 36.45000000000000284, 8.499999999999998224 ) ) ;
#7113 = ORIENTED_EDGE ( 'NONE', *, *, #1148, .T. ) ;
#7114 = CARTESIAN_POINT ( 'NONE',  ( 73.14999999999999147, 48.74999999999999289, -4.000000000000003553 ) ) ;
#7115 = EDGE_CURVE ( 'NONE', #10391, #7544, #11648, .T. ) ;
#7116 = DIRECTION ( 'NONE',  ( 1.000000000000000000, -0.000000000000000000, 0.000000000000000000 ) ) ;
#7117 = DIRECTION ( 'NONE',  ( 1.000000000000000000, 0.000000000000000000, 0.000000000000000000 ) ) ;
#7118 = EDGE_CURVE ( 'NONE', #6311, #11350, #1893, .T. ) ;
#7119 = CARTESIAN_POINT ( 'NONE',  ( 76.03895576983454418, 33.00749664306601261, 0.4308100045159332647 ) ) ;
#7120 = ORIENTED_EDGE ( 'NONE', *, *, #9965, .F. ) ;
#7121 = VECTOR ( 'NONE', #330, 1000.000000000000000 ) ;
#7122 = EDGE_CURVE ( 'NONE', #5745, #5387, #6695, .T. ) ;
#7123 = VERTEX_POINT ( 'NONE', #1826 ) ;
#7124 = EDGE_CURVE ( 'NONE', #1192, #1491, #4033, .T. ) ;
#7125 = CARTESIAN_POINT ( 'NONE',  ( 53.19999999999998153, 69.95000000000000284, 8.499999999999998224 ) ) ;
#7126 = ORIENTED_EDGE ( 'NONE', *, *, #352, .T. ) ;
#7127 = ORIENTED_EDGE ( 'NONE', *, *, #5796, .F. ) ;
#7128 = CARTESIAN_POINT ( 'NONE',  ( 42.69999999999998153, 36.45000000000000284, 8.499999999999998224 ) ) ;
#7129 = PLANE ( 'NONE',  #34 ) ;
#7130 = CARTESIAN_POINT ( 'NONE',  ( 73.00000000000000000, 73.00000000000000000, -1.600000000000000311 ) ) ;
#7131 = AXIS2_PLACEMENT_3D ( 'NONE', #10530, #8385, #12367 ) ;
#7132 = LINE ( 'NONE', #9014, #467 ) ;
#7133 = AXIS2_PLACEMENT_3D ( 'NONE', #10586, #3575, #5390 ) ;
#7134 = DIRECTION ( 'NONE',  ( 0.000000000000000000, 0.000000000000000000, -1.000000000000000000 ) ) ;
#7135 = DIRECTION ( 'NONE',  ( -0.000000000000000000, 0.000000000000000000, 1.000000000000000000 ) ) ;
#7136 = FACE_BOUND ( 'NONE', #2468, .T. ) ;
#7137 = ORIENTED_EDGE ( 'NONE', *, *, #9631, .F. ) ;
#7138 = CARTESIAN_POINT ( 'NONE',  ( 50.19999999999998153, 70.95000000000000284, 8.499999999999998224 ) ) ;
#7139 = EDGE_CURVE ( 'NONE', #12542, #8032, #5850, .T. ) ;
#7140 = CIRCLE ( 'NONE', #11299, 0.7500000000000006661 ) ;
#7141 = CARTESIAN_POINT ( 'NONE',  ( 77.19999999999998863, 0.000000000000000000, 9.999999999999998224 ) ) ;
#7142 = LINE ( 'NONE', #5384, #561 ) ;
#7143 = ORIENTED_EDGE ( 'NONE', *, *, #7118, .F. ) ;
#7144 = VECTOR ( 'NONE', #1047, 1000.000000000000000 ) ;
#7145 = ORIENTED_EDGE ( 'NONE', *, *, #10070, .T. ) ;
#7146 = CARTESIAN_POINT ( 'NONE',  ( 72.75000000000000000, 72.75000000000000000, 3.404999829744057127 ) ) ;
#7147 = CARTESIAN_POINT ( 'NONE',  ( 64.95000000000000284, 24.29999999999999716, 0.5253709514437898687 ) ) ;
#7148 = ORIENTED_EDGE ( 'NONE', *, *, #5886, .F. ) ;
#7149 = DIRECTION ( 'NONE',  ( -0.000000000000000000, -0.000000000000000000, 1.000000000000000000 ) ) ;
#7150 = VECTOR ( 'NONE', #12730, 1000.000000000000000 ) ;
#7151 = CIRCLE ( 'NONE', #1543, 1.500000000000001332 ) ;
#7152 = VECTOR ( 'NONE', #11901, 1000.000000000000000 ) ;
#7153 = ORIENTED_EDGE ( 'NONE', *, *, #10300, .T. ) ;
#7154 = CARTESIAN_POINT ( 'NONE',  ( 27.34999999999999787, 48.74999999999999289, -3.100000000000000533 ) ) ;
#7155 = DIRECTION ( 'NONE',  ( -1.000000000000000000, 0.000000000000000000, 0.000000000000000000 ) ) ;
#7156 = VERTEX_POINT ( 'NONE', #11970 ) ;
#7157 = DIRECTION ( 'NONE',  ( 0.7071067811865536790, -0.7071067811865414665, 0.000000000000000000 ) ) ;
#7158 = ORIENTED_EDGE ( 'NONE', *, *, #9028, .F. ) ;
#7159 = VECTOR ( 'NONE', #272, 1000.000000000000000 ) ;
#7160 = VECTOR ( 'NONE', #9131, 1000.000000000000000 ) ;
#7161 = FACE_OUTER_BOUND ( 'NONE', #8592, .T. ) ;
#7162 = ORIENTED_EDGE ( 'NONE', *, *, #5487, .F. ) ;
#7163 = EDGE_CURVE ( 'NONE', #1578, #1498, #5002, .T. ) ;
#7164 = PLANE ( 'NONE',  #6645 ) ;
#7165 = LINE ( 'NONE', #12045, #9022 ) ;
#7166 = CIRCLE ( 'NONE', #3436, 0.7500000000000006661 ) ;
#7167 = CARTESIAN_POINT ( 'NONE',  ( 77.69999999999998863, 24.29999999999999716, -0.1746290485561876604 ) ) ;
#7168 = LINE ( 'NONE', #7942, #2316 ) ;
#7169 = ORIENTED_EDGE ( 'NONE', *, *, #2448, .T. ) ;
#7170 = PERSON_AND_ORGANIZATION_ROLE ( 'design_owner' ) ;
#7171 = LINE ( 'NONE', #11006, #180 ) ;
#7172 = VERTEX_POINT ( 'NONE', #55 ) ;
#7173 = DIRECTION ( 'NONE',  ( 0.000000000000000000, -0.000000000000000000, -1.000000000000000000 ) ) ;
#7174 = EDGE_LOOP ( 'NONE', ( #7830, #11276, #2402, #208 ) ) ;
#7175 = AXIS2_PLACEMENT_3D ( 'NONE', #3511, #7529, #7469 ) ;
#7176 = CARTESIAN_POINT ( 'NONE',  ( 73.14999999999999147, 48.74999999999999289, -3.099999999999998757 ) ) ;
#7177 = ORIENTED_EDGE ( 'NONE', *, *, #6011, .F. ) ;
#7178 = ORIENTED_EDGE ( 'NONE', *, *, #4346, .F. ) ;
#7179 = ORIENTED_EDGE ( 'NONE', *, *, #440, .T. ) ;
#7180 = LINE ( 'NONE', #279, #3962 ) ;
#7181 = VERTEX_POINT ( 'NONE', #9027 ) ;
#7182 = VECTOR ( 'NONE', #1603, 1000.000000000000000 ) ;
#7183 = DIRECTION ( 'NONE',  ( -1.000000000000000000, -1.299418334065024626E-16, 0.000000000000000000 ) ) ;
#7184 = CIRCLE ( 'NONE', #12602, 1.600000000000004086 ) ;
#7185 = CARTESIAN_POINT ( 'NONE',  ( 70.09999999999999432, 29.00000000000000000, 9.500000000000001776 ) ) ;
#7186 = ADVANCED_FACE ( 'NONE', ( #10060 ), #9088, .T. ) ;
#7187 = DIRECTION ( 'NONE',  ( 0.000000000000000000, 0.000000000000000000, 1.000000000000000000 ) ) ;
#7188 = CIRCLE ( 'NONE', #12395, 3.399999999999996803 ) ;
#7189 = CARTESIAN_POINT ( 'NONE',  ( 70.44999999999997442, 48.20000000000000995, 4.999999999999998224 ) ) ;
#7190 = ORIENTED_EDGE ( 'NONE', *, *, #367, .T. ) ;
#7191 = ORIENTED_EDGE ( 'NONE', *, *, #8551, .F. ) ;
#7192 = AXIS2_PLACEMENT_3D ( 'NONE', #10522, #4607, #9543 ) ;
#7193 = DIRECTION ( 'NONE',  ( 0.000000000000000000, 8.031127203596367580E-17, -1.000000000000000000 ) ) ;
#7194 = ORIENTED_EDGE ( 'NONE', *, *, #8470, .T. ) ;
#7195 = ORIENTED_EDGE ( 'NONE', *, *, #10447, .F. ) ;
#7196 = LINE ( 'NONE', #11227, #3869 ) ;
#7197 = DIRECTION ( 'NONE',  ( 0.000000000000000000, 0.000000000000000000, 1.000000000000000000 ) ) ;
#7198 = AXIS2_PLACEMENT_3D ( 'NONE', #4303, #12304, #8259 ) ;
#7199 = DIRECTION ( 'NONE',  ( 1.000000000000000000, 0.000000000000000000, 0.000000000000000000 ) ) ;
#7200 = FACE_OUTER_BOUND ( 'NONE', #2108, .T. ) ;
#7201 = CARTESIAN_POINT ( 'NONE',  ( 54.14999999999999147, 24.29999999999999361, 0.5253709514437873151 ) ) ;
#7202 = CARTESIAN_POINT ( 'NONE',  ( 54.14999999999999147, 24.49999999999999289, 5.999999999999996447 ) ) ;
#7203 = EDGE_CURVE ( 'NONE', #8747, #12406, #6954, .T. ) ;
#7204 = EDGE_CURVE ( 'NONE', #8348, #6647, #2070, .T. ) ;
#7205 = CARTESIAN_POINT ( 'NONE',  ( 27.75000000000000000, 29.00000000000000000, -4.500000000000000888 ) ) ;
#7206 = VECTOR ( 'NONE', #6767, 1000.000000000000000 ) ;
#7207 = ORIENTED_EDGE ( 'NONE', *, *, #890, .T. ) ;
#7208 = CARTESIAN_POINT ( 'NONE',  ( 73.69999999999998863, 73.69999999999998863, 15.00000000000000000 ) ) ;
#7209 = ADVANCED_FACE ( 'NONE', ( #7984 ), #3051, .F. ) ;
#7210 = CARTESIAN_POINT ( 'NONE',  ( 56.14999999999999147, 24.29999999999999361, 0.5253709514437902017 ) ) ;
#7211 = ADVANCED_FACE ( 'NONE', ( #10855, #7016, #2135, #4941, #10920, #5064 ), #3176, .F. ) ;
#7212 = PLANE ( 'NONE',  #2220 ) ;
#7213 = ORIENTED_EDGE ( 'NONE', *, *, #9277, .T. ) ;
#7214 = ADVANCED_FACE ( 'NONE', ( #5914 ), #118, .F. ) ;
#7215 = ORIENTED_EDGE ( 'NONE', *, *, #11981, .T. ) ;
#7216 = CARTESIAN_POINT ( 'NONE',  ( 52.64999999999999147, 24.49999999999999289, 0.5253709514437873151 ) ) ;
#7217 = DIRECTION ( 'NONE',  ( 1.000000000000000000, 0.000000000000000000, 0.000000000000000000 ) ) ;
#7218 = LINE ( 'NONE', #11185, #3186 ) ;
#7219 = ORIENTED_EDGE ( 'NONE', *, *, #2510, .T. ) ;
#7220 = DIRECTION ( 'NONE',  ( 0.7071067811865500152, 0.000000000000000000, 0.7071067811865451302 ) ) ;
#7221 = CYLINDRICAL_SURFACE ( 'NONE', #10809, 1.600000000000004086 ) ;
#7222 = VERTEX_POINT ( 'NONE', #1033 ) ;
#7223 = DIRECTION ( 'NONE',  ( 0.000000000000000000, 0.000000000000000000, -1.000000000000000000 ) ) ;
#7224 = VERTEX_POINT ( 'NONE', #8044 ) ;
#7225 = CARTESIAN_POINT ( 'NONE',  ( 48.74999999999999289, 74.64999999999997726, -4.000000000000000000 ) ) ;
#7226 = EDGE_LOOP ( 'NONE', ( #11132, #10695, #8534, #3996, #6555, #3211, #10753, #6603 ) ) ;
#7227 = FACE_OUTER_BOUND ( 'NONE', #11180, .T. ) ;
#7228 = FACE_BOUND ( 'NONE', #12354, .T. ) ;
#7229 = FACE_OUTER_BOUND ( 'NONE', #10988, .T. ) ;
#7230 = LINE ( 'NONE', #262, #11495 ) ;
#7231 = VERTEX_POINT ( 'NONE', #5978 ) ;
#7232 = DIRECTION ( 'NONE',  ( -0.000000000000000000, -1.000000000000000000, -0.000000000000000000 ) ) ;
#7233 = ORIENTED_EDGE ( 'NONE', *, *, #4580, .T. ) ;
#7234 = APPROVAL_STATUS ( 'not_yet_approved' ) ;
#7235 = EDGE_CURVE ( 'NONE', #2765, #420, #8963, .T. ) ;
#7236 = FACE_OUTER_BOUND ( 'NONE', #2781, .T. ) ;
#7237 = ORIENTED_EDGE ( 'NONE', *, *, #2792, .T. ) ;
#7238 = CARTESIAN_POINT ( 'NONE',  ( 73.25000000000000000, 25.84999999999999787, -5.000000000000000000 ) ) ;
#7239 = ORIENTED_EDGE ( 'NONE', *, *, #202, .T. ) ;
#7240 = DIRECTION ( 'NONE',  ( 1.299418334065024133E-16, -1.000000000000000000, 0.000000000000000000 ) ) ;
#7241 = ORIENTED_EDGE ( 'NONE', *, *, #5304, .F. ) ;
#7242 = VERTEX_POINT ( 'NONE', #10120 ) ;
#7243 = ORIENTED_EDGE ( 'NONE', *, *, #528, .T. ) ;
#7244 = LINE ( 'NONE', #2301, #10410 ) ;
#7245 = VERTEX_POINT ( 'NONE', #9995 ) ;
#7246 = CARTESIAN_POINT ( 'NONE',  ( 77.69999999999998863, 24.29999999999999716, -0.1746290485562084771 ) ) ;
#7247 = FACE_OUTER_BOUND ( 'NONE', #10646, .T. ) ;
#7248 = EDGE_CURVE ( 'NONE', #4038, #581, #1095, .T. ) ;
#7249 = CYLINDRICAL_SURFACE ( 'NONE', #4597, 1.500000000000001332 ) ;
#7250 = AXIS2_PLACEMENT_3D ( 'NONE', #7427, #1574, #7298 ) ;
#7251 = ORIENTED_EDGE ( 'NONE', *, *, #12101, .F. ) ;
#7252 = ORIENTED_EDGE ( 'NONE', *, *, #10700, .F. ) ;
#7253 = CARTESIAN_POINT ( 'NONE',  ( 75.25000000000000000, 54.94999999999999574, -3.500000000000000000 ) ) ;
#7254 = ORIENTED_EDGE ( 'NONE', *, *, #5302, .F. ) ;
#7255 = EDGE_LOOP ( 'NONE', ( #7178, #11280, #6212, #11406 ) ) ;
#7256 = LINE ( 'NONE', #2454, #8854 ) ;
#7257 = DIRECTION ( 'NONE',  ( -0.000000000000000000, -0.000000000000000000, 1.000000000000000000 ) ) ;
#7258 = DIRECTION ( 'NONE',  ( 1.000000000000000000, 0.000000000000000000, 0.000000000000000000 ) ) ;
#7259 = CARTESIAN_POINT ( 'NONE',  ( 76.12086532627105839, 40.21143888319518567, 0.09161370979500545186 ) ) ;
#7260 = DIRECTION ( 'NONE',  ( -1.000000000000000000, 0.000000000000000000, -0.000000000000000000 ) ) ;
#7261 = CARTESIAN_POINT ( 'NONE',  ( 39.24999955999999912, 65.75000043999999377, -4.000000000000000000 ) ) ;
#7262 = FACE_OUTER_BOUND ( 'NONE', #85, .T. ) ;
#7263 = ORIENTED_EDGE ( 'NONE', *, *, #8296, .T. ) ;
#7264 = DIRECTION ( 'NONE',  ( 1.000000000000000000, 0.000000000000000000, 0.000000000000000000 ) ) ;
#7265 = AXIS2_PLACEMENT_3D ( 'NONE', #7989, #10861, #11840 ) ;
#7266 = VECTOR ( 'NONE', #9351, 1000.000000000000000 ) ;
#7267 = EDGE_CURVE ( 'NONE', #3078, #2362, #7075, .T. ) ;
#7268 = DIRECTION ( 'NONE',  ( 0.000000000000000000, 1.000000000000000000, 0.000000000000000000 ) ) ;
#7269 = CARTESIAN_POINT ( 'NONE',  ( 76.25000000000000000, 33.29335380021172597, 0.000000000000000000 ) ) ;
#7270 = ORIENTED_EDGE ( 'NONE', *, *, #4913, .F. ) ;
#7271 = ADVANCED_FACE ( 'NONE', ( #4215 ), #5131, .F. ) ;
#7272 = EDGE_LOOP ( 'NONE', ( #4382, #11793, #6149, #10230 ) ) ;
#7273 = EDGE_CURVE ( 'NONE', #11210, #8639, #5191, .T. ) ;
#7274 = DIRECTION ( 'NONE',  ( 1.000000000000000000, -0.000000000000000000, -0.000000000000000000 ) ) ;
#7275 = CARTESIAN_POINT ( 'NONE',  ( 74.59999999999999432, 29.00000000000000000, 6.499999999999999112 ) ) ;
#7276 = FACE_OUTER_BOUND ( 'NONE', #5821, .T. ) ;
#7277 = AXIS2_PLACEMENT_3D ( 'NONE', #9164, #4228, #10199 ) ;
#7278 = AXIS2_PLACEMENT_3D ( 'NONE', #12031, #7925, #9883 ) ;
#7279 = EDGE_CURVE ( 'NONE', #10311, #1985, #1949, .T. ) ;
#7280 = ADVANCED_FACE ( 'NONE', ( #12224 ), #5383, .F. ) ;
#7281 = EDGE_CURVE ( 'NONE', #6752, #525, #7567, .T. ) ;
#7282 = EDGE_CURVE ( 'NONE', #7224, #2158, #9223, .T. ) ;
#7283 = CARTESIAN_POINT ( 'NONE',  ( 60.64999999999999147, 24.29999999999999361, -0.1746290485562093653 ) ) ;
#7284 = EDGE_CURVE ( 'NONE', #9337, #6995, #8305, .T. ) ;
#7285 = CARTESIAN_POINT ( 'NONE',  ( 73.38799999999999102, 65.71099999999999852, -4.000000000000000000 ) ) ;
#7286 = CARTESIAN_POINT ( 'NONE',  ( 76.39999999999999147, 73.00000000000000000, 9.999999999999998224 ) ) ;
#7287 = EDGE_LOOP ( 'NONE', ( #1546, #7162, #1786, #5581 ) ) ;
#7288 = DIRECTION ( 'NONE',  ( 1.299418334065024133E-16, -1.000000000000000000, 0.000000000000000000 ) ) ;
#7289 = VECTOR ( 'NONE', #11288, 1000.000000000000000 ) ;
#7290 = ORIENTED_EDGE ( 'NONE', *, *, #10529, .F. ) ;
#7291 = CARTESIAN_POINT ( 'NONE',  ( 77.69999999999998863, 40.40749664306598987, 4.823999333381999932 ) ) ;
#7292 = ORIENTED_EDGE ( 'NONE', *, *, #10665, .F. ) ;
#7293 = FACE_BOUND ( 'NONE', #10576, .T. ) ;
#7294 = DIRECTION ( 'NONE',  ( -1.000000000000000000, 0.000000000000000000, 0.000000000000000000 ) ) ;
#7295 = FACE_OUTER_BOUND ( 'NONE', #5447, .T. ) ;
#7296 = DIRECTION ( 'NONE',  ( 0.7071067811865475727, 0.7071067811865475727, 0.000000000000000000 ) ) ;
#7297 = ORIENTED_EDGE ( 'NONE', *, *, #2915, .F. ) ;
#7298 = DIRECTION ( 'NONE',  ( -1.000000000000000000, 0.000000000000000000, 0.000000000000000000 ) ) ;
#7299 = ORIENTED_EDGE ( 'NONE', *, *, #10526, .F. ) ;
#7300 = AXIS2_PLACEMENT_3D ( 'NONE', #6273, #3418, #7381 ) ;
#7301 = CARTESIAN_POINT ( 'NONE',  ( 31.89999999999999858, 73.00000000000000000, 9.499999999999991118 ) ) ;
#7302 = ORIENTED_EDGE ( 'NONE', *, *, #9356, .T. ) ;
#7303 = EDGE_CURVE ( 'NONE', #35, #8540, #504, .T. ) ;
#7304 = LINE ( 'NONE', #8412, #10691 ) ;
#7305 = ORIENTED_EDGE ( 'NONE', *, *, #4630, .T. ) ;
#7306 = ORIENTED_EDGE ( 'NONE', *, *, #1926, .F. ) ;
#7307 = EDGE_LOOP ( 'NONE', ( #1832, #4103, #11606, #5669 ) ) ;
#7308 = CARTESIAN_POINT ( 'NONE',  ( 69.79999999999999716, 30.25000000000000000, -4.000000000000003553 ) ) ;
#7309 = ORIENTED_EDGE ( 'NONE', *, *, #261, .F. ) ;
#7310 = CIRCLE ( 'NONE', #8344, 1.500000000000001332 ) ;
#7311 = AXIS2_PLACEMENT_3D ( 'NONE', #4173, #8983, #3073 ) ;
#7312 = CARTESIAN_POINT ( 'NONE',  ( 70.44999999999997442, 57.69999999999998863, 4.999999999999998224 ) ) ;
#7313 = DIRECTION ( 'NONE',  ( -1.000000000000000000, 0.000000000000000000, -0.000000000000000000 ) ) ;
#7314 = CARTESIAN_POINT ( 'NONE',  ( 69.79999999999999716, 25.75000000000000000, -4.000000000000003553 ) ) ;
#7315 = VERTEX_POINT ( 'NONE', #10187 ) ;
#7316 = ORIENTED_EDGE ( 'NONE', *, *, #8714, .F. ) ;
#7317 = VECTOR ( 'NONE', #492, 1000.000000000000000 ) ;
#7318 = DIRECTION ( 'NONE',  ( -0.000000000000000000, -0.000000000000000000, 1.000000000000000000 ) ) ;
#7319 = EDGE_LOOP ( 'NONE', ( #3424, #10340, #1614, #3081 ) ) ;
#7320 = VERTEX_POINT ( 'NONE', #1358 ) ;
#7321 = LINE ( 'NONE', #3497, #10505 ) ;
#7322 = CARTESIAN_POINT ( 'NONE',  ( 76.17314478027986979, 40.11961252561987123, 3.033148701305089290 ) ) ;
#7323 = EDGE_CURVE ( 'NONE', #1817, #11350, #11308, .T. ) ;
#7324 = CARTESIAN_POINT ( 'NONE',  ( 62.45000000000000284, 24.29999999999999361, 0.5253709514437898687 ) ) ;
#7325 = DIRECTION ( 'NONE',  ( 1.000000000000000000, -0.000000000000000000, 0.000000000000000000 ) ) ;
#7326 = DIRECTION ( 'NONE',  ( -1.000000000000000000, 0.000000000000000000, 0.000000000000000000 ) ) ;
#7327 = DIRECTION ( 'NONE',  ( -1.000000000000000000, 0.000000000000000000, 0.000000000000000000 ) ) ;
#7328 = CIRCLE ( 'NONE', #11704, 0.5000000000000004441 ) ;
#7329 = FACE_OUTER_BOUND ( 'NONE', #10169, .T. ) ;
#7330 = ORIENTED_EDGE ( 'NONE', *, *, #10492, .F. ) ;
#7331 = LINE ( 'NONE', #3308, #10805 ) ;
#7332 = CARTESIAN_POINT ( 'NONE',  ( 73.00000000000000000, 29.00000000000000000, -4.500000000000000888 ) ) ;
#7333 = DIRECTION ( 'NONE',  ( 1.000000000000000000, -0.000000000000000000, 0.000000000000000000 ) ) ;
#7334 = ORIENTED_EDGE ( 'NONE', *, *, #878, .F. ) ;
#7335 = VECTOR ( 'NONE', #8898, 1000.000000000000114 ) ;
#7336 = ORIENTED_EDGE ( 'NONE', *, *, #6953, .T. ) ;
#7337 = CARTESIAN_POINT ( 'NONE',  ( 25.74999999999999289, 54.74999999999999289, 4.600000660000000074 ) ) ;
#7338 = LINE ( 'NONE', #7410, #2191 ) ;
#7339 = CARTESIAN_POINT ( 'NONE',  ( 68.75000000000000000, 74.75000000000000000, 4.499999999999999112 ) ) ;
#7340 = EDGE_CURVE ( 'NONE', #4705, #11210, #7463, .T. ) ;
#7341 = CIRCLE ( 'NONE', #8597, 0.5000000000000004441 ) ;
#7342 = DIRECTION ( 'NONE',  ( 1.000000000000000000, 0.000000000000000000, 0.000000000000000000 ) ) ;
#7343 = EDGE_CURVE ( 'NONE', #5485, #11225, #11312, .T. ) ;
#7344 = LINE ( 'NONE', #6382, #4556 ) ;
#7345 = CIRCLE ( 'NONE', #1744, 1.500000000000001332 ) ;
#7346 = DIRECTION ( 'NONE',  ( -1.000000000000000000, 0.000000000000000000, 0.000000000000000000 ) ) ;
#7347 = ORIENTED_EDGE ( 'NONE', *, *, #2897, .T. ) ;
#7348 = CARTESIAN_POINT ( 'NONE',  ( 50.24999999999999289, 67.25000043999999377, -3.100000000000000533 ) ) ;
#7349 = EDGE_LOOP ( 'NONE', ( #6352, #11485, #2282, #1036 ) ) ;
#7350 = FACE_OUTER_BOUND ( 'NONE', #7002, .T. ) ;
#7351 = ORIENTED_EDGE ( 'NONE', *, *, #10911, .F. ) ;
#7352 = PLANE ( 'NONE',  #7062 ) ;
#7353 = DIRECTION ( 'NONE',  ( 0.000000000000000000, 0.000000000000000000, -1.000000000000000000 ) ) ;
#7354 = EDGE_CURVE ( 'NONE', #9335, #1584, #11934, .T. ) ;
#7355 = CIRCLE ( 'NONE', #4246, 3.000000000000002665 ) ;
#7356 = AXIS2_PLACEMENT_3D ( 'NONE', #6850, #12714, #2759 ) ;
#7357 = CIRCLE ( 'NONE', #83, 1.500000000000001332 ) ;
#7358 = CARTESIAN_POINT ( 'NONE',  ( 76.03895576983454418, 33.00749664306601261, 0.6999999999999992895 ) ) ;
#7359 = ADVANCED_FACE ( 'NONE', ( #2328, #6489 ), #8246, .T. ) ;
#7360 = CARTESIAN_POINT ( 'NONE',  ( 53.19999999999998153, 70.95000000000000284, 4.999999999999998224 ) ) ;
#7361 = EDGE_CURVE ( 'NONE', #9563, #11656, #9443, .T. ) ;
#7362 = ORIENTED_EDGE ( 'NONE', *, *, #9190, .T. ) ;
#7363 = CARTESIAN_POINT ( 'NONE',  ( 52.94999999999998153, 36.45000000000000284, 6.499999999999999112 ) ) ;
#7364 = EDGE_CURVE ( 'NONE', #6785, #4970, #12283, .T. ) ;
#7365 = DIRECTION ( 'NONE',  ( 1.299418334065024873E-16, -1.000000000000000000, -0.000000000000000000 ) ) ;
#7366 = VECTOR ( 'NONE', #3212, 1000.000000000000000 ) ;
#7367 = CIRCLE ( 'NONE', #11317, 1.599999999999993872 ) ;
#7368 = EDGE_LOOP ( 'NONE', ( #2698, #7145, #10622, #5642 ) ) ;
#7369 = CARTESIAN_POINT ( 'NONE',  ( 73.43999999999998352, 65.71099999999999852, -1.599999999999997202 ) ) ;
#7370 = VERTEX_POINT ( 'NONE', #11239 ) ;
#7371 = FACE_OUTER_BOUND ( 'NONE', #10952, .T. ) ;
#7372 = VERTEX_POINT ( 'NONE', #10256 ) ;
#7373 = VECTOR ( 'NONE', #4249, 1000.000000000000000 ) ;
#7374 = ADVANCED_FACE ( 'NONE', ( #3444 ), #3844, .T. ) ;
#7375 = ORIENTED_EDGE ( 'NONE', *, *, #1643, .T. ) ;
#7376 = ORIENTED_EDGE ( 'NONE', *, *, #8364, .T. ) ;
#7377 = CARTESIAN_POINT ( 'NONE',  ( 65.75000043999999377, 39.24999955999999912, -4.000000000000000000 ) ) ;
#7378 = ORIENTED_EDGE ( 'NONE', *, *, #1450, .T. ) ;
#7379 = VECTOR ( 'NONE', #6536, 1000.000000000000000 ) ;
#7380 = VECTOR ( 'NONE', #8086, 1000.000000000000000 ) ;
#7381 = DIRECTION ( 'NONE',  ( 0.000000000000000000, 0.000000000000000000, -1.000000000000000000 ) ) ;
#7382 = FACE_OUTER_BOUND ( 'NONE', #11795, .T. ) ;
#7383 = CIRCLE ( 'NONE', #1570, 3.399999999999996803 ) ;
#7384 = CYLINDRICAL_SURFACE ( 'NONE', #223, 0.5000000000000004441 ) ;
#7385 = ORIENTED_EDGE ( 'NONE', *, *, #6894, .T. ) ;
#7386 = EDGE_LOOP ( 'NONE', ( #2554, #6261, #7570, #539 ) ) ;
#7387 = CIRCLE ( 'NONE', #10717, 1.600000000000000755 ) ;
#7388 = LINE ( 'NONE', #11224, #3399 ) ;
#7389 = ORIENTED_EDGE ( 'NONE', *, *, #6421, .T. ) ;
#7390 = EDGE_CURVE ( 'NONE', #11650, #2938, #1484, .T. ) ;
#7391 = VERTEX_POINT ( 'NONE', #4538 ) ;
#7392 = LINE ( 'NONE', #4277, #11134 ) ;
#7393 = DIRECTION ( 'NONE',  ( 0.000000000000000000, 0.000000000000000000, 1.000000000000000000 ) ) ;
#7394 = DIRECTION ( 'NONE',  ( -3.700743415417189619E-16, 1.000000000000000000, 0.000000000000000000 ) ) ;
#7395 = VECTOR ( 'NONE', #10039, 1000.000000000000000 ) ;
#7396 = CARTESIAN_POINT ( 'NONE',  ( 25.74999999999998934, 34.25000000000000000, -3.500000000000000000 ) ) ;
#7397 = CYLINDRICAL_SURFACE ( 'NONE', #10246, 2.899999999999996358 ) ;
#7398 = AXIS2_PLACEMENT_3D ( 'NONE', #4692, #9617, #2596 ) ;
#7399 = DIRECTION ( 'NONE',  ( 0.000000000000000000, -1.000000000000000000, 0.000000000000000000 ) ) ;
#7400 = CARTESIAN_POINT ( 'NONE',  ( 62.75000043999999377, 39.24999955999999912, -3.100000000000000533 ) ) ;
#7401 = AXIS2_PLACEMENT_3D ( 'NONE', #5123, #10244, #3099 ) ;
#7402 = EDGE_LOOP ( 'NONE', ( #10676, #9394, #321, #1305 ) ) ;
#7403 = EDGE_CURVE ( 'NONE', #5965, #10549, #12482, .T. ) ;
#7404 = VECTOR ( 'NONE', #1755, 1000.000000000000000 ) ;
#7405 = DIRECTION ( 'NONE',  ( 0.000000000000000000, 0.000000000000000000, -1.000000000000000000 ) ) ;
#7406 = PLANE ( 'NONE',  #5240 ) ;
#7407 = ORIENTED_EDGE ( 'NONE', *, *, #4976, .T. ) ;
#7408 = ORIENTED_EDGE ( 'NONE', *, *, #4423, .F. ) ;
#7409 = CARTESIAN_POINT ( 'NONE',  ( 42.69999999999998863, 68.45000000000000284, 4.999999999999998224 ) ) ;
#7410 = CARTESIAN_POINT ( 'NONE',  ( 70.54999999999999716, 69.74999999999998579, -4.000000000000003553 ) ) ;
#7411 = PLANE ( 'NONE',  #11290 ) ;
#7412 = VECTOR ( 'NONE', #10921, 1000.000000000000000 ) ;
#7413 = EDGE_CURVE ( 'NONE', #1264, #4590, #9015, .T. ) ;
#7414 = ORIENTED_EDGE ( 'NONE', *, *, #1148, .F. ) ;
#7415 = ADVANCED_FACE ( 'NONE', ( #10328 ), #1423, .T. ) ;
#7416 = CARTESIAN_POINT ( 'NONE',  ( 65.75000043999999377, 51.75000000000000000, -3.100000000000000533 ) ) ;
#7417 = CARTESIAN_POINT ( 'NONE',  ( 27.40000000000000924, 29.00000000000000000, 6.499999999999999112 ) ) ;
#7418 = LINE ( 'NONE', #6505, #8587 ) ;
#7419 = DIRECTION ( 'NONE',  ( 1.000000000000000000, 0.000000000000000000, 0.000000000000000000 ) ) ;
#7420 = EDGE_LOOP ( 'NONE', ( #3265, #5683, #716, #276 ) ) ;
#7421 = LINE ( 'NONE', #9172, #626 ) ;
#7422 = FACE_OUTER_BOUND ( 'NONE', #2630, .T. ) ;
#7423 = DIRECTION ( 'NONE',  ( 0.000000000000000000, -0.000000000000000000, 1.000000000000000000 ) ) ;
#7424 = DIRECTION ( 'NONE',  ( -1.299418334065024626E-16, 1.000000000000000000, 0.000000000000000000 ) ) ;
#7425 = ORIENTED_EDGE ( 'NONE', *, *, #493, .F. ) ;
#7426 = EDGE_CURVE ( 'NONE', #3975, #4845, #3700, .T. ) ;
#7427 = CARTESIAN_POINT ( 'NONE',  ( 49.19999999999998153, 70.95000000000000284, 8.499999999999998224 ) ) ;
#7428 = ORIENTED_EDGE ( 'NONE', *, *, #11824, .F. ) ;
#7429 = DIRECTION ( 'NONE',  ( 0.000000000000000000, 0.000000000000000000, 1.000000000000000000 ) ) ;
#7430 = ORIENTED_EDGE ( 'NONE', *, *, #2259, .F. ) ;
#7431 = CARTESIAN_POINT ( 'NONE',  ( 73.00000000000000000, 73.00000000000000000, 9.500000000000001776 ) ) ;
#7432 = ORIENTED_EDGE ( 'NONE', *, *, #1397, .F. ) ;
#7433 = ORIENTED_EDGE ( 'NONE', *, *, #4172, .T. ) ;
#7434 = VERTEX_POINT ( 'NONE', #1673 ) ;
#7435 = EDGE_CURVE ( 'NONE', #355, #8713, #5644, .T. ) ;
#7436 = EDGE_CURVE ( 'NONE', #4183, #11412, #5493, .T. ) ;
#7437 = CYLINDRICAL_SURFACE ( 'NONE', #7478, 3.000000000000002665 ) ;
#7438 = ORIENTED_EDGE ( 'NONE', *, *, #841, .T. ) ;
#7439 = DIRECTION ( 'NONE',  ( -1.000000000000000000, 0.000000000000000000, 0.000000000000000000 ) ) ;
#7440 = ORIENTED_EDGE ( 'NONE', *, *, #11017, .F. ) ;
#7441 = DIRECTION ( 'NONE',  ( 0.000000000000000000, -0.000000000000000000, 1.000000000000000000 ) ) ;
#7442 = ADVANCED_FACE ( 'NONE', ( #10780 ), #1128, .F. ) ;
#7443 = EDGE_CURVE ( 'NONE', #4446, #1285, #9604, .T. ) ;
#7444 = CARTESIAN_POINT ( 'NONE',  ( 43.19999999999998863, 68.45000000000000284, 4.999999999999998224 ) ) ;
#7445 = EDGE_CURVE ( 'NONE', #215, #11608, #11573, .T. ) ;
#7446 = ADVANCED_FACE ( 'NONE', ( #5775 ), #1752, .F. ) ;
#7447 = EDGE_LOOP ( 'NONE', ( #1455, #8527, #10759, #271 ) ) ;
#7448 = EDGE_CURVE ( 'NONE', #1225, #4160, #9676, .T. ) ;
#7449 = ORIENTED_EDGE ( 'NONE', *, *, #9153, .F. ) ;
#7450 = LINE ( 'NONE', #10433, #12749 ) ;
#7451 = ORIENTED_EDGE ( 'NONE', *, *, #12587, .T. ) ;
#7452 = ORIENTED_EDGE ( 'NONE', *, *, #5746, .F. ) ;
#7453 = CARTESIAN_POINT ( 'NONE',  ( 58.14999999999999147, 24.29998799999999548, 5.999999999999999112 ) ) ;
#7454 = CARTESIAN_POINT ( 'NONE',  ( 43.19999999999998863, 68.45000000000000284, 8.499999999999998224 ) ) ;
#7455 = EDGE_CURVE ( 'NONE', #1810, #8810, #1872, .T. ) ;
#7456 = DIRECTION ( 'NONE',  ( 1.000000000000000000, 0.000000000000000000, 0.000000000000000000 ) ) ;
#7457 = FACE_OUTER_BOUND ( 'NONE', #7966, .T. ) ;
#7458 = DIRECTION ( 'NONE',  ( -0.000000000000000000, -0.000000000000000000, 1.000000000000000000 ) ) ;
#7459 = VECTOR ( 'NONE', #8665, 1000.000000000000000 ) ;
#7460 = DIRECTION ( 'NONE',  ( -1.000000000000000000, 0.000000000000000000, 0.000000000000000000 ) ) ;
#7461 = CARTESIAN_POINT ( 'NONE',  ( 64.25000043999999377, 64.25000043999999377, -1.500000000000000000 ) ) ;
#7462 = ORIENTED_EDGE ( 'NONE', *, *, #569, .F. ) ;
#7463 = LINE ( 'NONE', #568, #9855 ) ;
#7464 = CARTESIAN_POINT ( 'NONE',  ( 72.44999999999997442, 54.94999999999999574, 8.499999999999998224 ) ) ;
#7465 = VERTEX_POINT ( 'NONE', #2647 ) ;
#7466 = AXIS2_PLACEMENT_3D ( 'NONE', #7285, #385, #9237 ) ;
#7467 = ORIENTED_EDGE ( 'NONE', *, *, #11789, .T. ) ;
#7468 = CARTESIAN_POINT ( 'NONE',  ( 53.64999999999999147, 24.29999999999999361, 6.699999999999995737 ) ) ;
#7469 = DIRECTION ( 'NONE',  ( 1.000000000000000000, 0.000000000000000000, 0.000000000000000000 ) ) ;
#7470 = DIRECTION ( 'NONE',  ( -0.000000000000000000, 0.000000000000000000, -1.000000000000000000 ) ) ;
#7471 = VECTOR ( 'NONE', #7264, 1000.000000000000000 ) ;
#7472 = CARTESIAN_POINT ( 'NONE',  ( 53.64999999999999147, 25.75000000000000000, 5.999999999999996447 ) ) ;
#7473 = DIRECTION ( 'NONE',  ( 1.000000000000000000, 0.000000000000000000, 0.000000000000000000 ) ) ;
#7474 = CARTESIAN_POINT ( 'NONE',  ( 65.64999999999999147, 24.29998799999999548, 0.5253709514437898687 ) ) ;
#7475 = CARTESIAN_POINT ( 'NONE',  ( 28.85000000000000497, 51.75000000000000000, -4.000000000000000000 ) ) ;
#7476 = DIRECTION ( 'NONE',  ( 1.000000000000000000, -0.000000000000000000, -0.000000000000000000 ) ) ;
#7477 = ORIENTED_EDGE ( 'NONE', *, *, #9031, .T. ) ;
#7478 = AXIS2_PLACEMENT_3D ( 'NONE', #5557, #9515, #9457 ) ;
#7479 = DIRECTION ( 'NONE',  ( 0.000000000000000000, 0.000000000000000000, -1.000000000000000000 ) ) ;
#7480 = DIRECTION ( 'NONE',  ( 1.000000000000000000, 0.000000000000000000, 0.000000000000000000 ) ) ;
#7481 = VECTOR ( 'NONE', #3332, 1000.000000000000000 ) ;
#7482 = DIRECTION ( 'NONE',  ( 1.000000000000000000, 1.299418334065024873E-16, -0.000000000000000000 ) ) ;
#7483 = EDGE_CURVE ( 'NONE', #4348, #8604, #10647, .T. ) ;
#7484 = ORIENTED_EDGE ( 'NONE', *, *, #6491, .F. ) ;
#7485 = VECTOR ( 'NONE', #10511, 1000.000000000000000 ) ;
#7486 = LINE ( 'NONE', #3473, #6626 ) ;
#7487 = ORIENTED_EDGE ( 'NONE', *, *, #7736, .T. ) ;
#7488 = CARTESIAN_POINT ( 'NONE',  ( 54.14999999999999147, 24.49999999999999289, 0.02537095144378743658 ) ) ;
#7489 = ORIENTED_EDGE ( 'NONE', *, *, #10700, .T. ) ;
#7490 = DIRECTION ( 'NONE',  ( 1.000000000000000000, 1.299418334065024133E-16, -0.000000000000000000 ) ) ;
#7491 = ORIENTED_EDGE ( 'NONE', *, *, #3705, .T. ) ;
#7492 = ORIENTED_EDGE ( 'NONE', *, *, #11012, .F. ) ;
#7493 = ORIENTED_EDGE ( 'NONE', *, *, #1397, .T. ) ;
#7494 = PLANE ( 'NONE',  #5824 ) ;
#7495 = CONICAL_SURFACE ( 'NONE', #7078, 0.6999999999999992895, 0.7853981633974492782 ) ;
#7496 = ORIENTED_EDGE ( 'NONE', *, *, #11349, .T. ) ;
#7497 = DIRECTION ( 'NONE',  ( -0.7071067811865451302, 8.659560562354904508E-17, 0.7071067811865500152 ) ) ;
#7498 = ORIENTED_EDGE ( 'NONE', *, *, #8714, .T. ) ;
#7499 = CARTESIAN_POINT ( 'NONE',  ( 61.14999999999999147, 25.75000000000000000, 0.02537095144379032663 ) ) ;
#7500 = VECTOR ( 'NONE', #4901, 1000.000000000000000 ) ;
#7501 = DIRECTION ( 'NONE',  ( 0.000000000000000000, 0.000000000000000000, -1.000000000000000000 ) ) ;
#7502 = CC_DESIGN_DATE_AND_TIME_ASSIGNMENT ( #6776, #11659, ( #3468 ) ) ;
#7503 = VERTEX_POINT ( 'NONE', #5712 ) ;
#7504 = EDGE_CURVE ( 'NONE', #332, #1008, #11766, .T. ) ;
#7505 = ORIENTED_EDGE ( 'NONE', *, *, #3200, .T. ) ;
#7506 = DIRECTION ( 'NONE',  ( -0.000000000000000000, -0.000000000000000000, 1.000000000000000000 ) ) ;
#7507 = ORIENTED_EDGE ( 'NONE', *, *, #3058, .F. ) ;
#7508 = ORIENTED_EDGE ( 'NONE', *, *, #6724, .T. ) ;
#7509 = FACE_OUTER_BOUND ( 'NONE', #12451, .T. ) ;
#7510 = PLANE ( 'NONE',  #4616 ) ;
#7511 = DIRECTION ( 'NONE',  ( 1.299418334065024873E-16, -1.000000000000000000, -0.000000000000000000 ) ) ;
#7512 = LINE ( 'NONE', #11490, #10436 ) ;
#7513 = EDGE_CURVE ( 'NONE', #12542, #9075, #4801, .T. ) ;
#7514 = CARTESIAN_POINT ( 'NONE',  ( 71.44999999999997442, 51.44999999999999574, 4.999999999999998224 ) ) ;
#7515 = EDGE_CURVE ( 'NONE', #8376, #11461, #1611, .T. ) ;
#7516 = CARTESIAN_POINT ( 'NONE',  ( 56.64999999999999147, 25.75000000000000000, -3.500000000000000000 ) ) ;
#7517 = EDGE_CURVE ( 'NONE', #6557, #9839, #7784, .T. ) ;
#7518 = ADVANCED_FACE ( 'NONE', ( #5578 ), #9539, .F. ) ;
#7519 = CARTESIAN_POINT ( 'NONE',  ( 70.09999999999999432, 73.00000000000000000, 9.500000000000001776 ) ) ;
#7520 = AXIS2_PLACEMENT_3D ( 'NONE', #694, #10580, #7591 ) ;
#7521 = EDGE_LOOP ( 'NONE', ( #8780, #1518, #2617, #1840, #226, #4952, #11635, #9037 ) ) ;
#7522 = AXIS2_PLACEMENT_3D ( 'NONE', #7360, #5974, #2791 ) ;
#7523 = CARTESIAN_POINT ( 'NONE',  ( 25.74999999999999645, 67.25000000000000000, 4.499999999999999112 ) ) ;
#7524 = CARTESIAN_POINT ( 'NONE',  ( 61.14999999999999147, 25.75000000000000000, 5.999999999999999112 ) ) ;
#7525 = VERTEX_POINT ( 'NONE', #8693 ) ;
#7526 = EDGE_CURVE ( 'NONE', #3982, #4803, #6815, .T. ) ;
#7527 = ORIENTED_EDGE ( 'NONE', *, *, #10712, .T. ) ;
#7528 = CARTESIAN_POINT ( 'NONE',  ( 24.80000000000000426, 73.69999999999998863, 9.999999999999998224 ) ) ;
#7529 = DIRECTION ( 'NONE',  ( 0.000000000000000000, 0.000000000000000000, 1.000000000000000000 ) ) ;
#7530 = AXIS2_PLACEMENT_3D ( 'NONE', #4995, #8954, #11038 ) ;
#7531 = DIRECTION ( 'NONE',  ( -0.000000000000000000, -0.000000000000000000, -1.000000000000000000 ) ) ;
#7532 = ADVANCED_FACE ( 'NONE', ( #3763 ), #629, .F. ) ;
#7533 = DIRECTION ( 'NONE',  ( 1.000000000000000000, 0.000000000000000000, 0.000000000000000000 ) ) ;
#7534 = CARTESIAN_POINT ( 'NONE',  ( 75.25000000000000000, 51.44999999999999574, 6.499999999999999112 ) ) ;
#7535 = DIRECTION ( 'NONE',  ( 1.000000000000000000, 0.000000000000000000, 0.000000000000000000 ) ) ;
#7536 = VECTOR ( 'NONE', #2423, 1000.000000000000000 ) ;
#7537 = LINE ( 'NONE', #9433, #1961 ) ;
#7538 = FACE_OUTER_BOUND ( 'NONE', #10171, .T. ) ;
#7539 = ORIENTED_EDGE ( 'NONE', *, *, #10602, .F. ) ;
#7540 = DIRECTION ( 'NONE',  ( 0.000000000000000000, 0.000000000000000000, 1.000000000000000000 ) ) ;
#7541 = CARTESIAN_POINT ( 'NONE',  ( 64.34999999999996589, 24.29999999999999361, 0.5253709514437902017 ) ) ;
#7542 = ORIENTED_EDGE ( 'NONE', *, *, #1712, .F. ) ;
#7543 = CARTESIAN_POINT ( 'NONE',  ( 72.63799999999999102, 66.46100000000001273, -3.000000000000000000 ) ) ;
#7544 = VERTEX_POINT ( 'NONE', #7523 ) ;
#7545 = VECTOR ( 'NONE', #9685, 1000.000000000000114 ) ;
#7546 = VERTEX_POINT ( 'NONE', #4603 ) ;
#7547 = AXIS2_PLACEMENT_3D ( 'NONE', #9042, #11059, #12039 ) ;
#7548 = LINE ( 'NONE', #11658, #3261 ) ;
#7549 = LINE ( 'NONE', #9445, #12654 ) ;
#7550 = ORIENTED_EDGE ( 'NONE', *, *, #10211, .T. ) ;
#7551 = CARTESIAN_POINT ( 'NONE',  ( 51.75000000000000000, 73.14999999999997726, -4.000000000000000000 ) ) ;
#7552 = EDGE_CURVE ( 'NONE', #5016, #10968, #7590, .T. ) ;
#7553 = ORIENTED_EDGE ( 'NONE', *, *, #1417, .T. ) ;
#7554 = CARTESIAN_POINT ( 'NONE',  ( 53.25000000000000000, 67.25000043999999377, -3.100000000000000533 ) ) ;
#7555 = ORIENTED_EDGE ( 'NONE', *, *, #8867, .F. ) ;
#7556 = ORIENTED_EDGE ( 'NONE', *, *, #4339, .T. ) ;
#7557 = CIRCLE ( 'NONE', #12343, 1.500000000000001332 ) ;
#7558 = ORIENTED_EDGE ( 'NONE', *, *, #2668, .T. ) ;
#7559 = CARTESIAN_POINT ( 'NONE',  ( 32.24999999999998579, 72.64999999999997726, -1.600000000000000311 ) ) ;
#7560 = VERTEX_POINT ( 'NONE', #6155 ) ;
#7561 = CARTESIAN_POINT ( 'NONE',  ( 74.75000000000000000, 43.44999999999998863, -3.500000000000000000 ) ) ;
#7562 = VERTEX_POINT ( 'NONE', #10906 ) ;
#7563 = VECTOR ( 'NONE', #11932, 1000.000000000000000 ) ;
#7564 = DIRECTION ( 'NONE',  ( 0.000000000000000000, 1.172110456741090019E-16, -1.000000000000000000 ) ) ;
#7565 = VECTOR ( 'NONE', #10150, 1000.000000000000000 ) ;
#7566 = CARTESIAN_POINT ( 'NONE',  ( 64.14999999999999147, 24.49999999999996803, 0.5253709514437902017 ) ) ;
#7567 = CIRCLE ( 'NONE', #10259, 1.250000000000001110 ) ;
#7568 = ORIENTED_EDGE ( 'NONE', *, *, #7504, .T. ) ;
#7569 = DIRECTION ( 'NONE',  ( 0.000000000000000000, 0.7071067811865489050, 0.7071067811865462405 ) ) ;
#7570 = ORIENTED_EDGE ( 'NONE', *, *, #2844, .F. ) ;
#7571 = DIRECTION ( 'NONE',  ( -1.000000000000000000, 0.000000000000000000, 0.000000000000000000 ) ) ;
#7572 = ORIENTED_EDGE ( 'NONE', *, *, #3304, .F. ) ;
#7573 = ORIENTED_EDGE ( 'NONE', *, *, #11621, .T. ) ;
#7574 = DIRECTION ( 'NONE',  ( -1.000000000000000000, -1.299418334065024626E-16, 0.000000000000000000 ) ) ;
#7575 = VECTOR ( 'NONE', #3611, 1000.000000000000000 ) ;
#7576 = AXIS2_PLACEMENT_3D ( 'NONE', #4110, #9248, #11135 ) ;
#7577 = CC_DESIGN_APPROVAL ( #9216, ( #8408 ) ) ;
#7578 = CARTESIAN_POINT ( 'NONE',  ( 73.69999999999998863, 77.69999999999998863, 9.500000000000005329 ) ) ;
#7579 = DIRECTION ( 'NONE',  ( 1.000000000000000000, 0.000000000000000000, 0.000000000000000000 ) ) ;
#7580 = CIRCLE ( 'NONE', #9249, 1.500000000000000000 ) ;
#7581 = CARTESIAN_POINT ( 'NONE',  ( 51.94999999999998153, 35.45000000000000284, 8.499999999999998224 ) ) ;
#7582 = DIRECTION ( 'NONE',  ( 0.000000000000000000, 0.000000000000000000, 1.000000000000000000 ) ) ;
#7583 = LINE ( 'NONE', #3890, #1990 ) ;
#7584 = DIRECTION ( 'NONE',  ( 1.000000000000000000, 0.000000000000000000, 0.000000000000000000 ) ) ;
#7585 = AXIS2_PLACEMENT_3D ( 'NONE', #461, #4621, #7480 ) ;
#7586 = VERTEX_POINT ( 'NONE', #4929 ) ;
#7587 = ADVANCED_FACE ( 'NONE', ( #2001 ), #7967, .F. ) ;
#7588 = ORIENTED_EDGE ( 'NONE', *, *, #1223, .T. ) ;
#7589 = EDGE_LOOP ( 'NONE', ( #4248, #10353, #8564, #8931 ) ) ;
#7590 = LINE ( 'NONE', #7128, #12809 ) ;
#7591 = DIRECTION ( 'NONE',  ( -1.000000000000000000, 0.000000000000000000, 0.000000000000000000 ) ) ;
#7592 = VERTEX_POINT ( 'NONE', #9923 ) ;
#7593 = ORIENTED_EDGE ( 'NONE', *, *, #7825, .F. ) ;
#7594 = DIRECTION ( 'NONE',  ( -1.299418334065024873E-16, 1.000000000000000000, 0.000000000000000000 ) ) ;
#7595 = CARTESIAN_POINT ( 'NONE',  ( 50.24999999999999289, 73.14999999999997726, -4.000000000000000000 ) ) ;
#7596 = EDGE_CURVE ( 'NONE', #692, #7958, #7184, .T. ) ;
#7597 = CARTESIAN_POINT ( 'NONE',  ( 66.64999999999999147, 24.49999999999997513, 5.999999999999999112 ) ) ;
#7598 = EDGE_CURVE ( 'NONE', #9338, #7560, #12081, .T. ) ;
#7599 = AXIS2_PLACEMENT_3D ( 'NONE', #2252, #2190, #7199 ) ;
#7600 = CIRCLE ( 'NONE', #5523, 0.4999999999999995559 ) ;
#7601 = EDGE_CURVE ( 'NONE', #1421, #5556, #7600, .T. ) ;
#7602 = CARTESIAN_POINT ( 'NONE',  ( 34.24999999999998579, 25.75000000000000000, 4.499999999999999112 ) ) ;
#7603 = CARTESIAN_POINT ( 'NONE',  ( 62.64999999999998437, 24.49999999999997158, 6.499999999999999112 ) ) ;
#7604 = EDGE_CURVE ( 'NONE', #11256, #11187, #9474, .T. ) ;
#7605 = EDGE_CURVE ( 'NONE', #4831, #2674, #5896, .T. ) ;
#7606 = LINE ( 'NONE', #455, #1789 ) ;
#7607 = DIRECTION ( 'NONE',  ( -1.299418334065024873E-16, 1.000000000000000000, 0.000000000000000000 ) ) ;
#7608 = AXIS2_PLACEMENT_3D ( 'NONE', #6685, #10584, #11444 ) ;
#7609 = DIRECTION ( 'NONE',  ( 1.299418334065024873E-16, -1.000000000000000000, -0.000000000000000000 ) ) ;
#7610 = ORIENTED_EDGE ( 'NONE', *, *, #3601, .F. ) ;
#7611 = DIRECTION ( 'NONE',  ( 1.000000000000000000, -0.000000000000000000, -0.000000000000000000 ) ) ;
#7612 = CIRCLE ( 'NONE', #10514, 0.4999999999999995559 ) ;
#7613 = CARTESIAN_POINT ( 'NONE',  ( 43.19999999999998863, 69.45000000000000284, 8.499999999999998224 ) ) ;
#7614 = AXIS2_PLACEMENT_3D ( 'NONE', #1298, #4166, #12371 ) ;
#7615 = ORIENTED_EDGE ( 'NONE', *, *, #5141, .T. ) ;
#7616 = DIRECTION ( 'NONE',  ( -1.299418334065024873E-16, 1.000000000000000000, 0.000000000000000000 ) ) ;
#7617 = ORIENTED_EDGE ( 'NONE', *, *, #7248, .F. ) ;
#7618 = DIRECTION ( 'NONE',  ( -0.000000000000000000, -0.000000000000000000, -1.000000000000000000 ) ) ;
#7619 = CARTESIAN_POINT ( 'NONE',  ( 24.30000000000000426, 54.74999999999999289, 2.100000659999999630 ) ) ;
#7620 = VERTEX_POINT ( 'NONE', #4136 ) ;
#7621 = DIRECTION ( 'NONE',  ( 1.000000000000000000, 0.000000000000000000, -0.000000000000000000 ) ) ;
#7622 = ORIENTED_EDGE ( 'NONE', *, *, #12421, .F. ) ;
#7623 = FACE_OUTER_BOUND ( 'NONE', #4519, .T. ) ;
#7624 = ORIENTED_EDGE ( 'NONE', *, *, #6712, .T. ) ;
#7625 = VERTEX_POINT ( 'NONE', #5967 ) ;
#7626 = ORIENTED_EDGE ( 'NONE', *, *, #801, .T. ) ;
#7627 = ORIENTED_EDGE ( 'NONE', *, *, #1082, .F. ) ;
#7628 = ORIENTED_EDGE ( 'NONE', *, *, #1739, .T. ) ;
#7629 = LINE ( 'NONE', #5617, #7500 ) ;
#7630 = EDGE_LOOP ( 'NONE', ( #8157, #4326, #263, #10754 ) ) ;
#7631 = DIRECTION ( 'NONE',  ( -0.000000000000000000, -0.000000000000000000, 1.000000000000000000 ) ) ;
#7632 = LINE ( 'NONE', #5814, #10829 ) ;
#7633 = ORIENTED_EDGE ( 'NONE', *, *, #200, .T. ) ;
#7634 = DIRECTION ( 'NONE',  ( -0.000000000000000000, -1.000000000000000000, -0.000000000000000000 ) ) ;
#7635 = EDGE_LOOP ( 'NONE', ( #5103, #5833, #6574, #10038, #2237, #4059, #11083, #9297 ) ) ;
#7636 = LINE ( 'NONE', #5687, #7379 ) ;
#7637 = ORIENTED_EDGE ( 'NONE', *, *, #11349, .F. ) ;
#7638 = ORIENTED_EDGE ( 'NONE', *, *, #9680, .F. ) ;
#7639 = CYLINDRICAL_SURFACE ( 'NONE', #8650, 1.500000000000001332 ) ;
#7640 = DIRECTION ( 'NONE',  ( -0.000000000000000000, -0.000000000000000000, -1.000000000000000000 ) ) ;
#7641 = CARTESIAN_POINT ( 'NONE',  ( 55.64999999999999147, 25.75000000000000000, 0.5253709514437898687 ) ) ;
#7642 = CYLINDRICAL_SURFACE ( 'NONE', #1959, 1.000000000000000888 ) ;
#7643 = EDGE_CURVE ( 'NONE', #7880, #11861, #2058, .T. ) ;
#7644 = DIRECTION ( 'NONE',  ( -1.000000000000000000, 0.000000000000000000, 0.000000000000000000 ) ) ;
#7645 = LINE ( 'NONE', #11627, #10705 ) ;
#7646 = DIRECTION ( 'NONE',  ( 0.000000000000000000, 0.000000000000000000, 1.000000000000000000 ) ) ;
#7647 = EDGE_LOOP ( 'NONE', ( #11853, #7191, #2988, #647 ) ) ;
#7648 = ORIENTED_EDGE ( 'NONE', *, *, #5508, .F. ) ;
#7649 = ORIENTED_EDGE ( 'NONE', *, *, #3074, .F. ) ;
#7650 = DIRECTION ( 'NONE',  ( -1.000000000000000000, 0.000000000000000000, 0.000000000000000000 ) ) ;
#7651 = CARTESIAN_POINT ( 'NONE',  ( 24.30000000000000426, 47.54999999999999716, 4.600000660000000963 ) ) ;
#7652 = ORIENTED_EDGE ( 'NONE', *, *, #404, .F. ) ;
#7653 = ORIENTED_EDGE ( 'NONE', *, *, #3130, .F. ) ;
#7654 = LINE ( 'NONE', #4682, #10512 ) ;
#7655 = CARTESIAN_POINT ( 'NONE',  ( 76.05210596859700445, 33.02048443341161743, 2.507369692221986579 ) ) ;
#7656 = VECTOR ( 'NONE', #6453, 1000.000000000000000 ) ;
#7657 = CARTESIAN_POINT ( 'NONE',  ( 73.25000000000000000, 73.25000000000000000, -1.600000000000000755 ) ) ;
#7658 = FACE_OUTER_BOUND ( 'NONE', #11161, .T. ) ;
#7659 = ADVANCED_FACE ( 'NONE', ( #6022 ), #38, .F. ) ;
#7660 = LINE ( 'NONE', #9749, #10345 ) ;
#7661 = FACE_OUTER_BOUND ( 'NONE', #6903, .T. ) ;
#7662 = CIRCLE ( 'NONE', #6847, 1.000000000000000888 ) ;
#7663 = EDGE_CURVE ( 'NONE', #10489, #12237, #6984, .T. ) ;
#7664 = DIRECTION ( 'NONE',  ( -1.000000000000000000, 0.000000000000000000, 0.000000000000000000 ) ) ;
#7665 = CARTESIAN_POINT ( 'NONE',  ( 75.25000000000000000, 54.94999999999999574, 8.499999999999998224 ) ) ;
#7666 = EDGE_CURVE ( 'NONE', #7699, #5442, #12808, .T. ) ;
#7667 = CARTESIAN_POINT ( 'NONE',  ( 76.14999999999999147, 28.74999999999999645, -1.600000000000000755 ) ) ;
#7668 = VERTEX_POINT ( 'NONE', #4010 ) ;
#7669 = DIRECTION ( 'NONE',  ( -0.000000000000000000, -0.000000000000000000, 1.000000000000000000 ) ) ;
#7670 = LINE ( 'NONE', #4820, #9699 ) ;
#7671 = LINE ( 'NONE', #2667, #1098 ) ;
#7672 = EDGE_CURVE ( 'NONE', #4454, #10995, #9677, .T. ) ;
#7673 = VECTOR ( 'NONE', #12492, 1000.000000000000000 ) ;
#7674 = ADVANCED_FACE ( 'NONE', ( #11097, #3950 ), #104, .T. ) ;
#7675 = ADVANCED_FACE ( 'NONE', ( #11034 ), #3096, .F. ) ;
#7676 = DIRECTION ( 'NONE',  ( 1.000000000000000000, 9.239539153005629476E-17, 0.000000000000000000 ) ) ;
#7677 = EDGE_CURVE ( 'NONE', #5077, #5097, #5109, .T. ) ;
#7678 = DIRECTION ( 'NONE',  ( -0.000000000000000000, -0.000000000000000000, -1.000000000000000000 ) ) ;
#7679 = EDGE_LOOP ( 'NONE', ( #12329, #12571, #9822, #5494 ) ) ;
#7680 = CARTESIAN_POINT ( 'NONE',  ( 76.39999999999999147, 29.00000000000000000, 9.999999999999998224 ) ) ;
#7681 = AXIS2_PLACEMENT_3D ( 'NONE', #1171, #11322, #9238 ) ;
#7682 = ORIENTED_EDGE ( 'NONE', *, *, #9502, .T. ) ;
#7683 = CONICAL_SURFACE ( 'NONE', #9142, 3.500000000000003109, 0.7853981633974517207 ) ;
#7684 = DIRECTION ( 'NONE',  ( 1.000000000000000000, 0.000000000000000000, 0.000000000000000000 ) ) ;
#7685 = ORIENTED_EDGE ( 'NONE', *, *, #2339, .F. ) ;
#7686 = VECTOR ( 'NONE', #9722, 1000.000000000000000 ) ;
#7687 = ORIENTED_EDGE ( 'NONE', *, *, #767, .T. ) ;
#7688 = DIRECTION ( 'NONE',  ( -1.000000000000000000, 0.000000000000000000, 0.000000000000000000 ) ) ;
#7689 = CIRCLE ( 'NONE', #9364, 0.7500000000000006661 ) ;
#7690 = VERTEX_POINT ( 'NONE', #6086 ) ;
#7691 = AXIS2_PLACEMENT_3D ( 'NONE', #3849, #844, #10923 ) ;
#7692 = DIRECTION ( 'NONE',  ( -9.188275156155107299E-17, 0.7071067811865515695, 0.7071067811865435759 ) ) ;
#7693 = DIRECTION ( 'NONE',  ( 0.000000000000000000, 0.000000000000000000, 1.000000000000000000 ) ) ;
#7694 = EDGE_CURVE ( 'NONE', #6876, #1775, #3895, .T. ) ;
#7695 = ORIENTED_EDGE ( 'NONE', *, *, #6803, .T. ) ;
#7696 = PLANE ( 'NONE',  #8731 ) ;
#7697 = ORIENTED_EDGE ( 'NONE', *, *, #9971, .T. ) ;
#7698 = DIRECTION ( 'NONE',  ( 0.000000000000000000, -1.000000000000000000, 0.000000000000000000 ) ) ;
#7699 = VERTEX_POINT ( 'NONE', #2504 ) ;
#7700 = ORIENTED_EDGE ( 'NONE', *, *, #3930, .F. ) ;
#7701 = CARTESIAN_POINT ( 'NONE',  ( 72.63799999999999102, 66.46100000000001273, -1.600000000000000311 ) ) ;
#7702 = AXIS2_PLACEMENT_3D ( 'NONE', #8756, #1996, #2777 ) ;
#7703 = LINE ( 'NONE', #6736, #1247 ) ;
#7704 = DIRECTION ( 'NONE',  ( 0.000000000000000000, 0.000000000000000000, 1.000000000000000000 ) ) ;
#7705 = DIRECTION ( 'NONE',  ( 0.000000000000000000, 0.000000000000000000, -1.000000000000000000 ) ) ;
#7706 = CYLINDRICAL_SURFACE ( 'NONE', #9440, 0.5000000000000004441 ) ;
#7707 = DIRECTION ( 'NONE',  ( -1.000000000000000000, 0.000000000000000000, 0.000000000000000000 ) ) ;
#7708 = CARTESIAN_POINT ( 'NONE',  ( 73.43999999999998352, 65.71099999999999852, -3.000000000000000000 ) ) ;
#7709 = EDGE_LOOP ( 'NONE', ( #12177, #9725, #5620, #2521 ) ) ;
#7710 = ORIENTED_EDGE ( 'NONE', *, *, #7744, .F. ) ;
#7711 = ORIENTED_EDGE ( 'NONE', *, *, #8234, .F. ) ;
#7713 = DIRECTION ( 'NONE',  ( -0.000000000000000000, -1.000000000000000000, -0.000000000000000000 ) ) ;
#7712 = CIRCLE ( 'NONE', #6477, 2.899999999999996358 ) ;
#7714 = EDGE_CURVE ( 'NONE', #8595, #389, #11295, .T. ) ;
#7715 = FACE_OUTER_BOUND ( 'NONE', #2483, .T. ) ;
#7716 = ORIENTED_EDGE ( 'NONE', *, *, #3619, .F. ) ;
#7717 = ORIENTED_EDGE ( 'NONE', *, *, #7115, .F. ) ;
#7718 = FACE_OUTER_BOUND ( 'NONE', #10827, .T. ) ;
#7719 = CARTESIAN_POINT ( 'NONE',  ( 74.64999999999997726, 62.92200000000001836, -4.000000000000000000 ) ) ;
#7720 = DIRECTION ( 'NONE',  ( 0.000000000000000000, 0.000000000000000000, -1.000000000000000000 ) ) ;
#7721 = VECTOR ( 'NONE', #6682, 1000.000000000000000 ) ;
#7722 = CARTESIAN_POINT ( 'NONE',  ( 29.00000000000000000, 29.00000000000000000, -1.600000000000000311 ) ) ;
#7723 = VECTOR ( 'NONE', #1822, 1000.000000000000000 ) ;
#7724 = DIRECTION ( 'NONE',  ( 0.000000000000000000, -1.000000000000000000, 0.000000000000000000 ) ) ;
#7725 = CARTESIAN_POINT ( 'NONE',  ( 71.44999999999997442, 57.69999999999998863, 4.999999999999998224 ) ) ;
#7726 = DIRECTION ( 'NONE',  ( 0.000000000000000000, 0.000000000000000000, -1.000000000000000000 ) ) ;
#7727 = DIRECTION ( 'NONE',  ( -0.000000000000000000, -0.000000000000000000, -1.000000000000000000 ) ) ;
#7728 = AXIS2_PLACEMENT_3D ( 'NONE', #3432, #12473, #7393 ) ;
#7729 = LINE ( 'NONE', #6956, #3268 ) ;
#7730 = VERTEX_POINT ( 'NONE', #3429 ) ;
#7731 = CIRCLE ( 'NONE', #2130, 2.000000000000001776 ) ;
#7732 = DIRECTION ( 'NONE',  ( 0.000000000000000000, 0.000000000000000000, -1.000000000000000000 ) ) ;
#7733 = FACE_OUTER_BOUND ( 'NONE', #8879, .T. ) ;
#7734 = ORIENTED_EDGE ( 'NONE', *, *, #5995, .F. ) ;
#7735 = DIRECTION ( 'NONE',  ( 0.000000000000000000, 1.000000000000000000, -1.178480622266852710E-16 ) ) ;
#7736 = EDGE_CURVE ( 'NONE', #12305, #6906, #11426, .T. ) ;
#7737 = CARTESIAN_POINT ( 'NONE',  ( 72.63799999999999102, 66.46100000000001273, -3.000000000000000000 ) ) ;
#7738 = PERSON_AND_ORGANIZATION ( #6428, #3852 ) ;
#7739 = AXIS2_PLACEMENT_3D ( 'NONE', #1441, #3131, #11200 ) ;
#7740 = FACE_OUTER_BOUND ( 'NONE', #11816, .T. ) ;
#7741 = ORIENTED_EDGE ( 'NONE', *, *, #4100, .T. ) ;
#7742 = DIRECTION ( 'NONE',  ( 1.000000000000000000, 0.000000000000000000, 0.000000000000000000 ) ) ;
#7743 = ORIENTED_EDGE ( 'NONE', *, *, #11815, .T. ) ;
#7744 = EDGE_CURVE ( 'NONE', #5556, #3412, #4396, .T. ) ;
#7745 = DIRECTION ( 'NONE',  ( 0.000000000000000000, 0.000000000000000000, 1.000000000000000000 ) ) ;
#7746 = ORIENTED_EDGE ( 'NONE', *, *, #7666, .F. ) ;
#7747 = ORIENTED_EDGE ( 'NONE', *, *, #5542, .F. ) ;
#7748 = CARTESIAN_POINT ( 'NONE',  ( 32.24999999999998579, 30.25000000000000000, -4.000000000000003553 ) ) ;
#7749 = AXIS2_PLACEMENT_3D ( 'NONE', #7474, #11452, #10466 ) ;
#7750 = CYLINDRICAL_SURFACE ( 'NONE', #6747, 1.500000000000001332 ) ;
#7751 = VECTOR ( 'NONE', #7791, 1000.000000000000000 ) ;
#7752 = EDGE_CURVE ( 'NONE', #10966, #1297, #7196, .T. ) ;
#7753 = FACE_OUTER_BOUND ( 'NONE', #9388, .T. ) ;
#7754 = EDGE_CURVE ( 'NONE', #9360, #1566, #7392, .T. ) ;
#7755 = ORIENTED_EDGE ( 'NONE', *, *, #12282, .T. ) ;
#7756 = FACE_OUTER_BOUND ( 'NONE', #9064, .T. ) ;
#7757 = DIRECTION ( 'NONE',  ( 1.000000000000000000, 0.000000000000000000, 0.000000000000000000 ) ) ;
#7758 = EDGE_CURVE ( 'NONE', #2489, #11032, #424, .T. ) ;
#7759 = ADVANCED_FACE ( 'NONE', ( #5433 ), #1342, .T. ) ;
#7760 = ORIENTED_EDGE ( 'NONE', *, *, #448, .F. ) ;
#7761 = AXIS2_PLACEMENT_3D ( 'NONE', #6804, #11811, #3753 ) ;
#7762 = CARTESIAN_POINT ( 'NONE',  ( 56.84999999999999432, 24.29999999999999361, 0.5253709514437902017 ) ) ;
#7763 = VERTEX_POINT ( 'NONE', #1270 ) ;
#7764 = EDGE_CURVE ( 'NONE', #11225, #1457, #5312, .T. ) ;
#7765 = LINE ( 'NONE', #11750, #8372 ) ;
#7766 = ORIENTED_EDGE ( 'NONE', *, *, #4498, .F. ) ;
#7767 = ORIENTED_EDGE ( 'NONE', *, *, #753, .F. ) ;
#7768 = CARTESIAN_POINT ( 'NONE',  ( 64.34999999999996589, 24.29999999999999361, 15.00000000000000000 ) ) ;
#7769 = CARTESIAN_POINT ( 'NONE',  ( 59.34999999999999432, 24.29999999999999361, 5.999999999999999112 ) ) ;
#7770 = DIRECTION ( 'NONE',  ( -0.000000000000000000, -0.000000000000000000, 1.000000000000000000 ) ) ;
#7771 = CIRCLE ( 'NONE', #8821, 2.499999999999998668 ) ;
#7772 = VECTOR ( 'NONE', #3076, 1000.000000000000114 ) ;
#7773 = CARTESIAN_POINT ( 'NONE',  ( 53.14999999999999147, 25.75000000000000000, 0.02537095144378743658 ) ) ;
#7774 = AXIS2_PLACEMENT_3D ( 'NONE', #5445, #9355, #12422 ) ;
#7775 = LINE ( 'NONE', #6927, #5071 ) ;
#7776 = DIRECTION ( 'NONE',  ( 1.000000000000000000, 0.000000000000000000, 0.000000000000000000 ) ) ;
#7777 = CARTESIAN_POINT ( 'NONE',  ( 53.64999999999999147, 24.29999999999999361, 5.999999999999996447 ) ) ;
#7778 = EDGE_CURVE ( 'NONE', #11650, #5326, #6563, .T. ) ;
#7779 = ORIENTED_EDGE ( 'NONE', *, *, #9195, .F. ) ;
#7780 = VECTOR ( 'NONE', #3410, 1000.000000000000000 ) ;
#7781 = VECTOR ( 'NONE', #2880, 1000.000000000000000 ) ;
#7782 = ORIENTED_EDGE ( 'NONE', *, *, #4179, .F. ) ;
#7783 = ORIENTED_EDGE ( 'NONE', *, *, #4344, .F. ) ;
#7784 = LINE ( 'NONE', #2855, #3423 ) ;
#7785 = CARTESIAN_POINT ( 'NONE',  ( 25.74999999999999289, 55.74999999999999289, -3.500000000000000000 ) ) ;
#7786 = EDGE_LOOP ( 'NONE', ( #4525, #12323, #7113, #9981 ) ) ;
#7787 = AXIS2_PLACEMENT_3D ( 'NONE', #8468, #4633, #8528 ) ;
#7788 = ORIENTED_EDGE ( 'NONE', *, *, #2230, .T. ) ;
#7789 = DIRECTION ( 'NONE',  ( -1.000000000000000000, 0.000000000000000000, 0.000000000000000000 ) ) ;
#7790 = CARTESIAN_POINT ( 'NONE',  ( 60.64999999999999147, 24.29998799999999548, 5.999999999999999112 ) ) ;
#7791 = DIRECTION ( 'NONE',  ( -0.000000000000000000, -0.000000000000000000, 1.000000000000000000 ) ) ;
#7792 = CONICAL_SURFACE ( 'NONE', #6344, 0.6999999999999784173, 0.7853981633974492782 ) ;
#7793 = DIRECTION ( 'NONE',  ( -0.000000000000000000, -1.000000000000000000, -0.000000000000000000 ) ) ;
#7794 = ADVANCED_FACE ( 'NONE', ( #5245 ), #4330, .F. ) ;
#7795 = CARTESIAN_POINT ( 'NONE',  ( 31.89999999999999858, 29.00000000000000000, 9.499999999999991118 ) ) ;
#7797 = PLANE ( 'NONE',  #1442 ) ;
#7796 = VECTOR ( 'NONE', #3258, 1000.000000000000114 ) ;
#7798 = CARTESIAN_POINT ( 'NONE',  ( 25.84999999999998721, 73.25000000000000000, -5.000000000000000000 ) ) ;
#7799 = DIRECTION ( 'NONE',  ( -1.000000000000000000, 0.000000000000000000, -0.000000000000000000 ) ) ;
#7800 = CARTESIAN_POINT ( 'NONE',  ( 76.25000000000000000, 76.25000000000000000, -3.500000000000000000 ) ) ;
#7801 = VERTEX_POINT ( 'NONE', #8159 ) ;
#7802 = DIRECTION ( 'NONE',  ( 1.000000000000000000, 0.000000000000000000, 0.000000000000000000 ) ) ;
#7803 = CARTESIAN_POINT ( 'NONE',  ( 65.14999999999999147, 24.49999999999997513, 5.999999999999999112 ) ) ;
#7804 = EDGE_CURVE ( 'NONE', #5568, #306, #8215, .T. ) ;
#7805 = DIRECTION ( 'NONE',  ( -1.299418334065024873E-16, 1.000000000000000000, 0.000000000000000000 ) ) ;
#7806 = VECTOR ( 'NONE', #8092, 1000.000000000000000 ) ;
#7807 = EDGE_CURVE ( 'NONE', #6398, #9907, #6415, .T. ) ;
#7808 = AXIS2_PLACEMENT_3D ( 'NONE', #7472, #11450, #1557 ) ;
#7809 = CARTESIAN_POINT ( 'NONE',  ( 71.44999999999997442, 58.19999999999998863, 4.999999999999998224 ) ) ;
#7810 = AXIS2_PLACEMENT_3D ( 'NONE', #4207, #4279, #10321 ) ;
#7811 = ORIENTED_EDGE ( 'NONE', *, *, #1086, .F. ) ;
#7812 = CYLINDRICAL_SURFACE ( 'NONE', #9026, 2.900000000000003464 ) ;
#7813 = ORIENTED_EDGE ( 'NONE', *, *, #3229, .F. ) ;
#7814 = CIRCLE ( 'NONE', #8012, 0.7500000000000006661 ) ;
#7815 = VECTOR ( 'NONE', #3921, 1000.000000000000000 ) ;
#7816 = CARTESIAN_POINT ( 'NONE',  ( 28.30000000000001137, 24.79999999999999361, -5.000000000000000000 ) ) ;
#7817 = ORIENTED_EDGE ( 'NONE', *, *, #331, .T. ) ;
#7818 = CARTESIAN_POINT ( 'NONE',  ( 76.04128784747791769, 68.74999999999998579, 3.404999829744057127 ) ) ;
#7819 = DIRECTION ( 'NONE',  ( -1.000000000000000000, 0.000000000000000000, -0.000000000000000000 ) ) ;
#7820 = DIRECTION ( 'NONE',  ( -0.000000000000000000, -0.000000000000000000, -1.000000000000000000 ) ) ;
#7821 = EDGE_CURVE ( 'NONE', #2248, #7866, #3235, .T. ) ;
#7822 = VERTEX_POINT ( 'NONE', #228 ) ;
#7823 = CARTESIAN_POINT ( 'NONE',  ( 76.25000000000000000, 33.52905841137543064, 3.323999333381997268 ) ) ;
#7824 = DIRECTION ( 'NONE',  ( -1.000000000000000000, -1.299418334065024626E-16, 0.000000000000000000 ) ) ;
#7825 = EDGE_CURVE ( 'NONE', #8413, #3296, #7256, .T. ) ;
#7826 = ORIENTED_EDGE ( 'NONE', *, *, #7598, .T. ) ;
#7827 = DIRECTION ( 'NONE',  ( 0.000000000000000000, -1.000000000000000000, 0.000000000000000000 ) ) ;
#7828 = ORIENTED_EDGE ( 'NONE', *, *, #528, .F. ) ;
#7829 = DIRECTION ( 'NONE',  ( -0.000000000000000000, 0.000000000000000000, 1.000000000000000000 ) ) ;
#7830 = ORIENTED_EDGE ( 'NONE', *, *, #8394, .F. ) ;
#7831 = ADVANCED_FACE ( 'NONE', ( #2314 ), #6284, .F. ) ;
#7832 = VERTEX_POINT ( 'NONE', #12271 ) ;
#7833 = DIRECTION ( 'NONE',  ( -1.000000000000000000, 0.000000000000000000, 0.000000000000000000 ) ) ;
#7834 = EDGE_CURVE ( 'NONE', #4573, #2072, #7321, .T. ) ;
#7835 = FACE_OUTER_BOUND ( 'NONE', #9256, .T. ) ;
#7836 = CARTESIAN_POINT ( 'NONE',  ( 34.24999999999998579, 72.64999999999997726, -4.000000000000003553 ) ) ;
#7837 = EDGE_CURVE ( 'NONE', #6051, #12609, #1470, .T. ) ;
#7838 = DIRECTION ( 'NONE',  ( 0.000000000000000000, -0.000000000000000000, 1.000000000000000000 ) ) ;
#7839 = EDGE_CURVE ( 'NONE', #944, #1517, #8431, .T. ) ;
#7840 = EDGE_CURVE ( 'NONE', #5133, #8835, #4906, .T. ) ;
#7841 = ADVANCED_FACE ( 'NONE', ( #747 ), #7639, .F. ) ;
#7842 = CARTESIAN_POINT ( 'NONE',  ( 43.19999999999998863, 69.95000000000000284, 7.999999999999998224 ) ) ;
#7843 = CARTESIAN_POINT ( 'NONE',  ( 73.75000000000000000, 70.25000000000000000, 3.404999829744057127 ) ) ;
#7844 = EDGE_CURVE ( 'NONE', #10122, #12873, #3746, .T. ) ;
#7845 = DIRECTION ( 'NONE',  ( -0.000000000000000000, -0.000000000000000000, -1.000000000000000000 ) ) ;
#7846 = ORIENTED_EDGE ( 'NONE', *, *, #2046, .F. ) ;
#7847 = VERTEX_POINT ( 'NONE', #5692 ) ;
#7848 = ORIENTED_EDGE ( 'NONE', *, *, #9356, .F. ) ;
#7849 = CARTESIAN_POINT ( 'NONE',  ( 55.64999999999999147, 24.29998799999999548, 0.5253709514437898687 ) ) ;
#7850 = DIRECTION ( 'NONE',  ( 0.000000000000000000, 0.000000000000000000, 1.000000000000000000 ) ) ;
#7851 = ORIENTED_EDGE ( 'NONE', *, *, #3147, .F. ) ;
#7852 = ORIENTED_EDGE ( 'NONE', *, *, #3710, .T. ) ;
#7853 = CARTESIAN_POINT ( 'NONE',  ( 59.94999999999998863, 24.29999999999999361, 0.5253709514437898687 ) ) ;
#7854 = CYLINDRICAL_SURFACE ( 'NONE', #3661, 1.250000000000001110 ) ;
#7855 = LINE ( 'NONE', #1745, #1104 ) ;
#7856 = DIRECTION ( 'NONE',  ( -1.000000000000000000, 0.000000000000000000, 0.000000000000000000 ) ) ;
#7857 = CARTESIAN_POINT ( 'NONE',  ( 59.19999999999997442, 37.45000000000000284, 8.499999999999998224 ) ) ;
#7858 = DIRECTION ( 'NONE',  ( -1.000000000000000000, 0.000000000000000000, 0.000000000000000000 ) ) ;
#7859 = CARTESIAN_POINT ( 'NONE',  ( 62.64999999999998437, 24.29998799999999548, 6.499999999999999112 ) ) ;
#7860 = DIRECTION ( 'NONE',  ( -1.000000000000000000, -0.000000000000000000, -0.000000000000000000 ) ) ;
#7861 = DIRECTION ( 'NONE',  ( 0.000000000000000000, 0.000000000000000000, 1.000000000000000000 ) ) ;
#7862 = ORIENTED_EDGE ( 'NONE', *, *, #5940, .T. ) ;
#7863 = DIRECTION ( 'NONE',  ( 0.000000000000000000, 1.000000000000000000, 0.000000000000000000 ) ) ;
#7864 = CARTESIAN_POINT ( 'NONE',  ( 55.14999999999999147, 24.29998799999999548, 5.999999999999999112 ) ) ;
#7865 = CARTESIAN_POINT ( 'NONE',  ( 28.80000000000000782, 55.74999999999999289, 1.100000659999999852 ) ) ;
#7866 = VERTEX_POINT ( 'NONE', #3689 ) ;
#7867 = CIRCLE ( 'NONE', #8694, 1.600000000000000755 ) ;
#7868 = CIRCLE ( 'NONE', #2263, 1.000000000000000888 ) ;
#7869 = CARTESIAN_POINT ( 'NONE',  ( 27.24999999999998934, 34.74999999999999289, 4.499999999999999112 ) ) ;
#7870 = ORIENTED_EDGE ( 'NONE', *, *, #2097, .T. ) ;
#7871 = LINE ( 'NONE', #1965, #6347 ) ;
#7872 = ORIENTED_EDGE ( 'NONE', *, *, #8131, .T. ) ;
#7873 = CARTESIAN_POINT ( 'NONE',  ( 31.74999999999998579, 25.75000000000000000, 8.499999999999996447 ) ) ;
#7874 = ORIENTED_EDGE ( 'NONE', *, *, #5018, .T. ) ;
#7875 = ADVANCED_FACE ( 'NONE', ( #11620 ), #11487, .F. ) ;
#7876 = CARTESIAN_POINT ( 'NONE',  ( 65.64999999999999147, 24.29999999999999716, 6.699999999999978861 ) ) ;
#7877 = DIRECTION ( 'NONE',  ( 1.299418334065024873E-16, -1.000000000000000000, -0.000000000000000000 ) ) ;
#7878 = PLANE ( 'NONE',  #7311 ) ;
#7879 = EDGE_CURVE ( 'NONE', #1183, #10837, #10768, .T. ) ;
#7880 = VERTEX_POINT ( 'NONE', #4591 ) ;
#7881 = DIRECTION ( 'NONE',  ( 1.000000000000000000, 0.000000000000000000, 0.000000000000000000 ) ) ;
#7882 = LINE ( 'NONE', #9649, #4391 ) ;
#7883 = AXIS2_PLACEMENT_3D ( 'NONE', #2201, #9993, #11114 ) ;
#7884 = ORIENTED_EDGE ( 'NONE', *, *, #11267, .T. ) ;
#7885 = DIRECTION ( 'NONE',  ( 1.000000000000000000, 1.299418334065024873E-16, -0.000000000000000000 ) ) ;
#7886 = EDGE_LOOP ( 'NONE', ( #5458, #3931, #249, #11323 ) ) ;
#7887 = DIRECTION ( 'NONE',  ( -0.000000000000000000, -0.000000000000000000, -1.000000000000000000 ) ) ;
#7888 = EDGE_LOOP ( 'NONE', ( #8209, #1655, #7101, #3284 ) ) ;
#7889 = ORIENTED_EDGE ( 'NONE', *, *, #7879, .F. ) ;
#7890 = CARTESIAN_POINT ( 'NONE',  ( 70.09999999999999432, 29.00000000000000000, 6.499999999999999112 ) ) ;
#7891 = CARTESIAN_POINT ( 'NONE',  ( 53.25000000000000000, 36.24999955999999912, -3.100000000000000533 ) ) ;
#7892 = AXIS2_PLACEMENT_3D ( 'NONE', #2619, #11352, #1586 ) ;
#7893 = CIRCLE ( 'NONE', #2078, 0.5000000000000000000 ) ;
#7894 = DIRECTION ( 'NONE',  ( 0.000000000000000000, 0.000000000000000000, -1.000000000000000000 ) ) ;
#7895 = CARTESIAN_POINT ( 'NONE',  ( 28.24999999999998224, 31.75000000000000000, 78.50196847342608919 ) ) ;
#7896 = ADVANCED_FACE ( 'NONE', ( #7509 ), #12599, .F. ) ;
#7897 = CARTESIAN_POINT ( 'NONE',  ( 54.14999999999999147, 25.75000000000000000, 5.999999999999996447 ) ) ;
#7898 = EDGE_CURVE ( 'NONE', #8069, #9575, #11561, .T. ) ;
#7899 = LINE ( 'NONE', #11875, #6669 ) ;
#7900 = ORIENTED_EDGE ( 'NONE', *, *, #7281, .F. ) ;
#7901 = AXIS2_PLACEMENT_3D ( 'NONE', #5319, #4212, #5252 ) ;
#7902 = ORIENTED_EDGE ( 'NONE', *, *, #278, .F. ) ;
#7903 = ORIENTED_EDGE ( 'NONE', *, *, #12624, .F. ) ;
#7904 = DIRECTION ( 'NONE',  ( 1.000000000000000000, 0.000000000000000000, 0.000000000000000000 ) ) ;
#7905 = ADVANCED_FACE ( 'NONE', ( #4729 ), #5569, .F. ) ;
#7906 = CARTESIAN_POINT ( 'NONE',  ( 65.64999999999999147, 24.29999999999999716, 5.999999999999999112 ) ) ;
#7907 = ORIENTED_EDGE ( 'NONE', *, *, #3466, .F. ) ;
#7908 = ORIENTED_EDGE ( 'NONE', *, *, #3637, .T. ) ;
#7909 = EDGE_CURVE ( 'NONE', #1457, #2150, #6604, .T. ) ;
#7910 = CARTESIAN_POINT ( 'NONE',  ( 31.74999999999998579, 73.75000000000000000, 0.000000000000000000 ) ) ;
#7911 = DIRECTION ( 'NONE',  ( -1.000000000000000000, 0.000000000000000000, 0.000000000000000000 ) ) ;
#7912 = CARTESIAN_POINT ( 'NONE',  ( 29.24999999999998579, 31.75000000000000000, 0.000000000000000000 ) ) ;
#7913 = ADVANCED_FACE ( 'NONE', ( #10567 ), #11685, .T. ) ;
#7914 = AXIS2_PLACEMENT_3D ( 'NONE', #4131, #4197, #2307 ) ;
#7915 = PLANE ( 'NONE',  #2326 ) ;
#7916 = EDGE_CURVE ( 'NONE', #3539, #2574, #10928, .T. ) ;
#7917 = LINE ( 'NONE', #9991, #8219 ) ;
#7918 = VECTOR ( 'NONE', #8125, 1000.000000000000000 ) ;
#7919 = DIRECTION ( 'NONE',  ( 0.000000000000000000, -1.000000000000000000, 0.000000000000000000 ) ) ;
#7920 = EDGE_CURVE ( 'NONE', #3832, #1117, #12724, .T. ) ;
#7921 = LINE ( 'NONE', #1947, #1526 ) ;
#7922 = CARTESIAN_POINT ( 'NONE',  ( 28.74999999999998934, 28.74999999999999645, -1.600000000000000311 ) ) ;
#7923 = DIRECTION ( 'NONE',  ( -1.000000000000000000, 0.000000000000000000, 0.000000000000000000 ) ) ;
#7924 = ORIENTED_EDGE ( 'NONE', *, *, #10791, .T. ) ;
#7925 = DIRECTION ( 'NONE',  ( 0.000000000000000000, 1.000000000000000000, -0.000000000000000000 ) ) ;
#7926 = CARTESIAN_POINT ( 'NONE',  ( 39.24999955999999912, 37.74999955999999912, -4.499999999999992895 ) ) ;
#7927 = VECTOR ( 'NONE', #9924, 1000.000000000000000 ) ;
#7928 = AXIS2_PLACEMENT_3D ( 'NONE', #7976, #10792, #6031 ) ;
#7929 = CARTESIAN_POINT ( 'NONE',  ( 43.19999999999998153, 37.45000000000000284, 4.999999999999998224 ) ) ;
#7930 = ORIENTED_EDGE ( 'NONE', *, *, #2985, .T. ) ;
#7931 = DIRECTION ( 'NONE',  ( 0.000000000000000000, 0.000000000000000000, -1.000000000000000000 ) ) ;
#7932 = VECTOR ( 'NONE', #7092, 1000.000000000000000 ) ;
#7933 = VERTEX_POINT ( 'NONE', #6734 ) ;
#7934 = AXIS2_PLACEMENT_3D ( 'NONE', #9288, #495, #9475 ) ;
#7935 = DIRECTION ( 'NONE',  ( -0.000000000000000000, 0.000000000000000000, -1.000000000000000000 ) ) ;
#7936 = EDGE_LOOP ( 'NONE', ( #7493, #10240, #2487, #2620 ) ) ;
#7937 = LINE ( 'NONE', #2029, #1169 ) ;
#7938 = ORIENTED_EDGE ( 'NONE', *, *, #7601, .T. ) ;
#7939 = CARTESIAN_POINT ( 'NONE',  ( 76.25000000000000000, 40.12163948592027651, 0.000000000000000000 ) ) ;
#7940 = CARTESIAN_POINT ( 'NONE',  ( 73.38799999999999102, 65.71099999999999852, -3.000000000000000000 ) ) ;
#7941 = CIRCLE ( 'NONE', #1941, 2.000000000000001776 ) ;
#7942 = CARTESIAN_POINT ( 'NONE',  ( 69.79999999999999716, 27.35000000000000853, -4.000000000000000000 ) ) ;
#7943 = ORIENTED_EDGE ( 'NONE', *, *, #8798, .F. ) ;
#7944 = CARTESIAN_POINT ( 'NONE',  ( 30.25000000000000355, 29.00000000000000000, -8.535533905932741305 ) ) ;
#7945 = ADVANCED_FACE ( 'NONE', ( #11753 ), #6539, .F. ) ;
#7946 = FACE_OUTER_BOUND ( 'NONE', #6433, .T. ) ;
#7947 = ORIENTED_EDGE ( 'NONE', *, *, #1124, .T. ) ;
#7948 = DIRECTION ( 'NONE',  ( -1.000000000000000000, 0.000000000000000000, 0.000000000000000000 ) ) ;
#7949 = ORIENTED_EDGE ( 'NONE', *, *, #11432, .F. ) ;
#7950 = CIRCLE ( 'NONE', #10234, 1.500000000000001332 ) ;
#7951 = DIRECTION ( 'NONE',  ( -1.000000000000000000, 0.000000000000000000, -0.000000000000000000 ) ) ;
#7952 = ORIENTED_EDGE ( 'NONE', *, *, #10378, .F. ) ;
#7953 = ORIENTED_EDGE ( 'NONE', *, *, #11176, .F. ) ;
#7955 = CARTESIAN_POINT ( 'NONE',  ( 55.64999999999999147, 24.49999999999999289, 5.999999999999999112 ) ) ;
#7954 = VECTOR ( 'NONE', #4354, 1000.000000000000000 ) ;
#7956 = EDGE_CURVE ( 'NONE', #8547, #2005, #7814, .T. ) ;
#7957 = DIRECTION ( 'NONE',  ( -0.000000000000000000, -0.000000000000000000, -1.000000000000000000 ) ) ;
#7958 = VERTEX_POINT ( 'NONE', #8550 ) ;
#7959 = CARTESIAN_POINT ( 'NONE',  ( 25.74999999999999289, 54.74999999999999289, 4.600000660000000963 ) ) ;
#7960 = DIRECTION ( 'NONE',  ( 0.000000000000000000, 0.000000000000000000, 1.000000000000000000 ) ) ;
#7961 = DIRECTION ( 'NONE',  ( 1.000000000000000000, 0.000000000000000000, 0.000000000000000000 ) ) ;
#7962 = CARTESIAN_POINT ( 'NONE',  ( 64.25000043999999377, 64.25000043999999377, -4.499999999999992895 ) ) ;
#7963 = AXIS2_PLACEMENT_3D ( 'NONE', #7665, #4880, #10594 ) ;
#7964 = VERTEX_POINT ( 'NONE', #11557 ) ;
#7965 = EDGE_LOOP ( 'NONE', ( #3377, #10498, #10094, #11365 ) ) ;
#7966 = EDGE_LOOP ( 'NONE', ( #7539, #1814, #2887, #12843 ) ) ;
#7967 = CYLINDRICAL_SURFACE ( 'NONE', #3453, 0.7500000000000006661 ) ;
#7968 = AXIS2_PLACEMENT_3D ( 'NONE', #2513, #6546, #9532 ) ;
#7969 = DIRECTION ( 'NONE',  ( 0.000000000000000000, 0.000000000000000000, 1.000000000000000000 ) ) ;
#7970 = VECTOR ( 'NONE', #6997, 1000.000000000000000 ) ;
#7971 = ORIENTED_EDGE ( 'NONE', *, *, #1306, .T. ) ;
#7972 = DIRECTION ( 'NONE',  ( 0.000000000000000000, -6.938893903907228378E-15, 1.000000000000000000 ) ) ;
#7973 = CARTESIAN_POINT ( 'NONE',  ( 27.75000000000000000, 29.00000000000000000, -1.600000000000000311 ) ) ;
#7974 = VECTOR ( 'NONE', #5835, 1000.000000000000000 ) ;
#7975 = CARTESIAN_POINT ( 'NONE',  ( 28.74999999999999289, 76.14999999999999147, -5.000000000000000000 ) ) ;
#7976 = CARTESIAN_POINT ( 'NONE',  ( 58.64999999999999147, 24.29999999999999361, 5.999999999999999112 ) ) ;
#7977 = EDGE_CURVE ( 'NONE', #8905, #3294, #1659, .T. ) ;
#7978 = CARTESIAN_POINT ( 'NONE',  ( 61.14999999999999147, 24.49999999999999289, 0.02537095144379032663 ) ) ;
#7979 = VECTOR ( 'NONE', #11077, 1000.000000000000000 ) ;
#7980 = VECTOR ( 'NONE', #6846, 1000.000000000000000 ) ;
#7981 = DIRECTION ( 'NONE',  ( 0.000000000000000000, 1.000000000000000000, 0.000000000000000000 ) ) ;
#7982 = FACE_OUTER_BOUND ( 'NONE', #9946, .T. ) ;
#7983 = VECTOR ( 'NONE', #10153, 1000.000000000000000 ) ;
#7984 = FACE_OUTER_BOUND ( 'NONE', #1857, .T. ) ;
#7985 = FACE_OUTER_BOUND ( 'NONE', #9925, .T. ) ;
#7986 = EDGE_LOOP ( 'NONE', ( #3249, #9997, #6472, #12830 ) ) ;
#7987 = EDGE_CURVE ( 'NONE', #6197, #11701, #1989, .T. ) ;
#7988 = EDGE_CURVE ( 'NONE', #11607, #10549, #5211, .T. ) ;
#7989 = CARTESIAN_POINT ( 'NONE',  ( 55.64999999999999147, 24.29999999999999361, 5.999999999999999112 ) ) ;
#7990 = CYLINDRICAL_SURFACE ( 'NONE', #12169, 1.500000000000001332 ) ;
#7991 = AXIS2_PLACEMENT_3D ( 'NONE', #5952, #2101, #6068 ) ;
#7992 = PLANE ( 'NONE',  #5251 ) ;
#7993 = EDGE_LOOP ( 'NONE', ( #12144, #2749, #8742, #1341 ) ) ;
#7994 = AXIS2_PLACEMENT_3D ( 'NONE', #5206, #6048, #4104 ) ;
#7995 = ADVANCED_FACE ( 'NONE', ( #7227 ), #10958, .F. ) ;
#7996 = AXIS2_PLACEMENT_3D ( 'NONE', #3957, #4934, #11703 ) ;
#7997 = EDGE_CURVE ( 'NONE', #11656, #7801, #5955, .T. ) ;
#7998 = EDGE_CURVE ( 'NONE', #9675, #1970, #3885, .T. ) ;
#7999 = DIRECTION ( 'NONE',  ( 0.000000000000000000, -1.000000000000000000, -1.172110456741089772E-16 ) ) ;
#8000 = CIRCLE ( 'NONE', #4694, 0.6999999999999784173 ) ;
#8001 = ORIENTED_EDGE ( 'NONE', *, *, #8151, .T. ) ;
#8002 = DIRECTION ( 'NONE',  ( 1.000000000000000000, 0.000000000000000000, 0.000000000000000000 ) ) ;
#8003 = EDGE_LOOP ( 'NONE', ( #3216, #8331, #9220, #10845 ) ) ;
#8004 = DIRECTION ( 'NONE',  ( -0.7071067811865500152, 8.659560562354962440E-17, 0.7071067811865451302 ) ) ;
#8005 = ORIENTED_EDGE ( 'NONE', *, *, #5047, .F. ) ;
#8006 = DIRECTION ( 'NONE',  ( 0.7071067811865414665, 0.7071067811865536790, 0.000000000000000000 ) ) ;
#8007 = VECTOR ( 'NONE', #10317, 1000.000000000000000 ) ;
#8008 = CARTESIAN_POINT ( 'NONE',  ( 72.63799999999999102, 65.71099999999999852, -3.000000000000000000 ) ) ;
#8009 = DIRECTION ( 'NONE',  ( -1.000000000000000000, 0.000000000000000000, -0.000000000000000000 ) ) ;
#8010 = VERTEX_POINT ( 'NONE', #875 ) ;
#8011 = CARTESIAN_POINT ( 'NONE',  ( 73.00000000000000000, 29.00000000000000000, -8.535533905932741305 ) ) ;
#8012 = AXIS2_PLACEMENT_3D ( 'NONE', #8490, #12472, #9527 ) ;
#8013 = DIRECTION ( 'NONE',  ( -0.000000000000000000, 0.000000000000000000, 1.000000000000000000 ) ) ;
#8014 = AXIS2_PLACEMENT_3D ( 'NONE', #3656, #6443, #11519 ) ;
#8015 = VERTEX_POINT ( 'NONE', #3022 ) ;
#8016 = CARTESIAN_POINT ( 'NONE',  ( 58.64999999999999147, 24.29998799999999548, 0.5253709514437902017 ) ) ;
#8017 = ORIENTED_EDGE ( 'NONE', *, *, #12007, .F. ) ;
#8018 = CARTESIAN_POINT ( 'NONE',  ( 58.14999999999999147, 24.49999999999999289, 6.499999999999999112 ) ) ;
#8019 = ORIENTED_EDGE ( 'NONE', *, *, #3240, .F. ) ;
#8020 = VERTEX_POINT ( 'NONE', #4235 ) ;
#8021 = VECTOR ( 'NONE', #12550, 1000.000000000000000 ) ;
#8022 = CYLINDRICAL_SURFACE ( 'NONE', #7084, 1.500000000000001332 ) ;
#8023 = AXIS2_PLACEMENT_3D ( 'NONE', #6108, #4154, #245 ) ;
#8024 = VERTEX_POINT ( 'NONE', #4971 ) ;
#8025 = VECTOR ( 'NONE', #4347, 1000.000000000000000 ) ;
#8026 = CARTESIAN_POINT ( 'NONE',  ( 68.75000000000000000, 41.94999999999998863, 8.499999999999998224 ) ) ;
#8027 = DIRECTION ( 'NONE',  ( -0.000000000000000000, 1.000000000000000000, 0.000000000000000000 ) ) ;
#8028 = DIRECTION ( 'NONE',  ( 0.000000000000000000, 0.000000000000000000, -1.000000000000000000 ) ) ;
#8029 = DIRECTION ( 'NONE',  ( 0.000000000000000000, 0.000000000000000000, 1.000000000000000000 ) ) ;
#8030 = ORIENTED_EDGE ( 'NONE', *, *, #5813, .F. ) ;
#8031 = ORIENTED_EDGE ( 'NONE', *, *, #7364, .T. ) ;
#8032 = VERTEX_POINT ( 'NONE', #12854 ) ;
#8033 = DIRECTION ( 'NONE',  ( -1.299418334065024873E-16, 1.000000000000000000, 0.000000000000000000 ) ) ;
#8034 = CYLINDRICAL_SURFACE ( 'NONE', #7097, 2.499999999999998668 ) ;
#8035 = ORIENTED_EDGE ( 'NONE', *, *, #10061, .T. ) ;
#8036 = ADVANCED_FACE ( 'NONE', ( #3938 ), #3880, .T. ) ;
#8037 = CARTESIAN_POINT ( 'NONE',  ( 73.00000000000000000, 73.00000000000000000, 44.50000000000000711 ) ) ;
#8038 = DIRECTION ( 'NONE',  ( -0.000000000000000000, 0.000000000000000000, -1.000000000000000000 ) ) ;
#8039 = LINE ( 'NONE', #4209, #4028 ) ;
#8040 = CARTESIAN_POINT ( 'NONE',  ( 56.64999999999999147, 24.29999999999999361, 0.5253709514437902017 ) ) ;
#8041 = CARTESIAN_POINT ( 'NONE',  ( 86.25000000000000000, 25.75000000000000000, 6.499999999999999112 ) ) ;
#8042 = DIRECTION ( 'NONE',  ( 0.000000000000000000, -0.000000000000000000, -1.000000000000000000 ) ) ;
#8043 = DIRECTION ( 'NONE',  ( -1.000000000000000000, 0.000000000000000000, 0.000000000000000000 ) ) ;
#8044 = CARTESIAN_POINT ( 'NONE',  ( 31.74999999999995737, 33.24999999999999289, 8.499999999999998224 ) ) ;
#8045 = FACE_OUTER_BOUND ( 'NONE', #12287, .T. ) ;
#8046 = ORIENTED_EDGE ( 'NONE', *, *, #6809, .T. ) ;
#8047 = CARTESIAN_POINT ( 'NONE',  ( 25.74999999999999645, 76.25000000000000000, -5.000000000000000000 ) ) ;
#8048 = DIRECTION ( 'NONE',  ( 1.000000000000000000, 0.000000000000000000, 0.000000000000000000 ) ) ;
#8049 = DIRECTION ( 'NONE',  ( 0.000000000000000000, 0.000000000000000000, 1.000000000000000000 ) ) ;
#8050 = ADVANCED_FACE ( 'NONE', ( #258 ), #8193, .F. ) ;
#8051 = CC_DESIGN_PERSON_AND_ORGANIZATION_ASSIGNMENT ( #8465, #7170, ( #2439 ) ) ;
#8052 = EDGE_CURVE ( 'NONE', #3633, #7560, #12189, .T. ) ;
#8053 = CARTESIAN_POINT ( 'NONE',  ( 71.44999999999997442, 52.44999999999999574, 6.499999999999999112 ) ) ;
#8054 = CARTESIAN_POINT ( 'NONE',  ( 68.75000000000000000, 70.25000000000000000, 4.499999999999999112 ) ) ;
#8055 = VERTEX_POINT ( 'NONE', #22 ) ;
#8056 = EDGE_CURVE ( 'NONE', #8547, #8168, #11868, .T. ) ;
#8057 = CARTESIAN_POINT ( 'NONE',  ( 30.60000000000000142, 73.00000000000000000, 6.499999999999999112 ) ) ;
#8058 = ORIENTED_EDGE ( 'NONE', *, *, #10177, .F. ) ;
#8059 = CARTESIAN_POINT ( 'NONE',  ( 31.74999999999997158, 68.75000000000000000, 8.499999999999998224 ) ) ;
#8060 = ORIENTED_EDGE ( 'NONE', *, *, #12697, .F. ) ;
#8061 = DIRECTION ( 'NONE',  ( 1.000000000000000000, -0.000000000000000000, -0.000000000000000000 ) ) ;
#8062 = DIRECTION ( 'NONE',  ( 1.000000000000000000, 0.000000000000000000, 0.000000000000000000 ) ) ;
#8063 = EDGE_CURVE ( 'NONE', #8175, #3262, #11989, .T. ) ;
#8064 = CARTESIAN_POINT ( 'NONE',  ( 33.24999999999995737, 31.74999999999999289, 4.499999999999999112 ) ) ;
#8065 = ADVANCED_FACE ( 'NONE', ( #4918 ), #1860, .F. ) ;
#8066 = VECTOR ( 'NONE', #11531, 1000.000000000000000 ) ;
#8067 = DIRECTION ( 'NONE',  ( -0.000000000000000000, -0.000000000000000000, 1.000000000000000000 ) ) ;
#8068 = ADVANCED_FACE ( 'NONE', ( #4852 ), #11809, .T. ) ;
#8069 = VERTEX_POINT ( 'NONE', #5735 ) ;
#8070 = ADVANCED_FACE ( 'NONE', ( #4022 ), #10605, .F. ) ;
#8071 = CARTESIAN_POINT ( 'NONE',  ( 34.74999955999999202, 48.74999999999999289, -4.000000000000000000 ) ) ;
#8072 = CARTESIAN_POINT ( 'NONE',  ( 52.64999999999999147, 24.29998799999999548, 0.5253709514437873151 ) ) ;
#8073 = ORIENTED_EDGE ( 'NONE', *, *, #450, .T. ) ;
#8074 = CARTESIAN_POINT ( 'NONE',  ( 76.25000000000000000, 51.44999999999999574, 8.499999999999996447 ) ) ;
#8075 = EDGE_LOOP ( 'NONE', ( #7627, #8590, #7811, #4329 ) ) ;
#8076 = DIRECTION ( 'NONE',  ( 0.000000000000000000, 0.000000000000000000, 1.000000000000000000 ) ) ;
#8077 = VERTEX_POINT ( 'NONE', #5602 ) ;
#8078 = VECTOR ( 'NONE', #2797, 1000.000000000000000 ) ;
#8079 = ORIENTED_EDGE ( 'NONE', *, *, #4663, .F. ) ;
#8080 = LINE ( 'NONE', #3148, #10174 ) ;
#8081 = EDGE_LOOP ( 'NONE', ( #1425, #4108, #10956, #8134 ) ) ;
#8082 = CARTESIAN_POINT ( 'NONE',  ( 27.40000000000000924, 29.00000000000000000, 0.000000000000000000 ) ) ;
#8083 = EDGE_CURVE ( 'NONE', #3143, #9960, #7548, .T. ) ;
#8084 = AXIS2_PLACEMENT_3D ( 'NONE', #2764, #7885, #8812 ) ;
#8085 = DIRECTION ( 'NONE',  ( 0.000000000000000000, 0.000000000000000000, 1.000000000000000000 ) ) ;
#8086 = DIRECTION ( 'NONE',  ( -0.000000000000000000, -0.000000000000000000, 1.000000000000000000 ) ) ;
#8087 = CARTESIAN_POINT ( 'NONE',  ( 62.75000043999999377, 62.75000043999999377, -1.500000000000000000 ) ) ;
#8088 = ORIENTED_EDGE ( 'NONE', *, *, #909, .T. ) ;
#8089 = ORIENTED_EDGE ( 'NONE', *, *, #11446, .T. ) ;
#8090 = ORIENTED_EDGE ( 'NONE', *, *, #1715, .F. ) ;
#8091 = ORIENTED_EDGE ( 'NONE', *, *, #5127, .F. ) ;
#8092 = DIRECTION ( 'NONE',  ( -0.000000000000000000, -0.000000000000000000, -1.000000000000000000 ) ) ;
#8093 = AXIS2_PLACEMENT_3D ( 'NONE', #10830, #4973, #1924 ) ;
#8094 = VECTOR ( 'NONE', #4050, 1000.000000000000000 ) ;
#8095 = LINE ( 'NONE', #9285, #4404 ) ;
#8096 = DIRECTION ( 'NONE',  ( 0.000000000000000000, 0.000000000000000000, 1.000000000000000000 ) ) ;
#8097 = CARTESIAN_POINT ( 'NONE',  ( 59.19999999999998153, 68.45000000000000284, 8.499999999999998224 ) ) ;
#8098 = CARTESIAN_POINT ( 'NONE',  ( 67.79999999999999716, 27.35000000000000853, -1.599999999999997202 ) ) ;
#8099 = CARTESIAN_POINT ( 'NONE',  ( 34.74999999999996447, 25.75000000000000000, 4.499999999999999112 ) ) ;
#8100 = AXIS2_PLACEMENT_3D ( 'NONE', #320, #8255, #11303 ) ;
#8101 = CYLINDRICAL_SURFACE ( 'NONE', #11652, 1.000000000000000888 ) ;
#8102 = VECTOR ( 'NONE', #1492, 1000.000000000000000 ) ;
#8103 = VERTEX_POINT ( 'NONE', #9704 ) ;
#8104 = EDGE_CURVE ( 'NONE', #7465, #8340, #7612, .T. ) ;
#8105 = LINE ( 'NONE', #1945, #5611 ) ;
#8106 = DIRECTION ( 'NONE',  ( -0.000000000000000000, -0.000000000000000000, 1.000000000000000000 ) ) ;
#8107 = DIRECTION ( 'NONE',  ( 0.000000000000000000, -0.000000000000000000, -1.000000000000000000 ) ) ;
#8108 = ORIENTED_EDGE ( 'NONE', *, *, #2097, .F. ) ;
#8109 = AXIS2_PLACEMENT_3D ( 'NONE', #8220, #1072, #3156 ) ;
#8110 = CARTESIAN_POINT ( 'NONE',  ( 65.64999999999999147, 24.49999999999997513, 0.02537095144379032663 ) ) ;
#8111 = DIRECTION ( 'NONE',  ( -1.000000000000000000, 0.000000000000000000, 0.000000000000000000 ) ) ;
#8112 = CARTESIAN_POINT ( 'NONE',  ( 28.80000000000000782, 47.54999999999999716, 3.600000660000000519 ) ) ;
#8113 = DIRECTION ( 'NONE',  ( -0.000000000000000000, -0.000000000000000000, 1.000000000000000000 ) ) ;
#8114 = FACE_OUTER_BOUND ( 'NONE', #3698, .T. ) ;
#8115 = ORIENTED_EDGE ( 'NONE', *, *, #7303, .F. ) ;
#8116 = LINE ( 'NONE', #9100, #4688 ) ;
#8117 = ORIENTED_EDGE ( 'NONE', *, *, #996, .T. ) ;
#8118 = DIRECTION ( 'NONE',  ( -1.299418334065024873E-16, 1.000000000000000000, 0.000000000000000000 ) ) ;
#8119 = ORIENTED_EDGE ( 'NONE', *, *, #8735, .F. ) ;
#8120 = CONICAL_SURFACE ( 'NONE', #7300, 0.6999999999999784173, 0.7853981633974492782 ) ;
#8121 = LINE ( 'NONE', #1379, #415 ) ;
#8122 = DIRECTION ( 'NONE',  ( 0.000000000000000000, 0.000000000000000000, 1.000000000000000000 ) ) ;
#8123 = ADVANCED_FACE ( 'NONE', ( #12503 ), #10746, .F. ) ;
#8124 = DIRECTION ( 'NONE',  ( -1.000000000000000000, 0.000000000000000000, 0.000000000000000000 ) ) ;
#8125 = DIRECTION ( 'NONE',  ( 0.000000000000000000, -0.7071067811865524577, -0.7071067811865426878 ) ) ;
#8126 = ORIENTED_EDGE ( 'NONE', *, *, #3302, .T. ) ;
#8127 = AXIS2_PLACEMENT_3D ( 'NONE', #40, #2906, #7969 ) ;
#8128 = DIRECTION ( 'NONE',  ( -0.000000000000000000, -0.000000000000000000, 1.000000000000000000 ) ) ;
#8129 = CIRCLE ( 'NONE', #9171, 1.500000000000001332 ) ;
#8130 = DIRECTION ( 'NONE',  ( -0.000000000000000000, -0.000000000000000000, -1.000000000000000000 ) ) ;
#8131 = EDGE_CURVE ( 'NONE', #8641, #11289, #6156, .T. ) ;
#8132 = ORIENTED_EDGE ( 'NONE', *, *, #4670, .T. ) ;
#8133 = DIRECTION ( 'NONE',  ( 1.299418334065024873E-16, -1.000000000000000000, -0.000000000000000000 ) ) ;
#8134 = ORIENTED_EDGE ( 'NONE', *, *, #6407, .F. ) ;
#8135 = CARTESIAN_POINT ( 'NONE',  ( 62.75000043999999377, 37.24999955999998491, -5.000000000000000000 ) ) ;
#8136 = ORIENTED_EDGE ( 'NONE', *, *, #1417, .F. ) ;
#8137 = ORIENTED_EDGE ( 'NONE', *, *, #11987, .T. ) ;
#8138 = EDGE_CURVE ( 'NONE', #1106, #6457, #1765, .T. ) ;
#8139 = ORIENTED_EDGE ( 'NONE', *, *, #444, .T. ) ;
#8140 = EDGE_CURVE ( 'NONE', #4290, #3276, #788, .T. ) ;
#8141 = VECTOR ( 'NONE', #751, 1000.000000000000000 ) ;
#8142 = ADVANCED_FACE ( 'NONE', ( #12572 ), #4764, .F. ) ;
#8143 = DIRECTION ( 'NONE',  ( 0.000000000000000000, 0.000000000000000000, -1.000000000000000000 ) ) ;
#8144 = ORIENTED_EDGE ( 'NONE', *, *, #850, .F. ) ;
#8145 = DIRECTION ( 'NONE',  ( 0.000000000000000000, 0.000000000000000000, 1.000000000000000000 ) ) ;
#8146 = ORIENTED_EDGE ( 'NONE', *, *, #11353, .T. ) ;
#8147 = LINE ( 'NONE', #11945, #2589 ) ;
#8148 = DIRECTION ( 'NONE',  ( 0.000000000000000000, 0.000000000000000000, 1.000000000000000000 ) ) ;
#8149 = EDGE_CURVE ( 'NONE', #12758, #13, #650, .T. ) ;
#8150 = DIRECTION ( 'NONE',  ( 0.000000000000000000, 0.000000000000000000, -1.000000000000000000 ) ) ;
#8151 = EDGE_CURVE ( 'NONE', #12014, #12441, #6033, .T. ) ;
#8152 = EDGE_CURVE ( 'NONE', #8545, #5115, #10976, .T. ) ;
#8153 = ORIENTED_EDGE ( 'NONE', *, *, #4937, .T. ) ;
#8154 = CIRCLE ( 'NONE', #2550, 0.5000000000000004441 ) ;
#8155 = ORIENTED_EDGE ( 'NONE', *, *, #11433, .F. ) ;
#8156 = DIRECTION ( 'NONE',  ( -1.000000000000000000, 0.000000000000000000, -0.000000000000000000 ) ) ;
#8157 = ORIENTED_EDGE ( 'NONE', *, *, #1228, .F. ) ;
#8158 = VERTEX_POINT ( 'NONE', #7978 ) ;
#8159 = CARTESIAN_POINT ( 'NONE',  ( 77.69999999999998863, 28.29999999999999716, 9.500000000000005329 ) ) ;
#8160 = DIRECTION ( 'NONE',  ( 1.000000000000000000, 1.299418334065024873E-16, -0.000000000000000000 ) ) ;
#8161 = CARTESIAN_POINT ( 'NONE',  ( 50.19999999999998153, 70.95000000000000284, 6.499999999999999112 ) ) ;
#8162 = AXIS2_PLACEMENT_3D ( 'NONE', #7859, #1202, #2184 ) ;
#8163 = DIRECTION ( 'NONE',  ( 0.000000000000000000, 0.000000000000000000, -1.000000000000000000 ) ) ;
#8164 = VECTOR ( 'NONE', #1942, 1000.000000000000000 ) ;
#8165 = DIRECTION ( 'NONE',  ( 1.000000000000000000, 0.000000000000000000, 0.000000000000000000 ) ) ;
#8166 = FACE_OUTER_BOUND ( 'NONE', #2345, .T. ) ;
#8167 = DIRECTION ( 'NONE',  ( -1.299418334065024626E-16, 1.000000000000000000, 0.000000000000000000 ) ) ;
#8168 = VERTEX_POINT ( 'NONE', #7737 ) ;
#8169 = DIRECTION ( 'NONE',  ( 0.000000000000000000, 0.000000000000000000, 1.000000000000000000 ) ) ;
#8170 = VECTOR ( 'NONE', #9595, 1000.000000000000000 ) ;
#8171 = CARTESIAN_POINT ( 'NONE',  ( 67.79999999999999716, 74.64999999999997726, -1.600000000000004086 ) ) ;
#8172 = CARTESIAN_POINT ( 'NONE',  ( 65.64999999999999147, 24.29998799999999548, 5.999999999999999112 ) ) ;
#8173 = ORIENTED_EDGE ( 'NONE', *, *, #935, .F. ) ;
#8174 = AXIS2_PLACEMENT_3D ( 'NONE', #6184, #7223, #4043 ) ;
#8175 = VERTEX_POINT ( 'NONE', #2066 ) ;
#8176 = CARTESIAN_POINT ( 'NONE',  ( 65.64999999999999147, 25.75000000000000000, 0.5253709514437898687 ) ) ;
#8177 = DIRECTION ( 'NONE',  ( 0.000000000000000000, -1.172110456741089772E-16, 1.000000000000000000 ) ) ;
#8178 = PLANE ( 'NONE',  #8804 ) ;
#8179 = EDGE_CURVE ( 'NONE', #8458, #2949, #5667, .T. ) ;
#8180 = AXIS2_PLACEMENT_3D ( 'NONE', #10752, #8669, #541 ) ;
#8181 = VECTOR ( 'NONE', #5766, 1000.000000000000000 ) ;
#8182 = CONICAL_SURFACE ( 'NONE', #10267, 2.899999999999996358, 0.7853981633974447263 ) ;
#8183 = AXIS2_PLACEMENT_3D ( 'NONE', #3110, #1215, #3252 ) ;
#8184 = DIRECTION ( 'NONE',  ( 1.000000000000000000, 0.000000000000000000, -0.000000000000000000 ) ) ;
#8185 = CARTESIAN_POINT ( 'NONE',  ( 70.25000000000000000, 30.67905841137542922, 8.499999999999998224 ) ) ;
#8186 = FACE_OUTER_BOUND ( 'NONE', #1074, .T. ) ;
#8187 = ORIENTED_EDGE ( 'NONE', *, *, #1876, .F. ) ;
#8188 = FACE_OUTER_BOUND ( 'NONE', #10799, .T. ) ;
#8189 = VERTEX_POINT ( 'NONE', #8787 ) ;
#8190 = AXIS2_PLACEMENT_3D ( 'NONE', #5101, #947, #8076 ) ;
#8191 = CYLINDRICAL_SURFACE ( 'NONE', #9286, 1.500000000000001332 ) ;
#8192 = VERTEX_POINT ( 'NONE', #11965 ) ;
#8193 = PLANE ( 'NONE',  #9057 ) ;
#8194 = LINE ( 'NONE', #1300, #2494 ) ;
#8195 = CARTESIAN_POINT ( 'NONE',  ( 51.94999999999998153, 35.45000000000000284, 6.499999999999999112 ) ) ;
#8196 = CIRCLE ( 'NONE', #2176, 0.5000000000000001110 ) ;
#8197 = DIRECTION ( 'NONE',  ( -0.000000000000000000, -0.000000000000000000, 1.000000000000000000 ) ) ;
#8198 = ADVANCED_FACE ( 'NONE', ( #1834 ), #4627, .T. ) ;
#8199 = LINE ( 'NONE', #12185, #2534 ) ;
#8200 = ORIENTED_EDGE ( 'NONE', *, *, #3311, .F. ) ;
#8201 = AXIS2_PLACEMENT_3D ( 'NONE', #9668, #11692, #9857 ) ;
#8202 = CARTESIAN_POINT ( 'NONE',  ( 39.24999955999999912, 64.25000043999999377, -4.499999999999992895 ) ) ;
#8203 = DIRECTION ( 'NONE',  ( -1.000000000000000000, 0.000000000000000000, 0.000000000000000000 ) ) ;
#8204 = ORIENTED_EDGE ( 'NONE', *, *, #6332, .F. ) ;
#8205 = LINE ( 'NONE', #11074, #9353 ) ;
#8206 = VERTEX_POINT ( 'NONE', #3724 ) ;
#8207 = CARTESIAN_POINT ( 'NONE',  ( 51.94999999999998153, 36.45000000000000284, 6.499999999999999112 ) ) ;
#8208 = ORIENTED_EDGE ( 'NONE', *, *, #10058, .T. ) ;
#8209 = ORIENTED_EDGE ( 'NONE', *, *, #11435, .F. ) ;
#8210 = VERTEX_POINT ( 'NONE', #9764 ) ;
#8211 = CARTESIAN_POINT ( 'NONE',  ( 48.74999999999999289, 65.75000043999999377, -4.000000000000000000 ) ) ;
#8212 = ORIENTED_EDGE ( 'NONE', *, *, #7677, .F. ) ;
#8213 = VECTOR ( 'NONE', #9593, 1000.000000000000000 ) ;
#8214 = LINE ( 'NONE', #3026, #1122 ) ;
#8215 = CIRCLE ( 'NONE', #10722, 2.899999999999996358 ) ;
#8216 = DIRECTION ( 'NONE',  ( 1.000000000000000000, 0.000000000000000000, 0.000000000000000000 ) ) ;
#8217 = CARTESIAN_POINT ( 'NONE',  ( 28.74999999999999289, 73.25000000000000000, 21.50000000000000000 ) ) ;
#8218 = EDGE_CURVE ( 'NONE', #3449, #3296, #8659, .T. ) ;
#8219 = VECTOR ( 'NONE', #7535, 1000.000000000000000 ) ;
#8220 = CARTESIAN_POINT ( 'NONE',  ( 61.64999999999999147, 24.29998799999999548, 6.499999999999999112 ) ) ;
#8221 = EDGE_CURVE ( 'NONE', #227, #8565, #10937, .T. ) ;
#8222 = EDGE_LOOP ( 'NONE', ( #4167, #9868, #1013, #12484 ) ) ;
#8223 = ADVANCED_FACE ( 'NONE', ( #3591 ), #5536, .F. ) ;
#8224 = ORIENTED_EDGE ( 'NONE', *, *, #11863, .F. ) ;
#8225 = AXIS2_PLACEMENT_3D ( 'NONE', #4014, #10912, #7972 ) ;
#8226 = DIRECTION ( 'NONE',  ( 0.000000000000000000, 0.000000000000000000, -1.000000000000000000 ) ) ;
#8227 = ORIENTED_EDGE ( 'NONE', *, *, #5521, .F. ) ;
#8228 = ORIENTED_EDGE ( 'NONE', *, *, #9125, .F. ) ;
#8229 = DIRECTION ( 'NONE',  ( -0.000000000000000000, -0.000000000000000000, -1.000000000000000000 ) ) ;
#8230 = AXIS2_PLACEMENT_3D ( 'NONE', #7955, #6860, #9850 ) ;
#8231 = DIRECTION ( 'NONE',  ( -0.7071067811865524577, 0.000000000000000000, -0.7071067811865426878 ) ) ;
#8232 = CIRCLE ( 'NONE', #11570, 1.500000000000001332 ) ;
#8233 = EDGE_CURVE ( 'NONE', #4, #391, #12887, .T. ) ;
#8234 = EDGE_CURVE ( 'NONE', #649, #2234, #3912, .T. ) ;
#8235 = DIRECTION ( 'NONE',  ( -1.000000000000000000, 0.000000000000000000, 0.000000000000000000 ) ) ;
#8236 = ADVANCED_FACE ( 'NONE', ( #5730 ), #4760, .T. ) ;
#8237 = CARTESIAN_POINT ( 'NONE',  ( 50.44999999999998153, 35.45000000000000284, 6.499999999999999112 ) ) ;
#8238 = EDGE_CURVE ( 'NONE', #2582, #1400, #11907, .T. ) ;
#8239 = ADVANCED_FACE ( 'NONE', ( #7733 ), #6369, .F. ) ;
#8240 = DIRECTION ( 'NONE',  ( -1.000000000000000000, 0.000000000000000000, 0.000000000000000000 ) ) ;
#8241 = EDGE_CURVE ( 'NONE', #1970, #9337, #10862, .T. ) ;
#8242 = CARTESIAN_POINT ( 'NONE',  ( 30.25000000000000355, 73.00000000000000000, -1.600000000000000311 ) ) ;
#8243 = DIRECTION ( 'NONE',  ( -1.000000000000000000, -1.299418334065024626E-16, 0.000000000000000000 ) ) ;
#8244 = EDGE_LOOP ( 'NONE', ( #3745, #2854, #7158, #12502 ) ) ;
#8245 = DIRECTION ( 'NONE',  ( -0.000000000000000000, -1.000000000000000000, -0.000000000000000000 ) ) ;
#8246 = PLANE ( 'NONE',  #2798 ) ;
#8247 = FACE_OUTER_BOUND ( 'NONE', #2236, .T. ) ;
#8248 = ORIENTED_EDGE ( 'NONE', *, *, #8637, .T. ) ;
#8249 = ORIENTED_EDGE ( 'NONE', *, *, #8955, .F. ) ;
#8250 = DIRECTION ( 'NONE',  ( -0.7071067811865474617, 0.7071067811865474617, 0.000000000000000000 ) ) ;
#8251 = CARTESIAN_POINT ( 'NONE',  ( 73.00000000000000000, 73.00000000000000000, 44.50000000000000711 ) ) ;
#8252 = DIRECTION ( 'NONE',  ( -1.000000000000000000, 0.000000000000000000, 0.000000000000000000 ) ) ;
#8253 = ORIENTED_EDGE ( 'NONE', *, *, #9607, .F. ) ;
#8254 = CARTESIAN_POINT ( 'NONE',  ( 54.14999999999999147, 25.75000000000000000, 5.999999999999996447 ) ) ;
#8255 = DIRECTION ( 'NONE',  ( 0.000000000000000000, -1.000000000000000000, 0.000000000000000000 ) ) ;
#8256 = ORIENTED_EDGE ( 'NONE', *, *, #2778, .T. ) ;
#8257 = LINE ( 'NONE', #12435, #2571 ) ;
#8258 = ORIENTED_EDGE ( 'NONE', *, *, #331, .F. ) ;
#8259 = DIRECTION ( 'NONE',  ( 1.000000000000000000, 0.000000000000000000, 0.000000000000000000 ) ) ;
#8260 = VERTEX_POINT ( 'NONE', #9700 ) ;
#8261 = FACE_BOUND ( 'NONE', #3761, .T. ) ;
#8262 = DIRECTION ( 'NONE',  ( 0.000000000000000000, -0.7071067811865460184, 0.7071067811865490160 ) ) ;
#8263 = FACE_BOUND ( 'NONE', #6517, .T. ) ;
#8264 = PLANE ( 'NONE',  #10426 ) ;
#8265 = ORIENTED_EDGE ( 'NONE', *, *, #3842, .T. ) ;
#8266 = VECTOR ( 'NONE', #8651, 1000.000000000000000 ) ;
#8267 = DIRECTION ( 'NONE',  ( -1.000000000000000000, 0.000000000000000000, -0.000000000000000000 ) ) ;
#8268 = ORIENTED_EDGE ( 'NONE', *, *, #8310, .T. ) ;
#8269 = CARTESIAN_POINT ( 'NONE',  ( 66.14999999999999147, 24.49999999999997513, 0.5253709514437902017 ) ) ;
#8270 = EDGE_CURVE ( 'NONE', #12665, #3982, #1038, .T. ) ;
#8271 = CIRCLE ( 'NONE', #4333, 1.000000000000000888 ) ;
#8272 = ORIENTED_EDGE ( 'NONE', *, *, #404, .T. ) ;
#8273 = CARTESIAN_POINT ( 'NONE',  ( 55.14999999999999147, 25.75000000000000000, -3.500000000000000000 ) ) ;
#8274 = ORIENTED_EDGE ( 'NONE', *, *, #5531, .F. ) ;
#8275 = ORIENTED_EDGE ( 'NONE', *, *, #1798, .F. ) ;
#8276 = VERTEX_POINT ( 'NONE', #2804 ) ;
#8277 = AXIS2_PLACEMENT_3D ( 'NONE', #9504, #3339, #590 ) ;
#8278 = CARTESIAN_POINT ( 'NONE',  ( 71.44999999999997442, 58.19999999999998863, 8.499999999999998224 ) ) ;
#8279 = ADVANCED_FACE ( 'NONE', ( #5983 ), #2625, .F. ) ;
#8280 = ORIENTED_EDGE ( 'NONE', *, *, #7448, .F. ) ;
#8281 = CARTESIAN_POINT ( 'NONE',  ( 69.79999999999999716, 25.75000000000000000, -67.93053710242747911 ) ) ;
#8282 = DIRECTION ( 'NONE',  ( -0.000000000000000000, -0.000000000000000000, -1.000000000000000000 ) ) ;
#8283 = DIRECTION ( 'NONE',  ( -0.000000000000000000, -0.000000000000000000, -1.000000000000000000 ) ) ;
#8284 = ORIENTED_EDGE ( 'NONE', *, *, #11890, .T. ) ;
#8285 = ORIENTED_EDGE ( 'NONE', *, *, #9994, .T. ) ;
#8286 = CYLINDRICAL_SURFACE ( 'NONE', #9615, 1.250000000000001110 ) ;
#8287 = ORIENTED_EDGE ( 'NONE', *, *, #11744, .F. ) ;
#8288 = ORIENTED_EDGE ( 'NONE', *, *, #3915, .F. ) ;
#8289 = DIRECTION ( 'NONE',  ( -1.000000000000000000, 0.000000000000000000, 0.000000000000000000 ) ) ;
#8290 = DIRECTION ( 'NONE',  ( 0.000000000000000000, 0.000000000000000000, -1.000000000000000000 ) ) ;
#8291 = CARTESIAN_POINT ( 'NONE',  ( 77.69999999999998863, 33.00749664306601261, 3.323999333381999932 ) ) ;
#8292 = DIRECTION ( 'NONE',  ( -1.000000000000000000, 0.000000000000000000, 0.000000000000000000 ) ) ;
#8293 = AXIS2_PLACEMENT_3D ( 'NONE', #5011, #8113, #10336 ) ;
#8294 = EDGE_CURVE ( 'NONE', #10725, #4459, #5007, .T. ) ;
#8295 = LINE ( 'NONE', #9530, #4238 ) ;
#8296 = EDGE_CURVE ( 'NONE', #12595, #11768, #4496, .T. ) ;
#8297 = DIRECTION ( 'NONE',  ( 1.000000000000000000, 0.000000000000000000, 0.000000000000000000 ) ) ;
#8298 = DIRECTION ( 'NONE',  ( -1.000000000000000000, 0.000000000000000000, 0.000000000000000000 ) ) ;
#8299 = VERTEX_POINT ( 'NONE', #12634 ) ;
#8300 = AXIS2_PLACEMENT_3D ( 'NONE', #11810, #9851, #952 ) ;
#8301 = CARTESIAN_POINT ( 'NONE',  ( 29.00000000000000000, 73.00000000000000000, -1.600000000000000311 ) ) ;
#8302 = EDGE_CURVE ( 'NONE', #8356, #9261, #1955, .T. ) ;
#8303 = CIRCLE ( 'NONE', #10811, 0.7500000000000006661 ) ;
#8304 = CIRCLE ( 'NONE', #9956, 0.6999999999999784173 ) ;
#8305 = LINE ( 'NONE', #10448, #3640 ) ;
#8306 = ADVANCED_FACE ( 'NONE', ( #9819 ), #911, .T. ) ;
#8307 = CARTESIAN_POINT ( 'NONE',  ( 71.99999999999998579, 32.77905841137542353, 3.323999333381996824 ) ) ;
#8308 = EDGE_LOOP ( 'NONE', ( #7096, #10683, #7638, #6047 ) ) ;
#8309 = ORIENTED_EDGE ( 'NONE', *, *, #7111, .T. ) ;
#8310 = EDGE_CURVE ( 'NONE', #8055, #6180, #10667, .T. ) ;
#8311 = DIRECTION ( 'NONE',  ( -0.000000000000000000, -1.000000000000000000, -0.000000000000000000 ) ) ;
#8312 = DIRECTION ( 'NONE',  ( 0.000000000000000000, 0.000000000000000000, 1.000000000000000000 ) ) ;
#8313 = CARTESIAN_POINT ( 'NONE',  ( 73.25000000000000000, 25.75000000000000000, 0.000000000000000000 ) ) ;
#8314 = EDGE_CURVE ( 'NONE', #11876, #1097, #7670, .T. ) ;
#8315 = VECTOR ( 'NONE', #9084, 1000.000000000000000 ) ;
#8316 = AXIS2_PLACEMENT_3D ( 'NONE', #7146, #8377, #1362 ) ;
#8317 = EDGE_CURVE ( 'NONE', #5707, #4448, #2870, .T. ) ;
#8318 = ORIENTED_EDGE ( 'NONE', *, *, #12696, .F. ) ;
#8319 = CARTESIAN_POINT ( 'NONE',  ( 25.74999999999999289, 46.54999999999999716, 3.600000660000000963 ) ) ;
#8320 = CARTESIAN_POINT ( 'NONE',  ( 77.69999999999998863, 24.29999999999999716, 6.699999999999995737 ) ) ;
#8321 = ORIENTED_EDGE ( 'NONE', *, *, #9631, .T. ) ;
#8322 = DIRECTION ( 'NONE',  ( 0.000000000000000000, -0.000000000000000000, -1.000000000000000000 ) ) ;
#8323 = VERTEX_POINT ( 'NONE', #12757 ) ;
#8324 = DIRECTION ( 'NONE',  ( 0.000000000000000000, 1.000000000000000000, 0.000000000000000000 ) ) ;
#8325 = ORIENTED_EDGE ( 'NONE', *, *, #3227, .T. ) ;
#8326 = DIRECTION ( 'NONE',  ( 1.000000000000000000, 0.000000000000000000, -0.000000000000000000 ) ) ;
#8327 = CARTESIAN_POINT ( 'NONE',  ( 77.69999999999998863, 40.40749664306598987, 4.823999333381999932 ) ) ;
#8328 = CARTESIAN_POINT ( 'NONE',  ( 28.74999999999998934, 28.74999999999999645, 0.000000000000000000 ) ) ;
#8329 = DIRECTION ( 'NONE',  ( -1.000000000000000000, 0.000000000000000000, 0.000000000000000000 ) ) ;
#8330 = VECTOR ( 'NONE', #10694, 1000.000000000000000 ) ;
#8331 = ORIENTED_EDGE ( 'NONE', *, *, #620, .F. ) ;
#8332 = CARTESIAN_POINT ( 'NONE',  ( 73.00000000000000000, 73.00000000000000000, 6.499999999999999112 ) ) ;
#8333 = LINE ( 'NONE', #1447, #7459 ) ;
#8334 = VERTEX_POINT ( 'NONE', #3850 ) ;
#8335 = CIRCLE ( 'NONE', #5643, 1.250000000000001110 ) ;
#8336 = FACE_OUTER_BOUND ( 'NONE', #4119, .T. ) ;
#8337 = ORIENTED_EDGE ( 'NONE', *, *, #12536, .T. ) ;
#8338 = CARTESIAN_POINT ( 'NONE',  ( 25.74999999999999289, 32.25000000000000000, -4.000000000000003553 ) ) ;
#8339 = ORIENTED_EDGE ( 'NONE', *, *, #12686, .T. ) ;
#8340 = VERTEX_POINT ( 'NONE', #7803 ) ;
#8341 = ORIENTED_EDGE ( 'NONE', *, *, #7483, .T. ) ;
#8342 = CARTESIAN_POINT ( 'NONE',  ( 36.24999955999999912, 48.74999999999999289, -4.000000000000000000 ) ) ;
#8343 = EDGE_LOOP ( 'NONE', ( #5049, #9882, #3039, #3018 ) ) ;
#8344 = AXIS2_PLACEMENT_3D ( 'NONE', #12018, #4278, #3166 ) ;
#8345 = CIRCLE ( 'NONE', #2743, 0.5000000000000001110 ) ;
#8346 = CARTESIAN_POINT ( 'NONE',  ( 59.69999999999998153, 69.45000000000000284, 4.999999999999998224 ) ) ;
#8347 = EDGE_CURVE ( 'NONE', #11289, #1970, #6833, .T. ) ;
#8348 = VERTEX_POINT ( 'NONE', #2928 ) ;
#8349 = CARTESIAN_POINT ( 'NONE',  ( 61.64999999999999147, 25.75000000000000000, -3.500000000000000000 ) ) ;
#8350 = CARTESIAN_POINT ( 'NONE',  ( 70.59900000000000375, 69.74999999999998579, -3.000000000000000000 ) ) ;
#8351 = VERTEX_POINT ( 'NONE', #12231 ) ;
#8352 = EDGE_LOOP ( 'NONE', ( #1912, #8325, #11079, #1396 ) ) ;
#8353 = VECTOR ( 'NONE', #1534, 1000.000000000000000 ) ;
#8355 = ADVANCED_FACE ( 'NONE', ( #1363 ), #11121, .F. ) ;
#8354 = CARTESIAN_POINT ( 'NONE',  ( 57.64999999999999147, 24.49999999999999289, 5.999999999999999112 ) ) ;
#8356 = VERTEX_POINT ( 'NONE', #9999 ) ;
#8357 = ORIENTED_EDGE ( 'NONE', *, *, #7203, .F. ) ;
#8359 = CARTESIAN_POINT ( 'NONE',  ( 29.00000000000000000, 29.00000000000000000, 9.499999999999991118 ) ) ;
#8358 = AXIS2_PLACEMENT_3D ( 'NONE', #9791, #11689, #11996 ) ;
#8360 = CARTESIAN_POINT ( 'NONE',  ( 73.69999999999998863, 77.19999999999998863, -5.000000000000000000 ) ) ;
#8361 = ADVANCED_FACE ( 'NONE', ( #10127 ), #10985, .F. ) ;
#8362 = DIRECTION ( 'NONE',  ( -1.000000000000000000, 0.000000000000000000, 0.000000000000000000 ) ) ;
#8363 = CARTESIAN_POINT ( 'NONE',  ( 59.14999999999999147, 24.49999999999999289, 0.02537095144379032663 ) ) ;
#8364 = EDGE_CURVE ( 'NONE', #9338, #10010, #9067, .T. ) ;
#8365 = LINE ( 'NONE', #6545, #1537 ) ;
#8366 = DIRECTION ( 'NONE',  ( -0.000000000000000000, 0.000000000000000000, -1.000000000000000000 ) ) ;
#8367 = AXIS2_PLACEMENT_3D ( 'NONE', #4555, #648, #9442 ) ;
#8368 = CARTESIAN_POINT ( 'NONE',  ( 25.74999999999999645, 73.25000000000000000, 0.000000000000000000 ) ) ;
#8369 = ORIENTED_EDGE ( 'NONE', *, *, #7517, .F. ) ;
#8370 = CARTESIAN_POINT ( 'NONE',  ( 25.74999999999998934, 69.74999999999998579, -1.600000000000000311 ) ) ;
#8371 = DIRECTION ( 'NONE',  ( -1.000000000000000000, 0.000000000000000000, -0.000000000000000000 ) ) ;
#8372 = VECTOR ( 'NONE', #2699, 1000.000000000000000 ) ;
#8373 = DIRECTION ( 'NONE',  ( 0.000000000000000000, 0.000000000000000000, -1.000000000000000000 ) ) ;
#8374 = ORIENTED_EDGE ( 'NONE', *, *, #9750, .F. ) ;
#8375 = VECTOR ( 'NONE', #12816, 1000.000000000000000 ) ;
#8376 = VERTEX_POINT ( 'NONE', #1100 ) ;
#8377 = DIRECTION ( 'NONE',  ( 0.000000000000000000, -0.000000000000000000, -1.000000000000000000 ) ) ;
#8378 = LINE ( 'NONE', #3451, #9259 ) ;
#8379 = CARTESIAN_POINT ( 'NONE',  ( 76.25000000000000000, 70.25000000000000000, 78.50196847342608919 ) ) ;
#8380 = EDGE_CURVE ( 'NONE', #8987, #8859, #9159, .T. ) ;
#8381 = ORIENTED_EDGE ( 'NONE', *, *, #7436, .F. ) ;
#8382 = CARTESIAN_POINT ( 'NONE',  ( 31.89999999999999858, 73.00000000000000000, 6.499999999999999112 ) ) ;
#8383 = CIRCLE ( 'NONE', #11721, 1.000000000000000888 ) ;
#8384 = EDGE_CURVE ( 'NONE', #4927, #8430, #182, .T. ) ;
#8385 = DIRECTION ( 'NONE',  ( 0.000000000000000000, 0.000000000000000000, -1.000000000000000000 ) ) ;
#8386 = DIRECTION ( 'NONE',  ( 0.000000000000000000, 0.000000000000000000, -1.000000000000000000 ) ) ;
#8387 = EDGE_CURVE ( 'NONE', #6328, #6590, #12166, .T. ) ;
#8388 = DIRECTION ( 'NONE',  ( 0.000000000000000000, 0.000000000000000000, -1.000000000000000000 ) ) ;
#8389 = ORIENTED_EDGE ( 'NONE', *, *, #9097, .T. ) ;
#8390 = CARTESIAN_POINT ( 'NONE',  ( 42.69999999999998863, 69.95000000000000284, 8.499999999999998224 ) ) ;
#8391 = DIRECTION ( 'NONE',  ( 0.000000000000000000, 1.000000000000000000, 0.000000000000000000 ) ) ;
#8392 = AXIS2_PLACEMENT_3D ( 'NONE', #4338, #10114, #1210 ) ;
#8393 = AXIS2_PLACEMENT_3D ( 'NONE', #11800, #4720, #5812 ) ;
#8394 = EDGE_CURVE ( 'NONE', #11731, #66, #12591, .T. ) ;
#8395 = CIRCLE ( 'NONE', #704, 3.000000000000002665 ) ;
#8396 = CARTESIAN_POINT ( 'NONE',  ( 59.19999999999998153, 68.45000000000000284, 4.999999999999998224 ) ) ;
#8397 = EDGE_CURVE ( 'NONE', #139, #11534, #2268, .T. ) ;
#8398 = ORIENTED_EDGE ( 'NONE', *, *, #2587, .F. ) ;
#8399 = EDGE_CURVE ( 'NONE', #4861, #2533, #2400, .T. ) ;
#8400 = VECTOR ( 'NONE', #9738, 1000.000000000000000 ) ;
#8401 = ADVANCED_FACE ( 'NONE', ( #10193 ), #5137, .F. ) ;
#8402 = DIRECTION ( 'NONE',  ( 1.000000000000000000, 0.000000000000000000, 0.000000000000000000 ) ) ;
#8403 = ORIENTED_EDGE ( 'NONE', *, *, #10941, .T. ) ;
#8404 =( NAMED_UNIT ( * ) SI_UNIT ( $, .STERADIAN. ) SOLID_ANGLE_UNIT ( ) );
#8405 = FACE_OUTER_BOUND ( 'NONE', #3872, .T. ) ;
#8406 = VECTOR ( 'NONE', #4511, 1000.000000000000000 ) ;
#8407 = VECTOR ( 'NONE', #9201, 1000.000000000000000 ) ;
#8408 = PRODUCT_DEFINITION_FORMATION_WITH_SPECIFIED_SOURCE ( 'ä»', '', #2439, .NOT_KNOWN. ) ;
#8409 = ORIENTED_EDGE ( 'NONE', *, *, #7643, .T. ) ;
#8410 = CARTESIAN_POINT ( 'NONE',  ( 60.14999999999999147, 24.29998799999999548, 5.999999999999999112 ) ) ;
#8411 = EDGE_LOOP ( 'NONE', ( #7782, #4947, #3346, #2983 ) ) ;
#8412 = CARTESIAN_POINT ( 'NONE',  ( 24.80000000000001137, 3.222557468481261822E-15, 9.999999999999998224 ) ) ;
#8413 = VERTEX_POINT ( 'NONE', #7275 ) ;
#8414 = AXIS2_PLACEMENT_3D ( 'NONE', #1771, #9768, #2681 ) ;
#8415 = VERTEX_POINT ( 'NONE', #9092 ) ;
#8416 = VERTEX_POINT ( 'NONE', #1287 ) ;
#8417 = DIRECTION ( 'NONE',  ( 1.299418334065024873E-16, -1.000000000000000000, -0.000000000000000000 ) ) ;
#8418 = EDGE_LOOP ( 'NONE', ( #11481, #2156, #7484, #10159 ) ) ;
#8419 = ORIENTED_EDGE ( 'NONE', *, *, #4517, .F. ) ;
#8420 = LINE ( 'NONE', #1522, #11871 ) ;
#8421 = ORIENTED_EDGE ( 'NONE', *, *, #202, .F. ) ;
#8422 = CARTESIAN_POINT ( 'NONE',  ( 28.74999999999998934, 28.74999999999999645, -4.000000000000000000 ) ) ;
#8423 = AXIS2_PLACEMENT_3D ( 'NONE', #11245, #11184, #5196 ) ;
#8424 = DIRECTION ( 'NONE',  ( -1.299418334065024873E-16, 1.000000000000000000, 0.000000000000000000 ) ) ;
#8425 = VERTEX_POINT ( 'NONE', #5262 ) ;
#8426 = EDGE_LOOP ( 'NONE', ( #4363, #8952, #3000, #2548, #10922, #6834 ) ) ;
#8427 = VECTOR ( 'NONE', #7187, 1000.000000000000000 ) ;
#8428 = LINE ( 'NONE', #5366, #11910 ) ;
#8429 = ORIENTED_EDGE ( 'NONE', *, *, #9978, .T. ) ;
#8430 = VERTEX_POINT ( 'NONE', #8967 ) ;
#8431 = LINE ( 'NONE', #1793, #6143 ) ;
#8432 = LINE ( 'NONE', #8733, #3380 ) ;
#8433 = LINE ( 'NONE', #5504, #12600 ) ;
#8434 = AXIS2_PLACEMENT_3D ( 'NONE', #2904, #7904, #2122 ) ;
#8435 = CARTESIAN_POINT ( 'NONE',  ( 32.24999999999998579, 25.74999999999999645, -67.93053710242747911 ) ) ;
#8436 = DIRECTION ( 'NONE',  ( -1.299418334065024626E-16, 1.000000000000000000, 0.000000000000000000 ) ) ;
#8437 = AXIS2_PLACEMENT_3D ( 'NONE', #10401, #11586, #11517 ) ;
#8438 = DIRECTION ( 'NONE',  ( 0.000000000000000000, 0.000000000000000000, -1.000000000000000000 ) ) ;
#8439 = CARTESIAN_POINT ( 'NONE',  ( 61.64999999999999147, 24.29999999999999361, 0.5253709514437902017 ) ) ;
#8440 = CIRCLE ( 'NONE', #8093, 2.499999999999998668 ) ;
#8441 = ORIENTED_EDGE ( 'NONE', *, *, #11309, .F. ) ;
#8442 = VECTOR ( 'NONE', #11717, 1000.000000000000000 ) ;
#8443 = AXIS2_PLACEMENT_3D ( 'NONE', #120, #5791, #9933 ) ;
#8444 = CARTESIAN_POINT ( 'NONE',  ( 73.69999999999998863, 73.69999999999998863, 9.500000000000005329 ) ) ;
#8445 = EDGE_CURVE ( 'NONE', #8810, #4590, #9229, .T. ) ;
#8446 = DIRECTION ( 'NONE',  ( 0.000000000000000000, 0.000000000000000000, -1.000000000000000000 ) ) ;
#8447 = VERTEX_POINT ( 'NONE', #3319 ) ;
#8448 = VERTEX_POINT ( 'NONE', #5069 ) ;
#8449 = LINE ( 'NONE', #6559, #335 ) ;
#8450 = CARTESIAN_POINT ( 'NONE',  ( 48.74999999999999289, 74.64999999999997726, 35.97994811066136833 ) ) ;
#8451 = DIRECTION ( 'NONE',  ( 0.000000000000000000, -1.000000000000000000, 0.000000000000000000 ) ) ;
#8452 = CIRCLE ( 'NONE', #5752, 2.899999999999999911 ) ;
#8453 = CARTESIAN_POINT ( 'NONE',  ( 77.69999999999998863, 39.40749664306598987, 3.323999333381999488 ) ) ;
#8454 = DIRECTION ( 'NONE',  ( -0.000000000000000000, -0.000000000000000000, -1.000000000000000000 ) ) ;
#8455 = CYLINDRICAL_SURFACE ( 'NONE', #7749, 0.5000000000000004441 ) ;
#8456 = LINE ( 'NONE', #1373, #4654 ) ;
#8457 = LINE ( 'NONE', #10663, #7404 ) ;
#8458 = VERTEX_POINT ( 'NONE', #2333 ) ;
#8459 = CARTESIAN_POINT ( 'NONE',  ( 0.000000000000000000, 0.000000000000000000, -5.000000000000000000 ) ) ;
#8460 = CARTESIAN_POINT ( 'NONE',  ( 34.74999999999997868, 74.75000000000000000, 4.499999999999999112 ) ) ;
#8461 = LINE ( 'NONE', #12440, #10867 ) ;
#8462 = ADVANCED_FACE ( 'NONE', ( #3055 ), #6302, .F. ) ;
#8463 = ADVANCED_FACE ( 'NONE', ( #4036 ), #7990, .F. ) ;
#8464 = VERTEX_POINT ( 'NONE', #12032 ) ;
#8465 = PERSON_AND_ORGANIZATION ( #6428, #3852 ) ;
#8466 = LINE ( 'NONE', #4439, #8066 ) ;
#8467 = VERTEX_POINT ( 'NONE', #3114 ) ;
#8468 = CARTESIAN_POINT ( 'NONE',  ( 53.64999999999999147, 24.29998799999999548, 5.999999999999996447 ) ) ;
#8469 = ORIENTED_EDGE ( 'NONE', *, *, #3352, .T. ) ;
#8470 = EDGE_CURVE ( 'NONE', #925, #11520, #9666, .T. ) ;
#8471 = DIRECTION ( 'NONE',  ( 1.000000000000000000, 0.000000000000000000, 0.000000000000000000 ) ) ;
#8472 = ORIENTED_EDGE ( 'NONE', *, *, #5112, .F. ) ;
#8473 = ORIENTED_EDGE ( 'NONE', *, *, #4271, .F. ) ;
#8474 = EDGE_CURVE ( 'NONE', #9759, #6398, #1777, .T. ) ;
#8475 = VERTEX_POINT ( 'NONE', #7595 ) ;
#8476 = DIRECTION ( 'NONE',  ( 1.000000000000000000, 0.000000000000000000, 0.000000000000000000 ) ) ;
#8477 = EDGE_CURVE ( 'NONE', #1517, #11534, #8636, .T. ) ;
#8478 = ORIENTED_EDGE ( 'NONE', *, *, #5058, .F. ) ;
#8479 = EDGE_CURVE ( 'NONE', #8813, #8376, #7338, .T. ) ;
#8480 = ORIENTED_EDGE ( 'NONE', *, *, #6171, .T. ) ;
#8481 = DIRECTION ( 'NONE',  ( 0.000000000000000000, 0.000000000000000000, -1.000000000000000000 ) ) ;
#8482 = ORIENTED_EDGE ( 'NONE', *, *, #11621, .F. ) ;
#8483 = CARTESIAN_POINT ( 'NONE',  ( 52.64999999999999147, 25.75000000000000000, -3.500000000000003109 ) ) ;
#8484 = DIRECTION ( 'NONE',  ( 1.000000000000000000, 0.000000000000000000, 0.000000000000000000 ) ) ;
#8485 = ORIENTED_EDGE ( 'NONE', *, *, #5690, .T. ) ;
#8486 = ORIENTED_EDGE ( 'NONE', *, *, #4146, .F. ) ;
#8487 = DIRECTION ( 'NONE',  ( -0.000000000000000000, 0.000000000000000000, 1.000000000000000000 ) ) ;
#8488 = EDGE_LOOP ( 'NONE', ( #11752, #2464, #243, #6207, #7783, #4250, #8001, #3704 ) ) ;
#8489 = ORIENTED_EDGE ( 'NONE', *, *, #6161, .T. ) ;
#8490 = CARTESIAN_POINT ( 'NONE',  ( 71.88799999999999102, 68.99999999999998579, -3.000000000000000000 ) ) ;
#8491 = FACE_OUTER_BOUND ( 'NONE', #9156, .T. ) ;
#8492 = LINE ( 'NONE', #494, #3665 ) ;
#8493 = LINE ( 'NONE', #6479, #6904 ) ;
#8494 = ADVANCED_FACE ( 'NONE', ( #11445 ), #1616, .T. ) ;
#8495 = DIRECTION ( 'NONE',  ( -1.000000000000000000, 0.000000000000000000, 0.000000000000000000 ) ) ;
#8496 = VECTOR ( 'NONE', #12190, 1000.000000000000000 ) ;
#8497 = DIRECTION ( 'NONE',  ( -0.7071067811865474617, -0.7071067811865474617, 0.000000000000000000 ) ) ;
#8498 = CARTESIAN_POINT ( 'NONE',  ( 75.89999999999999147, 73.00000000000000000, 6.499999999999999112 ) ) ;
#8499 = ORIENTED_EDGE ( 'NONE', *, *, #8912, .F. ) ;
#8500 = CARTESIAN_POINT ( 'NONE',  ( 28.30000000000001137, 28.29999999999999005, 9.999999999999998224 ) ) ;
#8501 = CARTESIAN_POINT ( 'NONE',  ( 55.14999999999999147, 24.49999999999999289, 5.999999999999999112 ) ) ;
#8502 = VERTEX_POINT ( 'NONE', #10333 ) ;
#8503 = AXIS2_PLACEMENT_3D ( 'NONE', #1044, #11054, #186 ) ;
#8504 = VERTEX_POINT ( 'NONE', #4543 ) ;
#8505 = LINE ( 'NONE', #9422, #8021 ) ;
#8506 = DIRECTION ( 'NONE',  ( 0.000000000000000000, 0.000000000000000000, 1.000000000000000000 ) ) ;
#8507 = LINE ( 'NONE', #3708, #10452 ) ;
#8508 = ADVANCED_FACE ( 'NONE', ( #12551 ), #1428, .T. ) ;
#8509 = CIRCLE ( 'NONE', #4565, 0.6999999999999992895 ) ;
#8510 = CYLINDRICAL_SURFACE ( 'NONE', #9112, 1.500000000000001332 ) ;
#8511 = DIRECTION ( 'NONE',  ( -1.000000000000000000, 0.000000000000000000, 0.000000000000000000 ) ) ;
#8512 = CARTESIAN_POINT ( 'NONE',  ( 59.69999999999997442, 37.45000000000000284, 8.499999999999998224 ) ) ;
#8513 = CYLINDRICAL_SURFACE ( 'NONE', #6931, 1.000000000000000888 ) ;
#8514 = DIRECTION ( 'NONE',  ( -1.299418334065024873E-16, 1.000000000000000000, 0.000000000000000000 ) ) ;
#8515 = ORIENTED_EDGE ( 'NONE', *, *, #7115, .T. ) ;
#8516 = AXIS2_PLACEMENT_3D ( 'NONE', #12797, #4730, #8684 ) ;
#8517 = FACE_OUTER_BOUND ( 'NONE', #632, .T. ) ;
#8518 = DIRECTION ( 'NONE',  ( -1.000000000000000000, 0.000000000000000000, 0.000000000000000000 ) ) ;
#8519 = CIRCLE ( 'NONE', #11439, 1.000000000000000888 ) ;
#8520 = ORIENTED_EDGE ( 'NONE', *, *, #5218, .F. ) ;
#8521 = CARTESIAN_POINT ( 'NONE',  ( 70.25000000000000000, 31.67905841137542922, 8.499999999999998224 ) ) ;
#8522 = ORIENTED_EDGE ( 'NONE', *, *, #12779, .T. ) ;
#8523 = CARTESIAN_POINT ( 'NONE',  ( 76.69999999999998863, 40.40749664306598987, -0.3000000000000007105 ) ) ;
#8524 = PERSON_AND_ORGANIZATION ( #6428, #3852 ) ;
#8525 = AXIS2_PLACEMENT_3D ( 'NONE', #6291, #5639, #6611 ) ;
#8526 = DIRECTION ( 'NONE',  ( -0.000000000000000000, 0.000000000000000000, 1.000000000000000000 ) ) ;
#8527 = ORIENTED_EDGE ( 'NONE', *, *, #10946, .F. ) ;
#8528 = DIRECTION ( 'NONE',  ( 1.000000000000000000, 0.000000000000000000, 0.000000000000000000 ) ) ;
#8529 = EDGE_LOOP ( 'NONE', ( #11408, #10413, #6618, #11467 ) ) ;
#8530 = LINE ( 'NONE', #10483, #3629 ) ;
#8531 = ORIENTED_EDGE ( 'NONE', *, *, #12296, .F. ) ;
#8532 = ADVANCED_FACE ( 'NONE', ( #6621 ), #5329, .F. ) ;
#8533 = ORIENTED_EDGE ( 'NONE', *, *, #7413, .T. ) ;
#8534 = ORIENTED_EDGE ( 'NONE', *, *, #3945, .T. ) ;
#8535 = CARTESIAN_POINT ( 'NONE',  ( 27.35000000000000142, 53.25000000000000000, 35.97994811066136833 ) ) ;
#8536 = CIRCLE ( 'NONE', #10191, 2.899999999999999911 ) ;
#8537 = ORIENTED_EDGE ( 'NONE', *, *, #7448, .T. ) ;
#8538 = EDGE_LOOP ( 'NONE', ( #11730, #9588, #5675, #10575, #5680 ) ) ;
#8539 = CARTESIAN_POINT ( 'NONE',  ( 28.74999999999998934, 28.74999999999999645, -4.000000000000000000 ) ) ;
#8540 = VERTEX_POINT ( 'NONE', #4353 ) ;
#8541 = DIRECTION ( 'NONE',  ( -1.000000000000000000, 0.000000000000000000, 0.000000000000000000 ) ) ;
#8542 = AXIS2_PLACEMENT_3D ( 'NONE', #7561, #2491, #6526 ) ;
#8543 = CARTESIAN_POINT ( 'NONE',  ( 24.30000000000000426, 55.74999999999999289, 2.100000659999999630 ) ) ;
#8544 = ORIENTED_EDGE ( 'NONE', *, *, #10866, .T. ) ;
#8545 = VERTEX_POINT ( 'NONE', #2523 ) ;
#8546 = DIRECTION ( 'NONE',  ( 0.000000000000000000, 0.000000000000000000, -1.000000000000000000 ) ) ;
#8547 = VERTEX_POINT ( 'NONE', #11511 ) ;
#8548 = EDGE_CURVE ( 'NONE', #139, #1374, #6553, .T. ) ;
#8549 = ORIENTED_EDGE ( 'NONE', *, *, #11491, .T. ) ;
#8550 = CARTESIAN_POINT ( 'NONE',  ( 71.39999999999999147, 73.00000000000000000, 0.000000000000000000 ) ) ;
#8551 = EDGE_CURVE ( 'NONE', #1498, #6009, #9544, .T. ) ;
#8552 = AXIS2_PLACEMENT_3D ( 'NONE', #3469, #11641, #6390 ) ;
#8553 = CARTESIAN_POINT ( 'NONE',  ( 25.74999999999999645, 67.74999999999998579, 12.49999999999999645 ) ) ;
#8554 = DIRECTION ( 'NONE',  ( 0.000000000000000000, 0.000000000000000000, -1.000000000000000000 ) ) ;
#8555 = EDGE_CURVE ( 'NONE', #10549, #6460, #5514, .T. ) ;
#8556 = DIRECTION ( 'NONE',  ( 0.000000000000000000, 0.000000000000000000, 1.000000000000000000 ) ) ;
#8557 = EDGE_CURVE ( 'NONE', #7964, #4064, #8378, .T. ) ;
#8558 = FACE_BOUND ( 'NONE', #3893, .T. ) ;
#8559 = EDGE_CURVE ( 'NONE', #3549, #820, #6349, .T. ) ;
#8560 = DIRECTION ( 'NONE',  ( 0.000000000000000000, -0.000000000000000000, -1.000000000000000000 ) ) ;
#8561 = VECTOR ( 'NONE', #1023, 1000.000000000000000 ) ;
#8562 = ORIENTED_EDGE ( 'NONE', *, *, #2752, .T. ) ;
#8563 = VECTOR ( 'NONE', #5372, 1000.000000000000000 ) ;
#8564 = ORIENTED_EDGE ( 'NONE', *, *, #9978, .F. ) ;
#8565 = VERTEX_POINT ( 'NONE', #6498 ) ;
#8566 = DIRECTION ( 'NONE',  ( -0.000000000000000000, -0.000000000000000000, -1.000000000000000000 ) ) ;
#8567 = DIRECTION ( 'NONE',  ( -1.000000000000000000, 0.000000000000000000, 0.000000000000000000 ) ) ;
#8568 = ORIENTED_EDGE ( 'NONE', *, *, #11802, .T. ) ;
#8569 = EDGE_LOOP ( 'NONE', ( #11145, #3293, #1378, #4063, #2057, #9644, #1188, #9298 ) ) ;
#8570 = CARTESIAN_POINT ( 'NONE',  ( 56.64999999999999147, 24.29998799999999548, 0.02537095144379032663 ) ) ;
#8571 = DIRECTION ( 'NONE',  ( -1.000000000000000000, 0.000000000000000000, 0.000000000000000000 ) ) ;
#8572 = CIRCLE ( 'NONE', #676, 0.6999999999999992895 ) ;
#8573 = DIRECTION ( 'NONE',  ( 0.000000000000000000, -1.000000000000000000, 0.000000000000000000 ) ) ;
#8574 = CARTESIAN_POINT ( 'NONE',  ( 28.30000000000000426, 77.69999999999998863, -4.499999999999993783 ) ) ;
#8575 = VECTOR ( 'NONE', #1339, 1000.000000000000000 ) ;
#8576 = FACE_OUTER_BOUND ( 'NONE', #1920, .T. ) ;
#8577 = LINE ( 'NONE', #2729, #6715 ) ;
#8578 = VECTOR ( 'NONE', #7149, 1000.000000000000000 ) ;
#8579 = CARTESIAN_POINT ( 'NONE',  ( 76.25000000000000000, 28.74999999999999645, 0.000000000000000000 ) ) ;
#8580 = DIRECTION ( 'NONE',  ( 0.000000000000000000, -0.000000000000000000, -1.000000000000000000 ) ) ;
#8581 = ORIENTED_EDGE ( 'NONE', *, *, #12501, .T. ) ;
#8582 = FACE_OUTER_BOUND ( 'NONE', #153, .T. ) ;
#8583 = DIRECTION ( 'NONE',  ( 0.000000000000000000, 1.000000000000000000, 0.000000000000000000 ) ) ;
#8584 = ORIENTED_EDGE ( 'NONE', *, *, #9025, .F. ) ;
#8585 = DIRECTION ( 'NONE',  ( 1.000000000000000000, 0.000000000000000000, 0.000000000000000000 ) ) ;
#8586 = ORIENTED_EDGE ( 'NONE', *, *, #1404, .F. ) ;
#8587 = VECTOR ( 'NONE', #4491, 1000.000000000000000 ) ;
#8588 = CARTESIAN_POINT ( 'NONE',  ( 53.64999999999999147, 25.75000000000000000, 0.5253709514437873151 ) ) ;
#8589 = FACE_OUTER_BOUND ( 'NONE', #5163, .T. ) ;
#8590 = ORIENTED_EDGE ( 'NONE', *, *, #4428, .T. ) ;
#8591 = DIRECTION ( 'NONE',  ( -1.000000000000000000, 0.000000000000000000, 0.000000000000000000 ) ) ;
#8592 = EDGE_LOOP ( 'NONE', ( #3163, #3892, #8060, #7952 ) ) ;
#8593 = VECTOR ( 'NONE', #1151, 1000.000000000000000 ) ;
#8594 = CARTESIAN_POINT ( 'NONE',  ( 34.24999999999998579, 25.75000000000000000, -3.500000000000000000 ) ) ;
#8595 = VERTEX_POINT ( 'NONE', #1552 ) ;
#8596 = ORIENTED_EDGE ( 'NONE', *, *, #7455, .T. ) ;
#8597 = AXIS2_PLACEMENT_3D ( 'NONE', #2064, #2254, #11233 ) ;
#8598 = EDGE_CURVE ( 'NONE', #8713, #5674, #2605, .T. ) ;
#8599 = VERTEX_POINT ( 'NONE', #574 ) ;
#8600 = VECTOR ( 'NONE', #12161, 1000.000000000000000 ) ;
#8601 = VERTEX_POINT ( 'NONE', #12358 ) ;
#8602 = ORIENTED_EDGE ( 'NONE', *, *, #6229, .F. ) ;
#8603 = CARTESIAN_POINT ( 'NONE',  ( 68.75000000000000000, 40.52874832153299423, -7.742170755803060800 ) ) ;
#8604 = VERTEX_POINT ( 'NONE', #2584 ) ;
#8605 = CIRCLE ( 'NONE', #11358, 1.500000000000001332 ) ;
#8606 = CIRCLE ( 'NONE', #9447, 1.500000000000001332 ) ;
#8607 = CARTESIAN_POINT ( 'NONE',  ( 24.30000000000000426, 47.54999999999999716, 2.100000660000000519 ) ) ;
#8608 = AXIS2_PLACEMENT_3D ( 'NONE', #5347, #10348, #1246 ) ;
#8609 = DIRECTION ( 'NONE',  ( 0.000000000000000000, 0.000000000000000000, 1.000000000000000000 ) ) ;
#8610 = AXIS2_PLACEMENT_3D ( 'NONE', #2611, #10548, #9506 ) ;
#8611 = ORIENTED_EDGE ( 'NONE', *, *, #995, .T. ) ;
#8612 = FACE_OUTER_BOUND ( 'NONE', #12529, .T. ) ;
#8613 = ORIENTED_EDGE ( 'NONE', *, *, #4581, .F. ) ;
#8614 = CARTESIAN_POINT ( 'NONE',  ( 67.25000000000000000, 74.75000000000000000, 4.499999999999999112 ) ) ;
#8615 = ORIENTED_EDGE ( 'NONE', *, *, #1478, .T. ) ;
#8616 = EDGE_LOOP ( 'NONE', ( #7428, #3283, #7652, #11348 ) ) ;
#8617 = CARTESIAN_POINT ( 'NONE',  ( 31.74999999999998579, 25.75000000000000000, 8.499999999999996447 ) ) ;
#8618 = CIRCLE ( 'NONE', #2393, 1.000000000000000444 ) ;
#8619 = VECTOR ( 'NONE', #4794, 1000.000000000000000 ) ;
#8620 = LINE ( 'NONE', #3691, #2609 ) ;
#8621 = DIRECTION ( 'NONE',  ( 0.000000000000000000, 0.000000000000000000, 1.000000000000000000 ) ) ;
#8622 = AXIS2_PLACEMENT_3D ( 'NONE', #2147, #2083, #4230 ) ;
#8623 = EDGE_CURVE ( 'NONE', #6180, #6355, #5451, .T. ) ;
#8624 = DIRECTION ( 'NONE',  ( 0.000000000000000000, 0.000000000000000000, 1.000000000000000000 ) ) ;
#8625 = LINE ( 'NONE', #12477, #4660 ) ;
#8626 = ADVANCED_FACE ( 'NONE', ( #5519 ), #5584, .F. ) ;
#8627 = CYLINDRICAL_SURFACE ( 'NONE', #2598, 1.500000000000001332 ) ;
#8628 = EDGE_CURVE ( 'NONE', #3678, #1372, #4608, .T. ) ;
#8629 = LINE ( 'NONE', #4598, #11020 ) ;
#8630 = CIRCLE ( 'NONE', #6353, 1.500000000000001332 ) ;
#8631 = ORIENTED_EDGE ( 'NONE', *, *, #5379, .T. ) ;
#8632 = EDGE_LOOP ( 'NONE', ( #10105, #3084, #7710, #10520 ) ) ;
#8633 = ORIENTED_EDGE ( 'NONE', *, *, #8943, .F. ) ;
#8634 = CARTESIAN_POINT ( 'NONE',  ( 62.75000043999999377, 64.25000043999999377, -3.100000000000000533 ) ) ;
#8635 = ADVANCED_FACE ( 'NONE', ( #10847 ), #6757, .F. ) ;
#8636 = CIRCLE ( 'NONE', #10293, 3.500000000000003109 ) ;
#8637 = EDGE_CURVE ( 'NONE', #4738, #7031, #108, .T. ) ;
#8638 = DIRECTION ( 'NONE',  ( 0.000000000000000000, -0.000000000000000000, -1.000000000000000000 ) ) ;
#8639 = VERTEX_POINT ( 'NONE', #3835 ) ;
#8640 = EDGE_CURVE ( 'NONE', #3492, #9870, #9742, .T. ) ;
#8641 = VERTEX_POINT ( 'NONE', #9872 ) ;
#8642 = ADVANCED_FACE ( 'NONE', ( #5904 ), #12744, .T. ) ;
#8643 = CARTESIAN_POINT ( 'NONE',  ( 66.64999999999999147, 24.29998799999999548, 6.499999999999999112 ) ) ;
#8644 = CIRCLE ( 'NONE', #7808, 0.5000000000000004441 ) ;
#8645 = DIRECTION ( 'NONE',  ( 1.000000000000000000, 0.000000000000000000, 0.000000000000000000 ) ) ;
#8646 = DIRECTION ( 'NONE',  ( 0.000000000000000000, -0.000000000000000000, -1.000000000000000000 ) ) ;
#8647 = EDGE_CURVE ( 'NONE', #1817, #12094, #12875, .T. ) ;
#8648 = AXIS2_PLACEMENT_3D ( 'NONE', #12214, #9287, #9144 ) ;
#8649 = CARTESIAN_POINT ( 'NONE',  ( 39.24999955999999912, 36.24999955999999912, -3.100000000000000533 ) ) ;
#8650 = AXIS2_PLACEMENT_3D ( 'NONE', #9659, #6800, #10633 ) ;
#8651 = DIRECTION ( 'NONE',  ( 1.000000000000000000, 0.000000000000000000, -0.000000000000000000 ) ) ;
#8652 = FACE_OUTER_BOUND ( 'NONE', #5193, .T. ) ;
#8653 = PLANE ( 'NONE',  #3821 ) ;
#8654 = DIRECTION ( 'NONE',  ( -1.000000000000000000, 0.000000000000000000, 0.000000000000000000 ) ) ;
#8655 = CIRCLE ( 'NONE', #7192, 0.7500000000000006661 ) ;
#8656 = CARTESIAN_POINT ( 'NONE',  ( 76.14999999999999147, 73.25000000000000000, -1.600000000000000755 ) ) ;
#8657 = ORIENTED_EDGE ( 'NONE', *, *, #10263, .T. ) ;
#8658 = CARTESIAN_POINT ( 'NONE',  ( 76.25000000000000000, 67.74999999999998579, 0.000000000000000000 ) ) ;
#8659 = CIRCLE ( 'NONE', #9481, 1.600000000000004086 ) ;
#8660 = CARTESIAN_POINT ( 'NONE',  ( 76.03895576983454418, 33.00749664306601261, 2.323999333381998600 ) ) ;
#8661 = AXIS2_PLACEMENT_3D ( 'NONE', #3193, #8388, #2346 ) ;
#8662 = FACE_OUTER_BOUND ( 'NONE', #11443, .T. ) ;
#8663 = ADVANCED_FACE ( 'NONE', ( #8769 ), #1678, .F. ) ;
#8664 = DIRECTION ( 'NONE',  ( -0.000000000000000000, -1.000000000000000000, -0.000000000000000000 ) ) ;
#8665 = DIRECTION ( 'NONE',  ( -0.000000000000000000, -0.000000000000000000, -1.000000000000000000 ) ) ;
#8666 = ORIENTED_EDGE ( 'NONE', *, *, #2043, .F. ) ;
#8667 = DIRECTION ( 'NONE',  ( -1.000000000000000000, 0.000000000000000000, -0.000000000000000000 ) ) ;
#8668 = VERTEX_POINT ( 'NONE', #10652 ) ;
#8669 = DIRECTION ( 'NONE',  ( 0.000000000000000000, 0.000000000000000000, -1.000000000000000000 ) ) ;
#8670 = ORIENTED_EDGE ( 'NONE', *, *, #9193, .F. ) ;
#8671 = ORIENTED_EDGE ( 'NONE', *, *, #11802, .F. ) ;
#8672 = CARTESIAN_POINT ( 'NONE',  ( 62.75000043999999377, 62.75000043999999377, -5.000000000000000000 ) ) ;
#8673 = EDGE_LOOP ( 'NONE', ( #9450, #5646, #7306, #6988 ) ) ;
#8674 = FACE_OUTER_BOUND ( 'NONE', #6019, .T. ) ;
#8675 = EDGE_CURVE ( 'NONE', #9278, #2688, #7383, .T. ) ;
#8676 = LINE ( 'NONE', #2760, #2731 ) ;
#8677 = ORIENTED_EDGE ( 'NONE', *, *, #4350, .T. ) ;
#8678 = CARTESIAN_POINT ( 'NONE',  ( 51.75000000000000000, 34.74999955999999202, -4.000000000000000000 ) ) ;
#8679 = ORIENTED_EDGE ( 'NONE', *, *, #3397, .F. ) ;
#8680 = LINE ( 'NONE', #3743, #5298 ) ;
#8681 = VERTEX_POINT ( 'NONE', #10787 ) ;
#8682 = ORIENTED_EDGE ( 'NONE', *, *, #5108, .F. ) ;
#8683 = DIRECTION ( 'NONE',  ( 1.000000000000000000, 0.000000000000000000, 0.000000000000000000 ) ) ;
#8684 = DIRECTION ( 'NONE',  ( -1.000000000000000000, 0.000000000000000000, 0.000000000000000000 ) ) ;
#8685 = CARTESIAN_POINT ( 'NONE',  ( 68.75000000000000000, 74.75000000000000000, 8.499999999999998224 ) ) ;
#8686 = DIRECTION ( 'NONE',  ( 0.000000000000000000, 1.000000000000000000, 0.000000000000000000 ) ) ;
#8687 = DIRECTION ( 'NONE',  ( 0.000000000000000000, 0.7071067811865489050, 0.7071067811865461294 ) ) ;
#8688 = DIRECTION ( 'NONE',  ( -0.000000000000000000, -0.000000000000000000, 1.000000000000000000 ) ) ;
#8689 = CARTESIAN_POINT ( 'NONE',  ( 43.19999999999998153, 37.95000000000000284, 8.499999999999998224 ) ) ;
#8690 = ORIENTED_EDGE ( 'NONE', *, *, #9347, .F. ) ;
#8691 = ORIENTED_EDGE ( 'NONE', *, *, #1413, .F. ) ;
#8692 = ORIENTED_EDGE ( 'NONE', *, *, #8241, .T. ) ;
#8693 = CARTESIAN_POINT ( 'NONE',  ( 73.14999999999999147, 50.24999999999999289, -3.100000000000000533 ) ) ;
#8694 = AXIS2_PLACEMENT_3D ( 'NONE', #12102, #318, #7342 ) ;
#8695 = CARTESIAN_POINT ( 'NONE',  ( 28.30000000000001137, 28.29999999999999005, 9.999999999999998224 ) ) ;
#8696 = ORIENTED_EDGE ( 'NONE', *, *, #4986, .T. ) ;
#8697 = ADVANCED_FACE ( 'NONE', ( #828 ), #11887, .F. ) ;
#8698 = ORIENTED_EDGE ( 'NONE', *, *, #1705, .T. ) ;
#8699 = EDGE_CURVE ( 'NONE', #4803, #11731, #2973, .T. ) ;
#8700 = CARTESIAN_POINT ( 'NONE',  ( 65.75000043999999377, 39.24999955999999912, -4.000000000000000000 ) ) ;
#8701 = CARTESIAN_POINT ( 'NONE',  ( 62.75000043999999377, 65.75000043999999377, -3.100000000000000533 ) ) ;
#8702 = VECTOR ( 'NONE', #7100, 1000.000000000000000 ) ;
#8703 = FACE_OUTER_BOUND ( 'NONE', #7786, .T. ) ;
#8704 = DIRECTION ( 'NONE',  ( 0.000000000000000000, 0.000000000000000000, 1.000000000000000000 ) ) ;
#8705 = EDGE_CURVE ( 'NONE', #12116, #3095, #3908, .T. ) ;
#8706 = CARTESIAN_POINT ( 'NONE',  ( 51.75000000000000000, 36.24999955999999912, -4.000000000000000000 ) ) ;
#8707 = EDGE_CURVE ( 'NONE', #393, #8545, #3862, .T. ) ;
#8708 = CARTESIAN_POINT ( 'NONE',  ( 67.75000000000000000, 25.75000000000000000, 0.000000000000000000 ) ) ;
#8709 = DIRECTION ( 'NONE',  ( -1.299418334065024873E-16, 1.000000000000000000, 0.000000000000000000 ) ) ;
#8710 = DIRECTION ( 'NONE',  ( 1.000000000000000000, 0.000000000000000000, -0.000000000000000000 ) ) ;
#8711 = EDGE_CURVE ( 'NONE', #2901, #1468, #2723, .T. ) ;
#8712 = DIRECTION ( 'NONE',  ( 0.000000000000000000, -0.000000000000000000, -1.000000000000000000 ) ) ;
#8713 = VERTEX_POINT ( 'NONE', #7719 ) ;
#8714 = EDGE_CURVE ( 'NONE', #4008, #1504, #6878, .T. ) ;
#8715 = DIRECTION ( 'NONE',  ( 1.000000000000000000, 0.000000000000000000, 0.000000000000000000 ) ) ;
#8716 = CARTESIAN_POINT ( 'NONE',  ( 65.64999999999999147, 24.29999999999999716, 0.5253709514437898687 ) ) ;
#8717 = LINE ( 'NONE', #10745, #11281 ) ;
#8718 = ADVANCED_FACE ( 'NONE', ( #4806 ), #7854, .F. ) ;
#8719 = EDGE_CURVE ( 'NONE', #12141, #12869, #9463, .T. ) ;
#8720 = EDGE_CURVE ( 'NONE', #9265, #7181, #5248, .T. ) ;
#8721 = DIRECTION ( 'NONE',  ( 0.000000000000000000, 0.000000000000000000, 1.000000000000000000 ) ) ;
#8722 = COORDINATED_UNIVERSAL_TIME_OFFSET ( 8, 0, .AHEAD. ) ;
#8723 = DIRECTION ( 'NONE',  ( 1.000000000000000000, 1.299418334065024133E-16, -0.000000000000000000 ) ) ;
#8724 = ORIENTED_EDGE ( 'NONE', *, *, #10441, .T. ) ;
#8725 = DIRECTION ( 'NONE',  ( 1.000000000000000000, 0.000000000000000000, 0.000000000000000000 ) ) ;
#8726 = CIRCLE ( 'NONE', #9141, 3.400000000000000355 ) ;
#8727 = ORIENTED_EDGE ( 'NONE', *, *, #12864, .F. ) ;
#8728 = AXIS2_PLACEMENT_3D ( 'NONE', #9760, #6769, #4495 ) ;
#8729 = DIRECTION ( 'NONE',  ( -0.000000000000000000, 0.000000000000000000, 1.000000000000000000 ) ) ;
#8730 = VERTEX_POINT ( 'NONE', #7973 ) ;
#8731 = AXIS2_PLACEMENT_3D ( 'NONE', #870, #10885, #11680 ) ;
#8732 = ORIENTED_EDGE ( 'NONE', *, *, #8842, .F. ) ;
#8733 = CARTESIAN_POINT ( 'NONE',  ( 49.44999999999998153, 36.45000000000000284, 8.499999999999998224 ) ) ;
#8734 = DIRECTION ( 'NONE',  ( 0.000000000000000000, 1.000000000000000000, 0.000000000000000000 ) ) ;
#8735 = EDGE_CURVE ( 'NONE', #8032, #10871, #954, .T. ) ;
#8736 = CARTESIAN_POINT ( 'NONE',  ( 73.25000000000000000, 76.25000000000000000, 0.000000000000000000 ) ) ;
#8737 = CIRCLE ( 'NONE', #3123, 1.000000000000000888 ) ;
#8738 = ORIENTED_EDGE ( 'NONE', *, *, #12410, .F. ) ;
#8739 = VECTOR ( 'NONE', #11183, 1000.000000000000114 ) ;
#8740 = FACE_OUTER_BOUND ( 'NONE', #6044, .T. ) ;
#8741 = LINE ( 'NONE', #10761, #8330 ) ;
#8742 = ORIENTED_EDGE ( 'NONE', *, *, #3321, .F. ) ;
#8743 = PLANE ( 'NONE',  #2079 ) ;
#8744 = EDGE_LOOP ( 'NONE', ( #5393, #3288 ) ) ;
#8745 = CARTESIAN_POINT ( 'NONE',  ( 58.64999999999999147, 24.29999999999999361, 0.5253709514437902017 ) ) ;
#8746 = ORIENTED_EDGE ( 'NONE', *, *, #9571, .T. ) ;
#8747 = VERTEX_POINT ( 'NONE', #10913 ) ;
#8748 = DIRECTION ( 'NONE',  ( 0.000000000000000000, 0.000000000000000000, 1.000000000000000000 ) ) ;
#8749 = AXIS2_PLACEMENT_3D ( 'NONE', #7777, #11762, #10965 ) ;
#8750 = ADVANCED_FACE ( 'NONE', ( #7200 ), #4140, .T. ) ;
#8751 = CYLINDRICAL_SURFACE ( 'NONE', #3749, 1.500000000000001332 ) ;
#8752 = DIRECTION ( 'NONE',  ( 0.000000000000000000, -0.7071067811865408004, 0.7071067811865541231 ) ) ;
#8753 = LINE ( 'NONE', #12729, #4648 ) ;
#8754 = CARTESIAN_POINT ( 'NONE',  ( 59.69999999999997442, 36.45000000000000284, 4.999999999999998224 ) ) ;
#8755 = CARTESIAN_POINT ( 'NONE',  ( 76.25000000000000000, 70.25000000000000000, 0.000000000000000000 ) ) ;
#8756 = CARTESIAN_POINT ( 'NONE',  ( 53.64999999999999147, 24.49999999999999289, 5.999999999999996447 ) ) ;
#8757 = AXIS2_PLACEMENT_3D ( 'NONE', #1795, #811, #24 ) ;
#8758 = ORIENTED_EDGE ( 'NONE', *, *, #530, .T. ) ;
#8759 = ORIENTED_EDGE ( 'NONE', *, *, #43, .T. ) ;
#8760 = ORIENTED_EDGE ( 'NONE', *, *, #1849, .F. ) ;
#8762 = DIRECTION ( 'NONE',  ( 1.000000000000000000, 0.000000000000000000, 0.000000000000000000 ) ) ;
#8761 = AXIS2_PLACEMENT_3D ( 'NONE', #936, #12588, #1911 ) ;
#8763 = EDGE_CURVE ( 'NONE', #4440, #3428, #6093, .T. ) ;
#8764 = LINE ( 'NONE', #6938, #876 ) ;
#8765 = VERTEX_POINT ( 'NONE', #8097 ) ;
#8766 = EDGE_CURVE ( 'NONE', #6969, #11784, #4280, .T. ) ;
#8767 = VERTEX_POINT ( 'NONE', #2062 ) ;
#8768 = DIRECTION ( 'NONE',  ( -0.000000000000000000, -0.000000000000000000, -1.000000000000000000 ) ) ;
#8769 = FACE_OUTER_BOUND ( 'NONE', #12312, .T. ) ;
#8770 = DIRECTION ( 'NONE',  ( -1.000000000000000000, 0.000000000000000000, 0.000000000000000000 ) ) ;
#8771 = CIRCLE ( 'NONE', #9391, 1.500000000000001332 ) ;
#8772 = DIRECTION ( 'NONE',  ( -1.000000000000000000, 0.000000000000000000, -0.000000000000000000 ) ) ;
#8773 = VECTOR ( 'NONE', #9950, 1000.000000000000000 ) ;
#8774 = DIRECTION ( 'NONE',  ( 0.000000000000000000, 0.7071067811865431318, 0.7071067811865517916 ) ) ;
#8775 = DIRECTION ( 'NONE',  ( 1.000000000000000000, 0.000000000000000000, 0.000000000000000000 ) ) ;
#8776 = FACE_OUTER_BOUND ( 'NONE', #9583, .T. ) ;
#8777 = FACE_OUTER_BOUND ( 'NONE', #4430, .T. ) ;
#8778 = AXIS2_PLACEMENT_3D ( 'NONE', #5502, #12773, #10438 ) ;
#8779 = DIRECTION ( 'NONE',  ( -1.000000000000000000, 0.000000000000000000, 0.000000000000000000 ) ) ;
#8780 = ORIENTED_EDGE ( 'NONE', *, *, #6753, .T. ) ;
#8781 = VECTOR ( 'NONE', #12416, 1000.000000000000000 ) ;
#8782 = EDGE_CURVE ( 'NONE', #8348, #892, #4016, .T. ) ;
#8783 = CARTESIAN_POINT ( 'NONE',  ( 33.24999999999997158, 0.000000000000000000, 4.499999999999999112 ) ) ;
#8784 = DIRECTION ( 'NONE',  ( -1.000000000000000000, 0.000000000000000000, 0.000000000000000000 ) ) ;
#8785 = ORIENTED_EDGE ( 'NONE', *, *, #7879, .T. ) ;
#8786 = CARTESIAN_POINT ( 'NONE',  ( 73.00000000000000000, 73.00000000000000000, -8.535533905932741305 ) ) ;
#8787 = CARTESIAN_POINT ( 'NONE',  ( 31.89999999999999858, 73.00000000000000000, 9.499999999999991118 ) ) ;
#8788 = ADVANCED_FACE ( 'NONE', ( #9081 ), #3241, .T. ) ;
#8789 = CIRCLE ( 'NONE', #264, 3.399999999999996803 ) ;
#8790 = EDGE_CURVE ( 'NONE', #9453, #7592, #1085, .T. ) ;
#8791 = DIRECTION ( 'NONE',  ( -1.000000000000000000, 0.000000000000000000, -0.000000000000000000 ) ) ;
#8792 = EDGE_LOOP ( 'NONE', ( #5779, #11825, #9846, #7177 ) ) ;
#8793 = DIRECTION ( 'NONE',  ( -1.000000000000000000, 0.000000000000000000, 0.000000000000000000 ) ) ;
#8794 = ORIENTED_EDGE ( 'NONE', *, *, #9825, .T. ) ;
#8795 = LINE ( 'NONE', #8862, #2627 ) ;
#8796 = ORIENTED_EDGE ( 'NONE', *, *, #7443, .F. ) ;
#8797 = ADVANCED_FACE ( 'NONE', ( #10046 ), #1274, .T. ) ;
#8798 = EDGE_CURVE ( 'NONE', #2938, #9915, #7132, .T. ) ;
#8799 = DIRECTION ( 'NONE',  ( -1.299418334065024873E-16, 1.000000000000000000, 0.000000000000000000 ) ) ;
#8800 = VECTOR ( 'NONE', #5395, 1000.000000000000000 ) ;
#8801 = DIRECTION ( 'NONE',  ( 0.7071067811865597852, -0.7071067811865352493, 0.000000000000000000 ) ) ;
#8802 = ADVANCED_FACE ( 'NONE', ( #2008 ), #109, .T. ) ;
#8803 = ADVANCED_FACE ( 'NONE', ( #12021 ), #2192, .T. ) ;
#8804 = AXIS2_PLACEMENT_3D ( 'NONE', #2212, #12291, #9160 ) ;
#8805 = EDGE_CURVE ( 'NONE', #11093, #8747, #6283, .T. ) ;
#8806 = DIRECTION ( 'NONE',  ( -1.000000000000000000, 0.000000000000000000, 0.000000000000000000 ) ) ;
#8807 = ORIENTED_EDGE ( 'NONE', *, *, #12431, .F. ) ;
#8808 = DIRECTION ( 'NONE',  ( 0.000000000000000000, -6.938893903907228378E-15, 1.000000000000000000 ) ) ;
#8809 = DIRECTION ( 'NONE',  ( -1.299418334065024133E-16, 1.000000000000000000, 0.000000000000000000 ) ) ;
#8810 = VERTEX_POINT ( 'NONE', #2126 ) ;
#8811 = VECTOR ( 'NONE', #9476, 1000.000000000000000 ) ;
#8812 = DIRECTION ( 'NONE',  ( -1.299418334065024873E-16, 1.000000000000000000, 0.000000000000000000 ) ) ;
#8813 = VERTEX_POINT ( 'NONE', #1147 ) ;
#8814 = CARTESIAN_POINT ( 'NONE',  ( 28.74999999999999289, 73.25000000000000000, -5.000000000000000000 ) ) ;
#8815 = ORIENTED_EDGE ( 'NONE', *, *, #4864, .F. ) ;
#8816 = AXIS2_PLACEMENT_3D ( 'NONE', #12753, #641, #8710 ) ;
#8817 = VERTEX_POINT ( 'NONE', #171 ) ;
#8818 = CARTESIAN_POINT ( 'NONE',  ( 77.69999999999998863, 24.29999999999999716, -0.1746290485562119188 ) ) ;
#8819 = FACE_OUTER_BOUND ( 'NONE', #7965, .T. ) ;
#8820 = DIRECTION ( 'NONE',  ( -0.000000000000000000, -1.000000000000000000, -0.000000000000000000 ) ) ;
#8821 = AXIS2_PLACEMENT_3D ( 'NONE', #5318, #3305, #7327 ) ;
#8822 = CARTESIAN_POINT ( 'NONE',  ( 34.74999999999996447, 25.75000000000000000, -3.500000000000000000 ) ) ;
#8823 = CARTESIAN_POINT ( 'NONE',  ( 62.75000043999999377, 62.75000043999999377, -3.100000000000000533 ) ) ;
#8824 = DIRECTION ( 'NONE',  ( -1.000000000000000000, -1.387778780781446464E-15, 0.000000000000000000 ) ) ;
#8825 = FACE_OUTER_BOUND ( 'NONE', #12547, .T. ) ;
#8826 = EDGE_LOOP ( 'NONE', ( #5147, #7088, #8272, #5169, #1658, #2146, #3612, #281 ) ) ;
#8827 = VECTOR ( 'NONE', #4444, 1000.000000000000000 ) ;
#8828 = VECTOR ( 'NONE', #10078, 1000.000000000000000 ) ;
#8829 = ORIENTED_EDGE ( 'NONE', *, *, #11981, .F. ) ;
#8830 = EDGE_LOOP ( 'NONE', ( #11751, #7045, #6201, #2347 ) ) ;
#8831 = CARTESIAN_POINT ( 'NONE',  ( 63.64999999999998437, 24.29998799999999548, 5.999999999999999112 ) ) ;
#8832 = DIRECTION ( 'NONE',  ( 0.000000000000000000, 0.000000000000000000, -1.000000000000000000 ) ) ;
#8833 = VERTEX_POINT ( 'NONE', #10112 ) ;
#8834 = AXIS2_PLACEMENT_3D ( 'NONE', #270, #10089, #1251 ) ;
#8835 = VERTEX_POINT ( 'NONE', #1208 ) ;
#8836 = DIRECTION ( 'NONE',  ( -1.000000000000000000, 0.000000000000000000, 0.000000000000000000 ) ) ;
#8837 = CARTESIAN_POINT ( 'NONE',  ( 76.25000000000000000, 33.52905841137543064, 3.202120542815402260 ) ) ;
#8838 = CARTESIAN_POINT ( 'NONE',  ( 56.14999999999999147, 24.29998799999999548, 5.999999999999999112 ) ) ;
#8839 = CONICAL_SURFACE ( 'NONE', #1564, 0.6999999999999992895, 0.7853981633974492782 ) ;
#8840 = DIRECTION ( 'NONE',  ( 0.000000000000000000, -1.000000000000000000, 0.000000000000000000 ) ) ;
#8841 = CARTESIAN_POINT ( 'NONE',  ( 73.69999999999998863, 77.19999999999998863, -5.000000000000000000 ) ) ;
#8842 = EDGE_CURVE ( 'NONE', #11541, #11470, #10218, .T. ) ;
#8844 = LINE ( 'NONE', #4939, #2707 ) ;
#8843 = VECTOR ( 'NONE', #6221, 1000.000000000000000 ) ;
#8845 = CARTESIAN_POINT ( 'NONE',  ( 56.14999999999999147, 24.29999999999999361, 6.699999999999999289 ) ) ;
#8846 = CARTESIAN_POINT ( 'NONE',  ( 76.25000000000000000, 39.40749664306598987, -0.3000000000000000444 ) ) ;
#8847 = CARTESIAN_POINT ( 'NONE',  ( 62.64999999999998437, 25.75000000000000000, 0.5253709514437903128 ) ) ;
#8848 = VERTEX_POINT ( 'NONE', #11168 ) ;
#8849 = DIRECTION ( 'NONE',  ( 0.000000000000000000, 1.000000000000000000, 0.000000000000000000 ) ) ;
#8850 = CARTESIAN_POINT ( 'NONE',  ( 25.74999999999999645, 76.25000000000000000, 1.100000659999997188 ) ) ;
#8851 = AXIS2_PLACEMENT_3D ( 'NONE', #6286, #9212, #12020 ) ;
#8852 = ORIENTED_EDGE ( 'NONE', *, *, #10665, .T. ) ;
#8853 = CARTESIAN_POINT ( 'NONE',  ( 54.34999999999999432, 24.29999999999999361, 15.00000000000000000 ) ) ;
#8854 = VECTOR ( 'NONE', #10373, 1000.000000000000000 ) ;
#8855 = VECTOR ( 'NONE', #12556, 1000.000000000000000 ) ;
#8856 = CARTESIAN_POINT ( 'NONE',  ( 65.75000043999999377, 39.24999955999999912, -3.100000000000000533 ) ) ;
#8857 = ORIENTED_EDGE ( 'NONE', *, *, #8876, .T. ) ;
#8858 = DIRECTION ( 'NONE',  ( -1.000000000000000000, 0.000000000000000000, 0.000000000000000000 ) ) ;
#8859 = VERTEX_POINT ( 'NONE', #2509 ) ;
#8860 = AXIS2_PLACEMENT_3D ( 'NONE', #950, #9913, #2955 ) ;
#8861 = VECTOR ( 'NONE', #12838, 1000.000000000000000 ) ;
#8862 = CARTESIAN_POINT ( 'NONE',  ( 67.25000043999999377, 51.75000000000000000, 5.925518941756209301 ) ) ;
#8863 = ORIENTED_EDGE ( 'NONE', *, *, #11506, .F. ) ;
#8864 = DIRECTION ( 'NONE',  ( -0.000000000000000000, -0.000000000000000000, -1.000000000000000000 ) ) ;
#8865 = LINE ( 'NONE', #9, #7781 ) ;
#8866 = EDGE_CURVE ( 'NONE', #2313, #8767, #5453, .T. ) ;
#8867 = EDGE_CURVE ( 'NONE', #6590, #10493, #663, .T. ) ;
#8868 = DIRECTION ( 'NONE',  ( -0.000000000000000000, -0.000000000000000000, 1.000000000000000000 ) ) ;
#8869 = EDGE_LOOP ( 'NONE', ( #7438, #4380, #9448, #764 ) ) ;
#8870 = VECTOR ( 'NONE', #5003, 1000.000000000000000 ) ;
#8871 = LINE ( 'NONE', #3989, #12350 ) ;
#8872 = CARTESIAN_POINT ( 'NONE',  ( 77.69999999999998863, 24.29999999999999716, -0.1746290485562084771 ) ) ;
#8873 = ADVANCED_FACE ( 'NONE', ( #12533 ), #366, .T. ) ;
#8874 = ORIENTED_EDGE ( 'NONE', *, *, #1718, .T. ) ;
#8875 = CARTESIAN_POINT ( 'NONE',  ( 28.85000000000000497, 53.25000000000000000, -4.000000000000003553 ) ) ;
#8876 = EDGE_CURVE ( 'NONE', #1392, #3270, #5903, .T. ) ;
#8877 = EDGE_LOOP ( 'NONE', ( #12526, #1781, #340, #1129 ) ) ;
#8878 = DIRECTION ( 'NONE',  ( -1.000000000000000000, 0.000000000000000000, 0.000000000000000000 ) ) ;
#8879 = EDGE_LOOP ( 'NONE', ( #12221, #6779, #11409, #11060 ) ) ;
#8880 = ORIENTED_EDGE ( 'NONE', *, *, #12779, .F. ) ;
#8881 = DIRECTION ( 'NONE',  ( -0.000000000000000000, -0.000000000000000000, -1.000000000000000000 ) ) ;
#8882 = EDGE_CURVE ( 'NONE', #10409, #4834, #6361, .T. ) ;
#8883 = PLANE ( 'NONE',  #11977 ) ;
#8884 = CARTESIAN_POINT ( 'NONE',  ( 76.89999999999999147, 40.40749664306598987, 0.7000000000000000666 ) ) ;
#8885 = CARTESIAN_POINT ( 'NONE',  ( 28.74999999999999289, 73.25000000000000000, -3.500000000000000000 ) ) ;
#8886 = CYLINDRICAL_SURFACE ( 'NONE', #6759, 2.000000000000001776 ) ;
#8887 = EDGE_CURVE ( 'NONE', #5442, #12653, #1416, .T. ) ;
#8888 = DIRECTION ( 'NONE',  ( -0.000000000000000000, 0.000000000000000000, 1.000000000000000000 ) ) ;
#8889 = VERTEX_POINT ( 'NONE', #12342 ) ;
#8890 = ORIENTED_EDGE ( 'NONE', *, *, #198, .F. ) ;
#8891 = ORIENTED_EDGE ( 'NONE', *, *, #8314, .T. ) ;
#8892 = CARTESIAN_POINT ( 'NONE',  ( 42.69999999999998863, 69.95000000000000284, 4.999999999999998224 ) ) ;
#8893 = CARTESIAN_POINT ( 'NONE',  ( 60.64999999999999147, 24.29999999999999361, 0.5253709514437898687 ) ) ;
#8894 = ORIENTED_EDGE ( 'NONE', *, *, #6046, .T. ) ;
#8895 = EDGE_LOOP ( 'NONE', ( #5900, #4862, #805, #12741 ) ) ;
#8896 = DIRECTION ( 'NONE',  ( 0.000000000000000000, 0.000000000000000000, 1.000000000000000000 ) ) ;
#8897 = DIRECTION ( 'NONE',  ( -1.000000000000000000, 0.000000000000000000, 0.000000000000000000 ) ) ;
#8898 = DIRECTION ( 'NONE',  ( -0.7071067811865474617, 0.7071067811865474617, 0.000000000000000000 ) ) ;
#8899 = CARTESIAN_POINT ( 'NONE',  ( 51.75000000000000000, 36.24999955999999912, -3.100000000000000533 ) ) ;
#8900 = CARTESIAN_POINT ( 'NONE',  ( 42.69999999999998153, 37.95000000000000284, 4.999999999999998224 ) ) ;
#8901 = DIRECTION ( 'NONE',  ( 1.000000000000000000, 0.000000000000000000, 0.000000000000000000 ) ) ;
#8902 = DIRECTION ( 'NONE',  ( -0.000000000000000000, -1.172110456741090019E-16, 1.000000000000000000 ) ) ;
#8903 = DIRECTION ( 'NONE',  ( 1.000000000000000000, 0.000000000000000000, 0.000000000000000000 ) ) ;
#8904 = DIRECTION ( 'NONE',  ( 0.000000000000000000, -1.000000000000000000, -0.000000000000000000 ) ) ;
#8905 = VERTEX_POINT ( 'NONE', #9343 ) ;
#8906 = CARTESIAN_POINT ( 'NONE',  ( 62.75000043999999377, 64.75000044000000798, -5.000000000000000000 ) ) ;
#8907 = DIRECTION ( 'NONE',  ( 0.000000000000000000, -0.000000000000000000, -1.000000000000000000 ) ) ;
#8908 = CARTESIAN_POINT ( 'NONE',  ( 25.74999999999999645, 67.74999999999998579, 0.000000000000000000 ) ) ;
#8909 = ADVANCED_FACE ( 'NONE', ( #10245 ), #4532, .F. ) ;
#8910 = VECTOR ( 'NONE', #10607, 1000.000000000000000 ) ;
#8911 = DIRECTION ( 'NONE',  ( -0.000000000000000000, 0.000000000000000000, 1.000000000000000000 ) ) ;
#8912 = EDGE_CURVE ( 'NONE', #10632, #12089, #4400, .T. ) ;
#8913 = ORIENTED_EDGE ( 'NONE', *, *, #9974, .F. ) ;
#8914 = CARTESIAN_POINT ( 'NONE',  ( 76.25000000000000000, 51.44999999999999574, 6.499999999999999112 ) ) ;
#8915 = ORIENTED_EDGE ( 'NONE', *, *, #5202, .T. ) ;
#8916 = DIRECTION ( 'NONE',  ( -0.000000000000000000, -0.000000000000000000, 1.000000000000000000 ) ) ;
#8917 = ORIENTED_EDGE ( 'NONE', *, *, #2103, .F. ) ;
#8918 = CARTESIAN_POINT ( 'NONE',  ( 29.00000000000000000, 29.00000000000000000, -4.500000000000000888 ) ) ;
#8919 = DIRECTION ( 'NONE',  ( 0.000000000000000000, -1.000000000000000000, 0.000000000000000000 ) ) ;
#8920 = CIRCLE ( 'NONE', #12465, 1.500000000000000000 ) ;
#8921 = CARTESIAN_POINT ( 'NONE',  ( 71.49999999999998579, 40.52874832153299423, 3.323999333381999488 ) ) ;
#8922 = EDGE_LOOP ( 'NONE', ( #7902, #8890, #12063, #12549 ) ) ;
#8923 = FACE_OUTER_BOUND ( 'NONE', #3341, .T. ) ;
#8924 = CARTESIAN_POINT ( 'NONE',  ( 59.14999999999999147, 24.49999999999999289, 6.499999999999999112 ) ) ;
#8925 = VECTOR ( 'NONE', #5212, 1000.000000000000000 ) ;
#8926 = AXIS2_PLACEMENT_3D ( 'NONE', #9811, #12557, #4752 ) ;
#8927 = ORIENTED_EDGE ( 'NONE', *, *, #5936, .T. ) ;
#8928 = DIRECTION ( 'NONE',  ( -1.299418334065024626E-16, 1.000000000000000000, 0.000000000000000000 ) ) ;
#8929 = ORIENTED_EDGE ( 'NONE', *, *, #8384, .T. ) ;
#8930 = CARTESIAN_POINT ( 'NONE',  ( 50.19999999999998153, 69.95000000000000284, 8.499999999999998224 ) ) ;
#8931 = ORIENTED_EDGE ( 'NONE', *, *, #12429, .F. ) ;
#8932 = ORIENTED_EDGE ( 'NONE', *, *, #10708, .F. ) ;
#8933 = DIRECTION ( 'NONE',  ( 0.000000000000000000, 0.000000000000000000, -1.000000000000000000 ) ) ;
#8934 = DIRECTION ( 'NONE',  ( 1.000000000000000000, 0.000000000000000000, 0.000000000000000000 ) ) ;
#8935 = EDGE_CURVE ( 'NONE', #9633, #9387, #8493, .T. ) ;
#8936 = AXIS2_PLACEMENT_3D ( 'NONE', #12607, #7646, #2460 ) ;
#8937 = ORIENTED_EDGE ( 'NONE', *, *, #1975, .F. ) ;
#8938 = AXIS2_PLACEMENT_3D ( 'NONE', #3378, #5328, #4352 ) ;
#8939 = CARTESIAN_POINT ( 'NONE',  ( 32.24999999999998579, 72.64999999999997726, -4.000000000000003553 ) ) ;
#8940 = DIRECTION ( 'NONE',  ( 0.000000000000000000, 0.000000000000000000, -1.000000000000000000 ) ) ;
#8941 = DIRECTION ( 'NONE',  ( -0.000000000000000000, 0.000000000000000000, 1.000000000000000000 ) ) ;
#8942 = DIRECTION ( 'NONE',  ( 1.000000000000000000, 0.000000000000000000, 0.000000000000000000 ) ) ;
#8943 = EDGE_CURVE ( 'NONE', #8767, #3879, #5316, .T. ) ;
#8944 = EDGE_LOOP ( 'NONE', ( #8515, #612, #6781, #42, #12581, #1204, #399, #10857, #1641, #9951, #5311, #12835 ) ) ;
#8945 = EDGE_CURVE ( 'NONE', #5552, #4272, #9182, .T. ) ;
#8946 = VECTOR ( 'NONE', #1651, 1000.000000000000000 ) ;
#8947 = ORIENTED_EDGE ( 'NONE', *, *, #11899, .T. ) ;
#8948 = EDGE_LOOP ( 'NONE', ( #6755, #1847, #11478, #10650 ) ) ;
#8949 = DIRECTION ( 'NONE',  ( 1.000000000000000000, -0.000000000000000000, -0.000000000000000000 ) ) ;
#8950 = LINE ( 'NONE', #9739, #10634 ) ;
#8951 = ADVANCED_FACE ( 'NONE', ( #4470 ), #3366, .T. ) ;
#8952 = ORIENTED_EDGE ( 'NONE', *, *, #6653, .T. ) ;
#8953 = LINE ( 'NONE', #2971, #11363 ) ;
#8954 = DIRECTION ( 'NONE',  ( -0.000000000000000000, -1.000000000000000000, -0.000000000000000000 ) ) ;
#8955 = EDGE_CURVE ( 'NONE', #5564, #3553, #11298, .T. ) ;
#8956 = EDGE_CURVE ( 'NONE', #1584, #3779, #3435, .T. ) ;
#8957 = LINE ( 'NONE', #5719, #7545 ) ;
#8958 = AXIS2_PLACEMENT_3D ( 'NONE', #6661, #10881, #1982 ) ;
#8959 = CARTESIAN_POINT ( 'NONE',  ( 58.64999999999999147, 24.49999999999999289, 0.5253709514437902017 ) ) ;
#8960 = LINE ( 'NONE', #6034, #4912 ) ;
#8961 = AXIS2_PLACEMENT_3D ( 'NONE', #6013, #94, #9969 ) ;
#8962 = CARTESIAN_POINT ( 'NONE',  ( 62.75000043999999377, 62.75000043999999377, -3.100000000000000533 ) ) ;
#8963 = LINE ( 'NONE', #7141, #2995 ) ;
#8964 = CARTESIAN_POINT ( 'NONE',  ( 67.25000000000000000, 76.25000000000000000, -3.500000000000000000 ) ) ;
#8965 = ORIENTED_EDGE ( 'NONE', *, *, #11894, .T. ) ;
#8966 = CARTESIAN_POINT ( 'NONE',  ( 73.00000000000000000, 29.00000000000000000, 9.500000000000001776 ) ) ;
#8967 = CARTESIAN_POINT ( 'NONE',  ( 71.49999999999998579, 32.77905841137542353, 3.323999333381998600 ) ) ;
#8968 = VECTOR ( 'NONE', #1206, 1000.000000000000000 ) ;
#8969 = VECTOR ( 'NONE', #3772, 1000.000000000000000 ) ;
#8970 = DIRECTION ( 'NONE',  ( 1.000000000000000000, 1.299418334065024626E-16, 0.000000000000000000 ) ) ;
#8971 = ORIENTED_EDGE ( 'NONE', *, *, #6056, .T. ) ;
#8972 = DIRECTION ( 'NONE',  ( -0.000000000000000000, -0.000000000000000000, 1.000000000000000000 ) ) ;
#8973 = AXIS2_PLACEMENT_3D ( 'NONE', #9406, #6358, #11732 ) ;
#8974 = ORIENTED_EDGE ( 'NONE', *, *, #9031, .F. ) ;
#8975 = VECTOR ( 'NONE', #12798, 1000.000000000000000 ) ;
#8976 = DIRECTION ( 'NONE',  ( 0.000000000000000000, 0.000000000000000000, 1.000000000000000000 ) ) ;
#8977 = ORIENTED_EDGE ( 'NONE', *, *, #9651, .F. ) ;
#8978 = FACE_OUTER_BOUND ( 'NONE', #5306, .T. ) ;
#8979 = ORIENTED_EDGE ( 'NONE', *, *, #5142, .T. ) ;
#8980 = CARTESIAN_POINT ( 'NONE',  ( 71.99999999999998579, 32.77905841137542353, 0.000000000000000000 ) ) ;
#8981 = LINE ( 'NONE', #3985, #6119 ) ;
#8982 = VECTOR ( 'NONE', #7805, 1000.000000000000000 ) ;
#8983 = DIRECTION ( 'NONE',  ( 0.000000000000000000, -1.000000000000000000, 0.000000000000000000 ) ) ;
#8984 = ORIENTED_EDGE ( 'NONE', *, *, #2658, .F. ) ;
#8985 = DIRECTION ( 'NONE',  ( -1.000000000000000000, 1.374038396813312784E-16, -0.000000000000000000 ) ) ;
#8986 = CARTESIAN_POINT ( 'NONE',  ( 25.74999999999999645, 76.25000000000000000, 4.600000659999999186 ) ) ;
#8987 = VERTEX_POINT ( 'NONE', #10506 ) ;
#8988 = DIRECTION ( 'NONE',  ( -0.000000000000000000, -1.000000000000000000, -0.000000000000000000 ) ) ;
#8989 = ADVANCED_FACE ( 'NONE', ( #7457 ), #11696, .F. ) ;
#8990 = ORIENTED_EDGE ( 'NONE', *, *, #5746, .T. ) ;
#8991 = CIRCLE ( 'NONE', #5052, 0.6999999999999784173 ) ;
#8992 = DIRECTION ( 'NONE',  ( -0.000000000000000000, -0.000000000000000000, -1.000000000000000000 ) ) ;
#8993 = EDGE_LOOP ( 'NONE', ( #11931, #2199, #210, #5714 ) ) ;
#8994 = VERTEX_POINT ( 'NONE', #3559 ) ;
#8995 = VECTOR ( 'NONE', #3320, 1000.000000000000000 ) ;
#8996 = DIRECTION ( 'NONE',  ( 0.000000000000000000, 1.000000000000000000, 0.000000000000000000 ) ) ;
#8997 = CARTESIAN_POINT ( 'NONE',  ( 71.44999999999997442, 53.94999999999999574, 6.499999999999999112 ) ) ;
#8998 = CYLINDRICAL_SURFACE ( 'NONE', #3002, 2.899999999999996358 ) ;
#8999 = FACE_OUTER_BOUND ( 'NONE', #2691, .T. ) ;
#9000 = VECTOR ( 'NONE', #6422, 1000.000000000000000 ) ;
#9001 = DIRECTION ( 'NONE',  ( 0.000000000000000000, 0.000000000000000000, 1.000000000000000000 ) ) ;
#9002 = VECTOR ( 'NONE', #6570, 1000.000000000000000 ) ;
#9003 = ORIENTED_EDGE ( 'NONE', *, *, #11902, .F. ) ;
#9004 = ORIENTED_EDGE ( 'NONE', *, *, #5599, .T. ) ;
#9005 = EDGE_LOOP ( 'NONE', ( #4678, #10417 ) ) ;
#9006 = DIRECTION ( 'NONE',  ( 1.000000000000000000, 0.000000000000000000, -0.000000000000000000 ) ) ;
#9007 = AXIS2_PLACEMENT_3D ( 'NONE', #6365, #1606, #9410 ) ;
#9008 = CARTESIAN_POINT ( 'NONE',  ( 76.23116102493389690, 39.96507023775178169, 3.160129432541435079 ) ) ;
#9009 = AXIS2_PLACEMENT_3D ( 'NONE', #12647, #7692, #10623 ) ;
#9010 = EDGE_CURVE ( 'NONE', #6249, #12372, #7512, .T. ) ;
#9011 = AXIS2_PLACEMENT_3D ( 'NONE', #3940, #11759, #4662 ) ;
#9012 = ORIENTED_EDGE ( 'NONE', *, *, #12364, .T. ) ;
#9013 = DIRECTION ( 'NONE',  ( 0.000000000000000000, 1.172110456741089772E-16, -1.000000000000000000 ) ) ;
#9014 = CARTESIAN_POINT ( 'NONE',  ( 28.74999999999998934, 64.75000044000000798, -5.000000000000000000 ) ) ;
#9015 = CIRCLE ( 'NONE', #1336, 0.5000000000000001110 ) ;
#9016 = EDGE_CURVE ( 'NONE', #4849, #7625, #6543, .T. ) ;
#9017 = LINE ( 'NONE', #11109, #5684 ) ;
#9018 = EDGE_CURVE ( 'NONE', #2104, #11208, #9601, .T. ) ;
#9019 = CARTESIAN_POINT ( 'NONE',  ( 57.64999999999999147, 24.49999999999999289, 5.999999999999999112 ) ) ;
#9020 = FACE_BOUND ( 'NONE', #2626, .T. ) ;
#9021 = AXIS2_PLACEMENT_3D ( 'NONE', #4711, #8729, #12580 ) ;
#9022 = VECTOR ( 'NONE', #145, 1000.000000000000000 ) ;
#9023 = DIRECTION ( 'NONE',  ( 0.000000000000000000, 0.000000000000000000, 1.000000000000000000 ) ) ;
#9024 = CARTESIAN_POINT ( 'NONE',  ( 71.44999999999997442, 54.94999999999999574, 8.499999999999998224 ) ) ;
#9025 = EDGE_CURVE ( 'NONE', #7320, #6557, #10637, .T. ) ;
#9026 = AXIS2_PLACEMENT_3D ( 'NONE', #989, #4833, #8793 ) ;
#9027 = CARTESIAN_POINT ( 'NONE',  ( 33.24999999999995737, 27.25000000000000000, 4.499999999999999112 ) ) ;
#9028 = EDGE_CURVE ( 'NONE', #6278, #3538, #11272, .T. ) ;
#9029 = CYLINDRICAL_SURFACE ( 'NONE', #1601, 2.499999999999998668 ) ;
#9030 = VERTEX_POINT ( 'NONE', #8685 ) ;
#9031 = EDGE_CURVE ( 'NONE', #7958, #692, #3805, .T. ) ;
#9032 = LINE ( 'NONE', #8047, #216 ) ;
#9033 = DIRECTION ( 'NONE',  ( -1.000000000000000000, 0.000000000000000000, 0.000000000000000000 ) ) ;
#9034 = AXIS2_PLACEMENT_3D ( 'NONE', #4783, #9724, #7571 ) ;
#9035 = AXIS2_PLACEMENT_3D ( 'NONE', #2665, #6509, #7353 ) ;
#9036 = DIRECTION ( 'NONE',  ( -1.000000000000000000, 0.000000000000000000, 0.000000000000000000 ) ) ;
#9037 = ORIENTED_EDGE ( 'NONE', *, *, #5698, .T. ) ;
#9038 = CARTESIAN_POINT ( 'NONE',  ( 50.24999999999999289, 67.25000043999999377, 5.925518941756209301 ) ) ;
#9039 = VECTOR ( 'NONE', #10429, 1000.000000000000000 ) ;
#9040 = LINE ( 'NONE', #5146, #11005 ) ;
#9041 = ORIENTED_EDGE ( 'NONE', *, *, #2188, .F. ) ;
#9042 = CARTESIAN_POINT ( 'NONE',  ( 28.80000000000000782, 55.74999999999999289, 4.600000660000000074 ) ) ;
#9043 = ORIENTED_EDGE ( 'NONE', *, *, #917, .T. ) ;
#9044 = CARTESIAN_POINT ( 'NONE',  ( 75.90887106545882546, 40.40749664306598987, 0.7000000000000000666 ) ) ;
#9045 = ORIENTED_EDGE ( 'NONE', *, *, #5455, .F. ) ;
#9046 = CARTESIAN_POINT ( 'NONE',  ( 43.19999999999998153, 36.95000000000000284, 8.499999999999998224 ) ) ;
#9047 = VECTOR ( 'NONE', #5369, 1000.000000000000000 ) ;
#9048 = FACE_OUTER_BOUND ( 'NONE', #4959, .T. ) ;
#9049 = EDGE_CURVE ( 'NONE', #1264, #10836, #10770, .T. ) ;
#9050 = DIRECTION ( 'NONE',  ( 0.000000000000000000, 0.000000000000000000, -1.000000000000000000 ) ) ;
#9051 = AXIS2_PLACEMENT_3D ( 'NONE', #640, #6694, #9368 ) ;
#9052 = CC_DESIGN_DATE_AND_TIME_ASSIGNMENT ( #12637, #3592, ( #903 ) ) ;
#9053 = CYLINDRICAL_SURFACE ( 'NONE', #6052, 0.7500000000000006661 ) ;
#9054 = ORIENTED_EDGE ( 'NONE', *, *, #7082, .F. ) ;
#9055 = VECTOR ( 'NONE', #5957, 1000.000000000000000 ) ;
#9056 = CARTESIAN_POINT ( 'NONE',  ( 25.74999999999999289, 54.74999999999999289, 3.600000660000000074 ) ) ;
#9057 = AXIS2_PLACEMENT_3D ( 'NONE', #8818, #2223, #2892 ) ;
#9058 = CARTESIAN_POINT ( 'NONE',  ( 76.89999999999999147, 31.50749664306601261, -0.3000000000000012101 ) ) ;
#9059 = AXIS2_PLACEMENT_3D ( 'NONE', #4757, #8712, #11392 ) ;
#9060 = ORIENTED_EDGE ( 'NONE', *, *, #1242, .F. ) ;
#9061 = CARTESIAN_POINT ( 'NONE',  ( 76.69999999999998863, 33.00749664306601261, -0.3000000000000012101 ) ) ;
#9062 = VERTEX_POINT ( 'NONE', #3071 ) ;
#9063 = DIRECTION ( 'NONE',  ( -0.000000000000000000, -0.000000000000000000, 1.000000000000000000 ) ) ;
#9064 = EDGE_LOOP ( 'NONE', ( #5416, #1647, #12256, #8682 ) ) ;
#9065 = EDGE_LOOP ( 'NONE', ( #5558, #1719, #12126, #2308 ) ) ;
#9066 = LINE ( 'NONE', #8278, #2917 ) ;
#9067 = CIRCLE ( 'NONE', #8023, 0.5000000000000004441 ) ;
#9068 = ORIENTED_EDGE ( 'NONE', *, *, #5305, .T. ) ;
#9069 = AXIS2_PLACEMENT_3D ( 'NONE', #12825, #2924, #178 ) ;
#9070 = DIRECTION ( 'NONE',  ( 1.000000000000000000, -0.000000000000000000, -0.000000000000000000 ) ) ;
#9071 = EDGE_CURVE ( 'NONE', #12014, #10189, #1797, .T. ) ;
#9072 = LINE ( 'NONE', #161, #11741 ) ;
#9073 = CARTESIAN_POINT ( 'NONE',  ( 65.75000043999999377, 39.24999955999999912, -3.100000000000000533 ) ) ;
#9074 = FACE_OUTER_BOUND ( 'NONE', #2381, .T. ) ;
#9075 = VERTEX_POINT ( 'NONE', #2705 ) ;
#9076 = ORIENTED_EDGE ( 'NONE', *, *, #6091, .T. ) ;
#9077 = ORIENTED_EDGE ( 'NONE', *, *, #2594, .T. ) ;
#9078 = CARTESIAN_POINT ( 'NONE',  ( 52.94999999999997442, 26.75000000000000000, 8.499999999999998224 ) ) ;
#9079 = FACE_OUTER_BOUND ( 'NONE', #4369, .T. ) ;
#9080 = DIRECTION ( 'NONE',  ( 1.000000000000000000, 0.000000000000000000, 0.000000000000000000 ) ) ;
#9081 = FACE_OUTER_BOUND ( 'NONE', #8895, .T. ) ;
#9082 = CARTESIAN_POINT ( 'NONE',  ( 74.64999999999999147, 48.74999999999999289, -4.000000000000000000 ) ) ;
#9083 = CARTESIAN_POINT ( 'NONE',  ( 76.25000000000000000, 28.74999999999999645, 0.000000000000000000 ) ) ;
#9084 = DIRECTION ( 'NONE',  ( -0.000000000000000000, 0.000000000000000000, 1.000000000000000000 ) ) ;
#9085 = ORIENTED_EDGE ( 'NONE', *, *, #4584, .T. ) ;
#9086 = CARTESIAN_POINT ( 'NONE',  ( 71.99999999999998579, 31.67905841137542922, 8.499999999999998224 ) ) ;
#9087 = ADVANCED_FACE ( 'NONE', ( #680 ), #3886, .T. ) ;
#9088 = PLANE ( 'NONE',  #5912 ) ;
#9089 = CARTESIAN_POINT ( 'NONE',  ( 56.64999999999999147, 25.75000000000000000, 6.000000000000000000 ) ) ;
#9090 = ORIENTED_EDGE ( 'NONE', *, *, #9890, .F. ) ;
#9091 = PLANE ( 'NONE',  #2086 ) ;
#9092 = CARTESIAN_POINT ( 'NONE',  ( 76.25000000000000000, 73.25000000000000000, -5.000000000000000000 ) ) ;
#9093 = DIRECTION ( 'NONE',  ( -1.000000000000000000, 0.000000000000000000, 0.000000000000000000 ) ) ;
#9094 = ADVANCED_FACE ( 'NONE', ( #2091 ), #2839, .F. ) ;
#9095 = EDGE_CURVE ( 'NONE', #10934, #3779, #1727, .T. ) ;
#9096 = CARTESIAN_POINT ( 'NONE',  ( 56.84999999999999432, 24.29999999999999361, 0.5253709514437902017 ) ) ;
#9097 = EDGE_CURVE ( 'NONE', #5707, #4446, #12735, .T. ) ;
#9098 = CARTESIAN_POINT ( 'NONE',  ( 66.84999999999996589, 24.29999999999999716, 5.999999999999999112 ) ) ;
#9099 = ORIENTED_EDGE ( 'NONE', *, *, #9673, .T. ) ;
#9100 = CARTESIAN_POINT ( 'NONE',  ( 42.69999999999998863, 69.95000000000000284, 4.999999999999998224 ) ) ;
#9101 = EDGE_CURVE ( 'NONE', #5242, #6311, #50, .T. ) ;
#9102 = ORIENTED_EDGE ( 'NONE', *, *, #10611, .T. ) ;
#9103 = LINE ( 'NONE', #191, #2840 ) ;
#9104 = ORIENTED_EDGE ( 'NONE', *, *, #2266, .F. ) ;
#9105 = CARTESIAN_POINT ( 'NONE',  ( 33.24999999999995737, 27.25000000000000000, 8.499999999999998224 ) ) ;
#9106 = DIRECTION ( 'NONE',  ( 0.7071067811865475727, -0.7071067811865475727, 0.000000000000000000 ) ) ;
#9107 = ADVANCED_FACE ( 'NONE', ( #4789 ), #12315, .F. ) ;
#9108 = EDGE_CURVE ( 'NONE', #8833, #1321, #1114, .T. ) ;
#9109 = LINE ( 'NONE', #9250, #7536 ) ;
#9110 = EDGE_CURVE ( 'NONE', #892, #10405, #886, .T. ) ;
#9111 = CIRCLE ( 'NONE', #11829, 1.000000000000000888 ) ;
#9112 = AXIS2_PLACEMENT_3D ( 'NONE', #10527, #2796, #2727 ) ;
#9113 = CARTESIAN_POINT ( 'NONE',  ( 71.34900000000000375, 69.74999999999998579, -3.000000000000000000 ) ) ;
#9114 = ORIENTED_EDGE ( 'NONE', *, *, #11182, .F. ) ;
#9115 = FACE_OUTER_BOUND ( 'NONE', #3347, .T. ) ;
#9116 = DIRECTION ( 'NONE',  ( -0.000000000000000000, -0.000000000000000000, 1.000000000000000000 ) ) ;
#9117 = ORIENTED_EDGE ( 'NONE', *, *, #5141, .F. ) ;
#9118 = DIRECTION ( 'NONE',  ( -0.000000000000000000, 0.000000000000000000, 1.000000000000000000 ) ) ;
#9119 = ORIENTED_EDGE ( 'NONE', *, *, #3470, .F. ) ;
#9120 = PLANE ( 'NONE',  #9852 ) ;
#9121 = ORIENTED_EDGE ( 'NONE', *, *, #3229, .T. ) ;
#9122 = AXIS2_PLACEMENT_3D ( 'NONE', #3774, #9751, #1889 ) ;
#9123 = VERTEX_POINT ( 'NONE', #10569 ) ;
#9124 = VERTEX_POINT ( 'NONE', #7034 ) ;
#9125 = EDGE_CURVE ( 'NONE', #12348, #8565, #4658, .T. ) ;
#9126 = CARTESIAN_POINT ( 'NONE',  ( 0.000000000000000000, 77.19999999999998863, 9.999999999999998224 ) ) ;
#9127 = ORIENTED_EDGE ( 'NONE', *, *, #6330, .T. ) ;
#9128 = DIRECTION ( 'NONE',  ( -1.000000000000000000, 0.000000000000000000, 0.000000000000000000 ) ) ;
#9129 = ORIENTED_EDGE ( 'NONE', *, *, #3218, .F. ) ;
#9130 = AXIS2_PLACEMENT_3D ( 'NONE', #12650, #8928, #7948 ) ;
#9131 = DIRECTION ( 'NONE',  ( 0.000000000000000000, 1.000000000000000000, 0.000000000000000000 ) ) ;
#9132 = DIRECTION ( 'NONE',  ( -1.000000000000000000, 0.000000000000000000, 0.000000000000000000 ) ) ;
#9133 = CARTESIAN_POINT ( 'NONE',  ( 71.39999999999999147, 73.00000000000000000, 44.50000000000000711 ) ) ;
#9134 = EDGE_LOOP ( 'NONE', ( #587, #12449, #7615, #9922 ) ) ;
#9135 = ORIENTED_EDGE ( 'NONE', *, *, #9673, .F. ) ;
#9136 = CARTESIAN_POINT ( 'NONE',  ( 69.94999999999997442, 48.20000000000000995, 4.999999999999998224 ) ) ;
#9137 = EDGE_LOOP ( 'NONE', ( #9358, #1266, #3409, #5488 ) ) ;
#9138 = ORIENTED_EDGE ( 'NONE', *, *, #7038, .T. ) ;
#9139 = DIRECTION ( 'NONE',  ( 0.000000000000000000, 0.000000000000000000, 1.000000000000000000 ) ) ;
#9140 = EDGE_CURVE ( 'NONE', #8817, #12124, #1091, .T. ) ;
#9141 = AXIS2_PLACEMENT_3D ( 'NONE', #5356, #546, #4383 ) ;
#9142 = AXIS2_PLACEMENT_3D ( 'NONE', #4553, #3585, #11521 ) ;
#9143 = DIRECTION ( 'NONE',  ( -1.000000000000000000, 0.000000000000000000, 0.000000000000000000 ) ) ;
#9144 = DIRECTION ( 'NONE',  ( 0.000000000000000000, -0.000000000000000000, 1.000000000000000000 ) ) ;
#9145 = DIRECTION ( 'NONE',  ( 0.000000000000000000, 0.000000000000000000, -1.000000000000000000 ) ) ;
#9146 = CARTESIAN_POINT ( 'NONE',  ( 36.24999955999999912, 53.25000000000000000, -3.100000000000000533 ) ) ;
#9147 = CARTESIAN_POINT ( 'NONE',  ( 55.14999999999999147, 25.75000000000000000, 6.000000000000000000 ) ) ;
#9148 = VECTOR ( 'NONE', #4735, 1000.000000000000000 ) ;
#9149 = LINE ( 'NONE', #3306, #5632 ) ;
#9150 = ORIENTED_EDGE ( 'NONE', *, *, #9277, .F. ) ;
#9151 = LINE ( 'NONE', #3443, #4367 ) ;
#9152 = DIRECTION ( 'NONE',  ( 0.000000000000000000, 0.000000000000000000, -1.000000000000000000 ) ) ;
#9153 = EDGE_CURVE ( 'NONE', #1578, #10484, #7731, .T. ) ;
#9154 = DIRECTION ( 'NONE',  ( -1.299418334065024873E-16, 1.000000000000000000, 0.000000000000000000 ) ) ;
#9155 = ORIENTED_EDGE ( 'NONE', *, *, #5360, .F. ) ;
#9156 = EDGE_LOOP ( 'NONE', ( #3933, #2600, #6588, #4637 ) ) ;
#9157 = AXIS2_PLACEMENT_3D ( 'NONE', #11417, #2496, #5492 ) ;
#9158 = LINE ( 'NONE', #2404, #6659 ) ;
#9159 = LINE ( 'NONE', #7147, #2428 ) ;
#9160 = DIRECTION ( 'NONE',  ( 0.000000000000000000, 0.000000000000000000, -1.000000000000000000 ) ) ;
#9161 = VECTOR ( 'NONE', #3676, 1000.000000000000000 ) ;
#9162 = ORIENTED_EDGE ( 'NONE', *, *, #6735, .F. ) ;
#9163 = FACE_OUTER_BOUND ( 'NONE', #6081, .T. ) ;
#9164 = CARTESIAN_POINT ( 'NONE',  ( 29.00000000000000000, 29.00000000000000000, 6.499999999999999112 ) ) ;
#9165 = EDGE_LOOP ( 'NONE', ( #10720, #11010, #12794, #7019 ) ) ;
#9166 = CARTESIAN_POINT ( 'NONE',  ( 66.64999999999999147, 24.49999999999997513, 6.499999999999999112 ) ) ;
#9167 = ORIENTED_EDGE ( 'NONE', *, *, #7552, .T. ) ;
#9168 = DIRECTION ( 'NONE',  ( 0.000000000000000000, 1.000000000000000000, 0.000000000000000000 ) ) ;
#9169 = ORIENTED_EDGE ( 'NONE', *, *, #2271, .F. ) ;
#9170 = CARTESIAN_POINT ( 'NONE',  ( 77.69999999999998863, 77.69999999999998863, 9.500000000000005329 ) ) ;
#9171 = AXIS2_PLACEMENT_3D ( 'NONE', #2012, #49, #11964 ) ;
#9172 = CARTESIAN_POINT ( 'NONE',  ( 51.75000000000000000, 67.25000043999999377, -4.000000000000000000 ) ) ;
#9173 = DIRECTION ( 'NONE',  ( -1.000000000000000000, 0.000000000000000000, 0.000000000000000000 ) ) ;
#9174 = EDGE_CURVE ( 'NONE', #607, #4097, #6802, .T. ) ;
#9175 = DIRECTION ( 'NONE',  ( 0.000000000000000000, -0.000000000000000000, -1.000000000000000000 ) ) ;
#9176 = EDGE_CURVE ( 'NONE', #1078, #4796, #10146, .T. ) ;
#9177 = CARTESIAN_POINT ( 'NONE',  ( 28.30000000000001137, 24.79999999999999361, 9.999999999999998224 ) ) ;
#9178 = EDGE_CURVE ( 'NONE', #10117, #10934, #4218, .T. ) ;
#9179 = VERTEX_POINT ( 'NONE', #11264 ) ;
#9180 = VECTOR ( 'NONE', #4677, 1000.000000000000000 ) ;
#9181 = LINE ( 'NONE', #4372, #7565 ) ;
#9182 = CIRCLE ( 'NONE', #1511, 1.500000000000001332 ) ;
#9183 = DIRECTION ( 'NONE',  ( -1.374038396813312784E-16, -1.000000000000000000, 9.427844978134821433E-17 ) ) ;
#9184 = EDGE_CURVE ( 'NONE', #7181, #11283, #3179, .T. ) ;
#9185 = ORIENTED_EDGE ( 'NONE', *, *, #4976, .F. ) ;
#9186 = CARTESIAN_POINT ( 'NONE',  ( 75.89999999999999147, 29.00000000000000000, 9.500000000000001776 ) ) ;
#9187 = EDGE_CURVE ( 'NONE', #6466, #9586, #9109, .T. ) ;
#9188 = EDGE_CURVE ( 'NONE', #12089, #2461, #10079, .T. ) ;
#9189 = EDGE_LOOP ( 'NONE', ( #1466, #7086, #6974, #7153, #12065, #12851, #12302, #6174 ) ) ;
#9190 = EDGE_CURVE ( 'NONE', #6009, #11402, #6253, .T. ) ;
#9191 = PLANE ( 'NONE',  #12781 ) ;
#9192 = EDGE_LOOP ( 'NONE', ( #2689, #7938, #4229, #4599 ) ) ;
#9193 = EDGE_CURVE ( 'NONE', #1970, #12617, #7230, .T. ) ;
#9194 = VERTEX_POINT ( 'NONE', #5277 ) ;
#9195 = EDGE_CURVE ( 'NONE', #990, #10092, #7941, .T. ) ;
#9196 = VERTEX_POINT ( 'NONE', #10210 ) ;
#9197 = AXIS2_PLACEMENT_3D ( 'NONE', #1604, #9408, #2319 ) ;
#9198 = DIRECTION ( 'NONE',  ( -0.000000000000000000, -0.7071067811865425767, -0.7071067811865524577 ) ) ;
#9199 = ORIENTED_EDGE ( 'NONE', *, *, #8555, .F. ) ;
#9200 = DIRECTION ( 'NONE',  ( 1.000000000000000000, 0.000000000000000000, 0.000000000000000000 ) ) ;
#9201 = DIRECTION ( 'NONE',  ( 0.000000000000000000, 0.000000000000000000, 1.000000000000000000 ) ) ;
#9202 = DIRECTION ( 'NONE',  ( 0.000000000000000000, -1.000000000000000000, 0.000000000000000000 ) ) ;
#9203 = LINE ( 'NONE', #12137, #2932 ) ;
#9204 = ORIENTED_EDGE ( 'NONE', *, *, #4256, .T. ) ;
#9205 = CONICAL_SURFACE ( 'NONE', #897, 3.500000000000003109, 0.7853981633974380649 ) ;
#9206 = ORIENTED_EDGE ( 'NONE', *, *, #9994, .F. ) ;
#9207 = DIRECTION ( 'NONE',  ( 0.000000000000000000, 0.000000000000000000, 1.000000000000000000 ) ) ;
#9208 = ORIENTED_EDGE ( 'NONE', *, *, #6004, .T. ) ;
#9209 = VERTEX_POINT ( 'NONE', #7358 ) ;
#9210 = CARTESIAN_POINT ( 'NONE',  ( 73.25000000000000000, 25.84999999999999432, -5.000000000000000000 ) ) ;
#9211 = CARTESIAN_POINT ( 'NONE',  ( 73.25000000000000000, 73.25000000000000000, -5.000000000000000000 ) ) ;
#9212 = DIRECTION ( 'NONE',  ( 0.000000000000000000, 0.000000000000000000, 1.000000000000000000 ) ) ;
#9213 = DIRECTION ( 'NONE',  ( 1.000000000000000000, 0.000000000000000000, 0.000000000000000000 ) ) ;
#9214 = VECTOR ( 'NONE', #11386, 1000.000000000000114 ) ;
#9215 = LINE ( 'NONE', #1209, #2569 ) ;
#9216 = APPROVAL ( #3526, 'æœª' ) ;
#9217 = AXIS2_PLACEMENT_3D ( 'NONE', #6244, #2, #5013 ) ;
#9218 = DIRECTION ( 'NONE',  ( 1.374038396813312784E-16, 1.000000000000000000, 0.000000000000000000 ) ) ;
#9219 = LINE ( 'NONE', #6165, #10817 ) ;
#9220 = ORIENTED_EDGE ( 'NONE', *, *, #7284, .F. ) ;
#9221 = CARTESIAN_POINT ( 'NONE',  ( 77.69999999999998863, 34.00749664306601261, -0.3000000000000006550 ) ) ;
#9222 = VECTOR ( 'NONE', #11374, 1000.000000000000000 ) ;
#9223 = LINE ( 'NONE', #309, #11734 ) ;
#9224 = DIRECTION ( 'NONE',  ( -1.000000000000000000, 0.000000000000000000, 0.000000000000000000 ) ) ;
#9225 = ORIENTED_EDGE ( 'NONE', *, *, #3237, .F. ) ;
#9226 = VECTOR ( 'NONE', #1736, 1000.000000000000000 ) ;
#9227 = ORIENTED_EDGE ( 'NONE', *, *, #11503, .T. ) ;
#9228 = DIRECTION ( 'NONE',  ( 0.000000000000000000, -0.000000000000000000, -1.000000000000000000 ) ) ;
#9229 = LINE ( 'NONE', #4292, #11124 ) ;
#9230 = FACE_OUTER_BOUND ( 'NONE', #10347, .T. ) ;
#9231 = CIRCLE ( 'NONE', #12155, 0.4999999999999995559 ) ;
#9232 = AXIS2_PLACEMENT_3D ( 'NONE', #8885, #10833, #9856 ) ;
#9233 = CIRCLE ( 'NONE', #6111, 2.499999999999998668 ) ;
#9234 = ADVANCED_FACE ( 'NONE', ( #396 ), #146, .F. ) ;
#9235 = AXIS2_PLACEMENT_3D ( 'NONE', #4477, #4409, #6429 ) ;
#9236 = LINE ( 'NONE', #4297, #6836 ) ;
#9237 = DIRECTION ( 'NONE',  ( -1.000000000000000000, 0.000000000000000000, 0.000000000000000000 ) ) ;
#9238 = DIRECTION ( 'NONE',  ( 1.000000000000000000, 0.000000000000000000, 0.000000000000000000 ) ) ;
#9239 = ORIENTED_EDGE ( 'NONE', *, *, #3871, .F. ) ;
#9240 = DIRECTION ( 'NONE',  ( 0.000000000000000000, 0.000000000000000000, -1.000000000000000000 ) ) ;
#9241 = ORIENTED_EDGE ( 'NONE', *, *, #6245, .F. ) ;
#9242 = EDGE_CURVE ( 'NONE', #12567, #7525, #4239, .T. ) ;
#9243 = CIRCLE ( 'NONE', #3647, 1.600000000000000755 ) ;
#9244 = AXIS2_PLACEMENT_3D ( 'NONE', #72, #8919, #10875 ) ;
#9245 = DIRECTION ( 'NONE',  ( 0.000000000000000000, -0.000000000000000000, 1.000000000000000000 ) ) ;
#9246 = ORIENTED_EDGE ( 'NONE', *, *, #9971, .F. ) ;
#9247 = DIRECTION ( 'NONE',  ( 0.000000000000000000, -1.000000000000000000, 0.000000000000000000 ) ) ;
#9248 = DIRECTION ( 'NONE',  ( -0.000000000000000000, -1.000000000000000000, -0.000000000000000000 ) ) ;
#9249 = AXIS2_PLACEMENT_3D ( 'NONE', #9320, #3596, #7429 ) ;
#9250 = CARTESIAN_POINT ( 'NONE',  ( 51.75000000000000000, 73.14999999999997726, -3.099999999999998757 ) ) ;
#9251 = DIRECTION ( 'NONE',  ( -0.000000000000000000, -0.000000000000000000, 1.000000000000000000 ) ) ;
#9252 = ORIENTED_EDGE ( 'NONE', *, *, #5924, .T. ) ;
#9253 = VECTOR ( 'NONE', #4924, 1000.000000000000000 ) ;
#9254 = APPROVAL_DATE_TIME ( #5281, #11735 ) ;
#9255 = CARTESIAN_POINT ( 'NONE',  ( 73.25000000000000000, 25.75000000000000000, -5.000000000000000000 ) ) ;
#9256 = EDGE_LOOP ( 'NONE', ( #1610, #12470, #1589, #11684 ) ) ;
#9257 = CARTESIAN_POINT ( 'NONE',  ( 57.64999999999999147, 24.29998799999999548, 5.999999999999999112 ) ) ;
#9258 = EDGE_LOOP ( 'NONE', ( #11664, #855, #11594, #12632 ) ) ;
#9259 = VECTOR ( 'NONE', #5389, 1000.000000000000000 ) ;
#9260 = DIRECTION ( 'NONE',  ( -1.299418334065024873E-16, 1.000000000000000000, 0.000000000000000000 ) ) ;
#9261 = VERTEX_POINT ( 'NONE', #4113 ) ;
#9262 = ADVANCED_FACE ( 'NONE', ( #12244, #12183, #8263, #3274, #2155 ), #5154, .F. ) ;
#9263 = VERTEX_POINT ( 'NONE', #197 ) ;
#9264 = EDGE_CURVE ( 'NONE', #5385, #7315, #4308, .T. ) ;
#9265 = VERTEX_POINT ( 'NONE', #8064 ) ;
#9266 = CARTESIAN_POINT ( 'NONE',  ( 58.14999999999999147, 24.29999999999999361, 0.5253709514437898687 ) ) ;
#9267 = ORIENTED_EDGE ( 'NONE', *, *, #4624, .T. ) ;
#9268 = CIRCLE ( 'NONE', #8851, 3.000000000000002665 ) ;
#9269 = LINE ( 'NONE', #3488, #9992 ) ;
#9270 = AXIS2_PLACEMENT_3D ( 'NONE', #2636, #3615, #810 ) ;
#9271 = ORIENTED_EDGE ( 'NONE', *, *, #2526, .T. ) ;
#9272 = ADVANCED_FACE ( 'NONE', ( #7295 ), #7094, .F. ) ;
#9273 = FACE_OUTER_BOUND ( 'NONE', #12197, .T. ) ;
#9274 = ADVANCED_FACE ( 'NONE', ( #12112 ), #3199, .F. ) ;
#9275 = CARTESIAN_POINT ( 'NONE',  ( 76.15248478826893574, 33.11357593782052078, 0.1834101053290330685 ) ) ;
#9276 = VERTEX_POINT ( 'NONE', #6192 ) ;
#9277 = EDGE_CURVE ( 'NONE', #958, #826, #3467, .T. ) ;
#9278 = VERTEX_POINT ( 'NONE', #6634 ) ;
#9279 = VECTOR ( 'NONE', #3834, 1000.000000000000000 ) ;
#9280 = CARTESIAN_POINT ( 'NONE',  ( 72.63799999999999102, 63.67200000000001836, 2.255601768855265199 ) ) ;
#9281 = ORIENTED_EDGE ( 'NONE', *, *, #4504, .F. ) ;
#9282 = EDGE_LOOP ( 'NONE', ( #436, #12649, #10807, #11291 ) ) ;
#9283 = CARTESIAN_POINT ( 'NONE',  ( 71.44999999999997442, 53.94999999999999574, 6.499999999999999112 ) ) ;
#9284 = ADVANCED_FACE ( 'NONE', ( #9500 ), #9205, .T. ) ;
#9285 = CARTESIAN_POINT ( 'NONE',  ( 55.64999999999999147, 24.29998799999999548, 0.02537095144379032663 ) ) ;
#9286 = AXIS2_PLACEMENT_3D ( 'NONE', #12176, #9245, #3269 ) ;
#9287 = DIRECTION ( 'NONE',  ( 0.000000000000000000, 1.000000000000000000, 0.000000000000000000 ) ) ;
#9288 = CARTESIAN_POINT ( 'NONE',  ( 73.00000000000000000, 29.00000000000000000, 44.50000000000000711 ) ) ;
#9289 = ADVANCED_FACE ( 'NONE', ( #2604 ), #6510, .F. ) ;
#9290 = CARTESIAN_POINT ( 'NONE',  ( 71.79999999999999716, 30.25000000000000000, -1.600000000000004086 ) ) ;
#9291 = LINE ( 'NONE', #9019, #1332 ) ;
#9292 = CARTESIAN_POINT ( 'NONE',  ( 52.94999999999997442, 26.75000000000000000, -3.500000000000000000 ) ) ;
#9293 = ORIENTED_EDGE ( 'NONE', *, *, #5886, .T. ) ;
#9294 = DIRECTION ( 'NONE',  ( 1.000000000000000000, 0.000000000000000000, -0.000000000000000000 ) ) ;
#9295 = DIRECTION ( 'NONE',  ( 0.000000000000000000, 0.000000000000000000, 1.000000000000000000 ) ) ;
#9296 = LINE ( 'NONE', #11117, #2430 ) ;
#9297 = ORIENTED_EDGE ( 'NONE', *, *, #2111, .T. ) ;
#9298 = ORIENTED_EDGE ( 'NONE', *, *, #4281, .T. ) ;
#9299 = LINE ( 'NONE', #380, #3760 ) ;
#9300 = DIRECTION ( 'NONE',  ( -1.299418334065024873E-16, 1.000000000000000000, 0.000000000000000000 ) ) ;
#9301 = DIRECTION ( 'NONE',  ( 0.000000000000000000, 0.000000000000000000, -1.000000000000000000 ) ) ;
#9302 = FACE_OUTER_BOUND ( 'NONE', #9740, .T. ) ;
#9303 = CARTESIAN_POINT ( 'NONE',  ( 66.14999999999999147, 25.75000000000000000, 0.02537095144379032663 ) ) ;
#9304 = PLANE ( 'NONE',  #5198 ) ;
#9305 = ORIENTED_EDGE ( 'NONE', *, *, #7390, .F. ) ;
#9306 = DIRECTION ( 'NONE',  ( -1.000000000000000000, 0.000000000000000000, 0.000000000000000000 ) ) ;
#9307 = ORIENTED_EDGE ( 'NONE', *, *, #1485, .F. ) ;
#9308 = CARTESIAN_POINT ( 'NONE',  ( 39.24999955999999912, 65.75000043999999377, -3.100000000000000533 ) ) ;
#9309 = ORIENTED_EDGE ( 'NONE', *, *, #2358, .F. ) ;
#9310 = EDGE_CURVE ( 'NONE', #10986, #8765, #3660, .T. ) ;
#9311 = CARTESIAN_POINT ( 'NONE',  ( 76.89999999999999147, 33.00749664306601261, 0.6999999999999992895 ) ) ;
#9312 = CARTESIAN_POINT ( 'NONE',  ( 49.19999999999998153, 69.95000000000000284, 6.499999999999999112 ) ) ;
#9313 = DIRECTION ( 'NONE',  ( -0.7071067811865474617, -0.7071067811865474617, 0.000000000000000000 ) ) ;
#9314 = DIRECTION ( 'NONE',  ( -0.000000000000000000, 0.000000000000000000, 1.000000000000000000 ) ) ;
#9315 = EDGE_LOOP ( 'NONE', ( #3547, #6896, #6796, #6414 ) ) ;
#9316 = EDGE_CURVE ( 'NONE', #2934, #6647, #6579, .T. ) ;
#9317 = DIRECTION ( 'NONE',  ( 0.000000000000000000, 0.000000000000000000, 1.000000000000000000 ) ) ;
#9318 = DIRECTION ( 'NONE',  ( 1.000000000000000000, 0.000000000000000000, 0.000000000000000000 ) ) ;
#9319 = EDGE_LOOP ( 'NONE', ( #9293, #10215, #4564, #9570 ) ) ;
#9320 = CARTESIAN_POINT ( 'NONE',  ( 77.69999999999998863, 40.40749664306598987, -0.3000000000000007105 ) ) ;
#9321 = ORIENTED_EDGE ( 'NONE', *, *, #3641, .F. ) ;
#9322 = DIRECTION ( 'NONE',  ( 0.000000000000000000, 0.000000000000000000, 1.000000000000000000 ) ) ;
#9323 = VERTEX_POINT ( 'NONE', #529 ) ;
#9324 = ORIENTED_EDGE ( 'NONE', *, *, #10669, .F. ) ;
#9325 = EDGE_CURVE ( 'NONE', #11670, #11093, #5665, .T. ) ;
#9326 = ORIENTED_EDGE ( 'NONE', *, *, #4581, .T. ) ;
#9327 = AXIS2_PLACEMENT_3D ( 'NONE', #1059, #2231, #6063 ) ;
#9328 = CARTESIAN_POINT ( 'NONE',  ( 30.24999999999998579, 32.25000000000000000, -1.600000000000000311 ) ) ;
#9329 = ORIENTED_EDGE ( 'NONE', *, *, #11501, .T. ) ;
#9330 = DIRECTION ( 'NONE',  ( -1.000000000000000000, 0.000000000000000000, 0.000000000000000000 ) ) ;
#9331 = DIRECTION ( 'NONE',  ( -0.000000000000000000, 0.000000000000000000, -1.000000000000000000 ) ) ;
#9332 = DIRECTION ( 'NONE',  ( 1.000000000000000000, 0.000000000000000000, 0.000000000000000000 ) ) ;
#9333 = VECTOR ( 'NONE', #577, 1000.000000000000000 ) ;
#9334 = ORIENTED_EDGE ( 'NONE', *, *, #5767, .F. ) ;
#9335 = VERTEX_POINT ( 'NONE', #11595 ) ;
#9336 = DIRECTION ( 'NONE',  ( -1.000000000000000000, -1.299418334065024626E-16, 0.000000000000000000 ) ) ;
#9337 = VERTEX_POINT ( 'NONE', #3523 ) ;
#9338 = VERTEX_POINT ( 'NONE', #12635 ) ;
#9339 = DIRECTION ( 'NONE',  ( 1.000000000000000000, 0.000000000000000000, 0.000000000000000000 ) ) ;
#9340 = ADVANCED_FACE ( 'NONE', ( #1762 ), #4623, .F. ) ;
#9341 = DIRECTION ( 'NONE',  ( -1.000000000000000000, 0.000000000000000000, 0.000000000000000000 ) ) ;
#9342 = DIRECTION ( 'NONE',  ( -1.000000000000000000, 0.000000000000000000, 0.000000000000000000 ) ) ;
#9343 = CARTESIAN_POINT ( 'NONE',  ( 49.44999999999997442, 25.75000000000000000, 8.499999999999996447 ) ) ;
#9344 = PLANE ( 'NONE',  #6102 ) ;
#9345 = CARTESIAN_POINT ( 'NONE',  ( 73.00000000000000000, 73.00000000000000000, -4.500000000000000888 ) ) ;
#9346 = EDGE_CURVE ( 'NONE', #8540, #3053, #12376, .T. ) ;
#9347 = EDGE_CURVE ( 'NONE', #10189, #12237, #7671, .T. ) ;
#9348 = CARTESIAN_POINT ( 'NONE',  ( 68.75000000000000000, 70.25000000000000000, 3.404999829744057127 ) ) ;
#9349 = VERTEX_POINT ( 'NONE', #8521 ) ;
#9350 = AXIS2_PLACEMENT_3D ( 'NONE', #9126, #9198, #347 ) ;
#9351 = DIRECTION ( 'NONE',  ( -0.7071067811865352493, -0.7071067811865597852, 0.000000000000000000 ) ) ;
#9352 = CIRCLE ( 'NONE', #7265, 0.6999999999999992895 ) ;
#9353 = VECTOR ( 'NONE', #6065, 1000.000000000000000 ) ;
#9354 = ADVANCED_FACE ( 'NONE', ( #1569 ), #1629, .T. ) ;
#9355 = DIRECTION ( 'NONE',  ( 1.299418334065024873E-16, -1.000000000000000000, 0.000000000000000000 ) ) ;
#9356 = EDGE_CURVE ( 'NONE', #7391, #8175, #584, .T. ) ;
#9357 = FACE_OUTER_BOUND ( 'NONE', #7589, .T. ) ;
#9358 = ORIENTED_EDGE ( 'NONE', *, *, #8397, .T. ) ;
#9359 = ADVANCED_FACE ( 'NONE', ( #8662 ), #3722, .F. ) ;
#9360 = VERTEX_POINT ( 'NONE', #9558 ) ;
#9361 = FACE_BOUND ( 'NONE', #8569, .T. ) ;
#9362 = CARTESIAN_POINT ( 'NONE',  ( 73.89999999999997726, 62.92200000000001836, -4.000000000000003553 ) ) ;
#9363 = DIRECTION ( 'NONE',  ( -0.000000000000000000, -0.000000000000000000, -1.000000000000000000 ) ) ;
#9364 = AXIS2_PLACEMENT_3D ( 'NONE', #7708, #8888, #3891 ) ;
#9365 = AXIS2_PLACEMENT_3D ( 'NONE', #2927, #9936, #9998 ) ;
#9366 = CARTESIAN_POINT ( 'NONE',  ( 73.38799999999999102, 64.96099999999999852, -3.000000000000000000 ) ) ;
#9367 = DIRECTION ( 'NONE',  ( -0.000000000000000000, -0.000000000000000000, 1.000000000000000000 ) ) ;
#9368 = DIRECTION ( 'NONE',  ( 0.000000000000000000, 0.000000000000000000, -1.000000000000000000 ) ) ;
#9369 = DIRECTION ( 'NONE',  ( 0.000000000000000000, 0.000000000000000000, 1.000000000000000000 ) ) ;
#9370 = AXIS2_PLACEMENT_3D ( 'NONE', #3944, #10776, #11693 ) ;
#9371 = CYLINDRICAL_SURFACE ( 'NONE', #9482, 3.000000000000002665 ) ;
#9372 = ORIENTED_EDGE ( 'NONE', *, *, #1645, .T. ) ;
#9373 = CARTESIAN_POINT ( 'NONE',  ( 62.75000043999999377, 36.24999955999999912, -3.100000000000000533 ) ) ;
#9374 = DIRECTION ( 'NONE',  ( 0.000000000000000000, 1.000000000000000000, 0.000000000000000000 ) ) ;
#9375 = DIRECTION ( 'NONE',  ( -0.000000000000000000, -0.000000000000000000, -1.000000000000000000 ) ) ;
#9376 = EDGE_LOOP ( 'NONE', ( #3281, #6381, #9045, #10890 ) ) ;
#9377 = CARTESIAN_POINT ( 'NONE',  ( 34.74999955999999202, 50.24999999999999289, -3.100000000000000533 ) ) ;
#9378 = ORIENTED_EDGE ( 'NONE', *, *, #7844, .F. ) ;
#9379 = CARTESIAN_POINT ( 'NONE',  ( 76.25000000000000000, 43.44999999999998863, 8.499999999999996447 ) ) ;
#9380 = CARTESIAN_POINT ( 'NONE',  ( 39.24999955999999912, 36.24999955999999912, -3.100000000000000533 ) ) ;
#9381 = ORIENTED_EDGE ( 'NONE', *, *, #10602, .T. ) ;
#9382 = CIRCLE ( 'NONE', #5847, 0.5000000000000004441 ) ;
#9383 = LINE ( 'NONE', #470, #9650 ) ;
#9384 = ORIENTED_EDGE ( 'NONE', *, *, #3643, .F. ) ;
#9385 = PLANE ( 'NONE',  #6540 ) ;
#9386 = VERTEX_POINT ( 'NONE', #2737 ) ;
#9387 = VERTEX_POINT ( 'NONE', #11459 ) ;
#9388 = EDGE_LOOP ( 'NONE', ( #2716, #8079, #1186, #1868, #3949, #10596, #4606 ) ) ;
#9389 = DIRECTION ( 'NONE',  ( 0.000000000000000000, 0.000000000000000000, -1.000000000000000000 ) ) ;
#9390 = ORIENTED_EDGE ( 'NONE', *, *, #9578, .T. ) ;
#9391 = AXIS2_PLACEMENT_3D ( 'NONE', #1612, #5580, #12546 ) ;
#9392 = AXIS2_PLACEMENT_3D ( 'NONE', #2129, #12087, #4283 ) ;
#9393 = DIRECTION ( 'NONE',  ( 0.000000000000000000, 0.000000000000000000, -1.000000000000000000 ) ) ;
#9394 = ORIENTED_EDGE ( 'NONE', *, *, #11027, .F. ) ;
#9395 = FACE_OUTER_BOUND ( 'NONE', #4385, .T. ) ;
#9396 = EDGE_CURVE ( 'NONE', #711, #948, #8789, .T. ) ;
#9397 = CARTESIAN_POINT ( 'NONE',  ( 39.24999955999999912, 37.24999955999998491, -5.000000000000000000 ) ) ;
#9398 = EDGE_LOOP ( 'NONE', ( #4932, #12705, #998, #5951 ) ) ;
#9399 = ORIENTED_EDGE ( 'NONE', *, *, #11053, .T. ) ;
#9400 = VECTOR ( 'NONE', #2385, 1000.000000000000000 ) ;
#9401 = DIRECTION ( 'NONE',  ( 1.000000000000000000, 0.000000000000000000, -0.000000000000000000 ) ) ;
#9402 = ORIENTED_EDGE ( 'NONE', *, *, #1366, .T. ) ;
#9403 = ORIENTED_EDGE ( 'NONE', *, *, #7443, .T. ) ;
#9405 = CARTESIAN_POINT ( 'NONE',  ( 76.25000000000000000, 76.25000000000000000, 0.000000000000000000 ) ) ;
#9404 = VECTOR ( 'NONE', #10179, 1000.000000000000000 ) ;
#9406 = CARTESIAN_POINT ( 'NONE',  ( 39.24999955999999912, 39.24999955999999912, -3.100000000000000533 ) ) ;
#9407 = LINE ( 'NONE', #7578, #12805 ) ;
#9408 = DIRECTION ( 'NONE',  ( -0.000000000000000000, -0.000000000000000000, 1.000000000000000000 ) ) ;
#9409 = DIRECTION ( 'NONE',  ( -0.000000000000000000, 0.000000000000000000, 1.000000000000000000 ) ) ;
#9410 = DIRECTION ( 'NONE',  ( 0.000000000000000000, 0.000000000000000000, 1.000000000000000000 ) ) ;
#9411 = AXIS2_PLACEMENT_3D ( 'NONE', #6835, #3056, #12759 ) ;
#9412 = LINE ( 'NONE', #2573, #4163 ) ;
#9413 = ORIENTED_EDGE ( 'NONE', *, *, #9812, .F. ) ;
#9414 = DIRECTION ( 'NONE',  ( -1.000000000000000000, 0.000000000000000000, 0.000000000000000000 ) ) ;
#9415 = AXIS2_PLACEMENT_3D ( 'NONE', #9136, #11094, #1753 ) ;
#9416 = LINE ( 'NONE', #5515, #1695 ) ;
#9417 = EDGE_LOOP ( 'NONE', ( #8486, #3687, #3815, #6411, #8187, #3454, #12718, #1291, #4641, #6711, #11472, #12060, #3112, #5351, #10668, #1174, #3758, #5933, #12001, #2779 ) ) ;
#9418 = CC_DESIGN_PERSON_AND_ORGANIZATION_ASSIGNMENT ( #336, #10287, ( #3468 ) ) ;
#9419 = CIRCLE ( 'NONE', #11080, 2.899999999999999911 ) ;
#9420 = ORIENTED_EDGE ( 'NONE', *, *, #4100, .F. ) ;
#9421 = ADVANCED_FACE ( 'NONE', ( #10670 ), #5597, .F. ) ;
#9422 = CARTESIAN_POINT ( 'NONE',  ( 76.89999999999999147, 34.00749664306601261, -0.3000000000000006550 ) ) ;
#9423 = CARTESIAN_POINT ( 'NONE',  ( 70.25000000000000000, 72.75000000000000000, 0.000000000000000000 ) ) ;
#9424 = EDGE_CURVE ( 'NONE', #4927, #12157, #8461, .T. ) ;
#9425 = CARTESIAN_POINT ( 'NONE',  ( 27.24999999999999289, 68.75000000000000000, 4.499999999999999112 ) ) ;
#9426 = ADVANCED_FACE ( 'NONE', ( #6900 ), #3914, .F. ) ;
#9427 = VECTOR ( 'NONE', #4142, 1000.000000000000000 ) ;
#9428 = ORIENTED_EDGE ( 'NONE', *, *, #533, .T. ) ;
#9429 = ADVANCED_FACE ( 'NONE', ( #847 ), #10987, .T. ) ;
#9430 = DIRECTION ( 'NONE',  ( -0.000000000000000000, -0.000000000000000000, -1.000000000000000000 ) ) ;
#9431 = VECTOR ( 'NONE', #5396, 1000.000000000000000 ) ;
#9432 = DIRECTION ( 'NONE',  ( 0.000000000000000000, -0.000000000000000000, 1.000000000000000000 ) ) ;
#9433 = CARTESIAN_POINT ( 'NONE',  ( 28.75000000000000355, 76.14999999999999147, -1.600000000000000311 ) ) ;
#9434 = EDGE_CURVE ( 'NONE', #3807, #5385, #8154, .T. ) ;
#9435 = ADVANCED_FACE ( 'NONE', ( #10863 ), #7992, .F. ) ;
#9436 = CARTESIAN_POINT ( 'NONE',  ( 64.14999999999999147, 24.49999999999996803, 6.499999999999999112 ) ) ;
#9437 = ORIENTED_EDGE ( 'NONE', *, *, #6080, .F. ) ;
#9438 = LINE ( 'NONE', #394, #9556 ) ;
#9439 = PLANE ( 'NONE',  #3231 ) ;
#9440 = AXIS2_PLACEMENT_3D ( 'NONE', #10898, #9917, #1015 ) ;
#9441 = VECTOR ( 'NONE', #3405, 1000.000000000000000 ) ;
#9442 = DIRECTION ( 'NONE',  ( 0.000000000000000000, 0.000000000000000000, -1.000000000000000000 ) ) ;
#9443 = CIRCLE ( 'NONE', #6112, 4.000000000000003553 ) ;
#9444 = VERTEX_POINT ( 'NONE', #10926 ) ;
#9445 = CARTESIAN_POINT ( 'NONE',  ( 70.44999999999997442, 48.20000000000000995, 4.999999999999998224 ) ) ;
#9446 = VECTOR ( 'NONE', #8992, 1000.000000000000000 ) ;
#9447 = AXIS2_PLACEMENT_3D ( 'NONE', #11085, #12133, #10100 ) ;
#9448 = ORIENTED_EDGE ( 'NONE', *, *, #1712, .T. ) ;
#9449 = CARTESIAN_POINT ( 'NONE',  ( 34.24999999999998579, 28.24999999999999645, 0.000000000000000000 ) ) ;
#9450 = ORIENTED_EDGE ( 'NONE', *, *, #10125, .F. ) ;
#9451 = EDGE_CURVE ( 'NONE', #2331, #12003, #4426, .T. ) ;
#9452 = LINE ( 'NONE', #1638, #5080 ) ;
#9453 = VERTEX_POINT ( 'NONE', #912 ) ;
#9454 = VECTOR ( 'NONE', #12386, 1000.000000000000000 ) ;
#9455 = EDGE_LOOP ( 'NONE', ( #1572, #2502, #2885, #242 ) ) ;
#9456 = ORIENTED_EDGE ( 'NONE', *, *, #9028, .T. ) ;
#9457 = DIRECTION ( 'NONE',  ( -1.000000000000000000, 0.000000000000000000, 0.000000000000000000 ) ) ;
#9458 = ORIENTED_EDGE ( 'NONE', *, *, #368, .F. ) ;
#9459 = VECTOR ( 'NONE', #5637, 1000.000000000000000 ) ;
#9460 = CARTESIAN_POINT ( 'NONE',  ( 59.19999999999998153, 69.45000000000000284, 4.999999999999998224 ) ) ;
#9461 = EDGE_LOOP ( 'NONE', ( #3135, #3732, #599, #4528, #6375, #10202, #8965, #12402, #12095, #6549, #8544, #479 ) ) ;
#9462 = DIRECTION ( 'NONE',  ( 0.000000000000000000, 0.000000000000000000, -1.000000000000000000 ) ) ;
#9463 = CIRCLE ( 'NONE', #12800, 1.500000000000001332 ) ;
#9464 = FACE_OUTER_BOUND ( 'NONE', #10372, .T. ) ;
#9465 = ORIENTED_EDGE ( 'NONE', *, *, #6888, .F. ) ;
#9466 = ORIENTED_EDGE ( 'NONE', *, *, #8782, .T. ) ;
#9467 = CARTESIAN_POINT ( 'NONE',  ( 76.89999999999999147, 40.40749664306598987, -0.3000000000000007105 ) ) ;
#9468 = ORIENTED_EDGE ( 'NONE', *, *, #11890, .F. ) ;
#9469 = ORIENTED_EDGE ( 'NONE', *, *, #11018, .F. ) ;
#9470 = CARTESIAN_POINT ( 'NONE',  ( 76.69999999999998863, 31.50749664306601261, 2.323999333381998600 ) ) ;
#9471 = CARTESIAN_POINT ( 'NONE',  ( 28.30000000000000426, 77.69999999999998863, 9.500000000000005329 ) ) ;
#9472 = EDGE_CURVE ( 'NONE', #525, #1140, #11719, .T. ) ;
#9473 = CARTESIAN_POINT ( 'NONE',  ( 58.14999999999999147, 24.29999999999999361, -0.1746290485562093930 ) ) ;
#9474 = CIRCLE ( 'NONE', #5322, 1.250000000000001110 ) ;
#9475 = DIRECTION ( 'NONE',  ( -1.000000000000000000, 0.000000000000000000, 0.000000000000000000 ) ) ;
#9476 = DIRECTION ( 'NONE',  ( 0.000000000000000000, 1.000000000000000000, 0.000000000000000000 ) ) ;
#9477 = DIRECTION ( 'NONE',  ( -0.000000000000000000, -0.000000000000000000, 1.000000000000000000 ) ) ;
#9478 = LINE ( 'NONE', #8439, #5832 ) ;
#9479 = CIRCLE ( 'NONE', #5320, 2.899999999999999911 ) ;
#9480 = VERTEX_POINT ( 'NONE', #4887 ) ;
#9481 = AXIS2_PLACEMENT_3D ( 'NONE', #851, #9630, #1631 ) ;
#9482 = AXIS2_PLACEMENT_3D ( 'NONE', #6312, #392, #6385 ) ;
#9483 = DIRECTION ( 'NONE',  ( 0.000000000000000000, 0.000000000000000000, -1.000000000000000000 ) ) ;
#9484 = DIRECTION ( 'NONE',  ( 0.000000000000000000, 1.000000000000000000, 0.000000000000000000 ) ) ;
#9485 = EDGE_LOOP ( 'NONE', ( #8613, #2831, #8153, #1191 ) ) ;
#9486 = ORIENTED_EDGE ( 'NONE', *, *, #3445, .F. ) ;
#9487 = DIRECTION ( 'NONE',  ( -0.000000000000000000, -0.000000000000000000, -1.000000000000000000 ) ) ;
#9488 = DIRECTION ( 'NONE',  ( -0.000000000000000000, -0.000000000000000000, -1.000000000000000000 ) ) ;
#9489 = DIRECTION ( 'NONE',  ( -1.000000000000000000, 0.000000000000000000, 0.000000000000000000 ) ) ;
#9490 = CIRCLE ( 'NONE', #3474, 1.000000000000000888 ) ;
#9491 = ADVANCED_FACE ( 'NONE', ( #3853 ), #11978, .F. ) ;
#9492 = CARTESIAN_POINT ( 'NONE',  ( 67.25000043999999377, 50.24999999999999289, -3.100000000000000533 ) ) ;
#9493 = LINE ( 'NONE', #5459, #11625 ) ;
#9494 = DIRECTION ( 'NONE',  ( -1.299418334065024873E-16, 1.000000000000000000, 0.000000000000000000 ) ) ;
#9495 = CARTESIAN_POINT ( 'NONE',  ( 70.44999999999997442, 58.19999999999998863, 4.999999999999998224 ) ) ;
#9496 = CARTESIAN_POINT ( 'NONE',  ( 25.74999999999998934, 34.25000000000000000, 4.499999999999999112 ) ) ;
#9497 = ORIENTED_EDGE ( 'NONE', *, *, #5234, .T. ) ;
#9498 = DIRECTION ( 'NONE',  ( -1.000000000000000000, 0.000000000000000000, 0.000000000000000000 ) ) ;
#9499 = LINE ( 'NONE', #9555, #12796 ) ;
#9500 = FACE_OUTER_BOUND ( 'NONE', #1635, .T. ) ;
#9501 = ORIENTED_EDGE ( 'NONE', *, *, #6046, .F. ) ;
#9502 = EDGE_CURVE ( 'NONE', #8340, #8859, #2022, .T. ) ;
#9503 = EDGE_CURVE ( 'NONE', #9960, #5707, #786, .T. ) ;
#9504 = CARTESIAN_POINT ( 'NONE',  ( 36.24999955999999912, 62.75000043999999377, -3.100000000000000533 ) ) ;
#9505 = ORIENTED_EDGE ( 'NONE', *, *, #11548, .T. ) ;
#9506 = DIRECTION ( 'NONE',  ( 0.000000000000000000, -1.000000000000000000, 0.000000000000000000 ) ) ;
#9507 = VERTEX_POINT ( 'NONE', #985 ) ;
#9508 = DIRECTION ( 'NONE',  ( 0.000000000000000000, -0.000000000000000000, -1.000000000000000000 ) ) ;
#9509 = ORIENTED_EDGE ( 'NONE', *, *, #9140, .T. ) ;
#9510 = EDGE_CURVE ( 'NONE', #6199, #6995, #8572, .T. ) ;
#9511 = ORIENTED_EDGE ( 'NONE', *, *, #6728, .T. ) ;
#9512 = ORIENTED_EDGE ( 'NONE', *, *, #9697, .F. ) ;
#9513 = EDGE_CURVE ( 'NONE', #4008, #1192, #9938, .T. ) ;
#9514 = EDGE_CURVE ( 'NONE', #11003, #10484, #4823, .T. ) ;
#9515 = DIRECTION ( 'NONE',  ( 0.000000000000000000, 0.000000000000000000, -1.000000000000000000 ) ) ;
#9516 = ORIENTED_EDGE ( 'NONE', *, *, #6491, .T. ) ;
#9517 = ORIENTED_EDGE ( 'NONE', *, *, #9680, .T. ) ;
#9518 = DIRECTION ( 'NONE',  ( 0.000000000000000000, 0.000000000000000000, -1.000000000000000000 ) ) ;
#9519 = ORIENTED_EDGE ( 'NONE', *, *, #8866, .F. ) ;
#9520 = DIRECTION ( 'NONE',  ( 0.000000000000000000, 1.000000000000000000, 0.000000000000000000 ) ) ;
#9521 = FACE_OUTER_BOUND ( 'NONE', #7001, .T. ) ;
#9522 = ORIENTED_EDGE ( 'NONE', *, *, #1625, .F. ) ;
#9523 = ORIENTED_EDGE ( 'NONE', *, *, #12689, .F. ) ;
#9524 = DIRECTION ( 'NONE',  ( -0.000000000000000000, -1.000000000000000000, -0.000000000000000000 ) ) ;
#9525 = ORIENTED_EDGE ( 'NONE', *, *, #6772, .T. ) ;
#9526 = ORIENTED_EDGE ( 'NONE', *, *, #10368, .F. ) ;
#9527 = DIRECTION ( 'NONE',  ( 1.000000000000000000, 0.000000000000000000, 0.000000000000000000 ) ) ;
#9528 = CARTESIAN_POINT ( 'NONE',  ( 43.19999999999998863, 68.95000000000000284, 8.499999999999998224 ) ) ;
#9529 = CARTESIAN_POINT ( 'NONE',  ( 76.06136448828308971, 40.28126101120269453, 0.1975897096848192591 ) ) ;
#9530 = CARTESIAN_POINT ( 'NONE',  ( 52.44999999999998863, 24.29999999999999361, 5.999999999999996447 ) ) ;
#9531 = CIRCLE ( 'NONE', #11202, 1.500000000000001332 ) ;
#9532 = DIRECTION ( 'NONE',  ( -1.000000000000000000, 0.000000000000000000, 0.000000000000000000 ) ) ;
#9533 = CIRCLE ( 'NONE', #3315, 1.000000000000000888 ) ;
#9534 = DIRECTION ( 'NONE',  ( 0.000000000000000000, -0.000000000000000000, -1.000000000000000000 ) ) ;
#9535 = ORIENTED_EDGE ( 'NONE', *, *, #6580, .T. ) ;
#9536 = EDGE_CURVE ( 'NONE', #3894, #8447, #8717, .T. ) ;
#9537 = EDGE_LOOP ( 'NONE', ( #9864, #3475, #1254, #6007, #3766, #7496, #10152, #4669, #11864, #7527, #3324, #2545, #8829, #3035, #11571, #8469 ) ) ;
#9538 = ORIENTED_EDGE ( 'NONE', *, *, #6566, .F. ) ;
#9539 = CYLINDRICAL_SURFACE ( 'NONE', #11528, 1.500000000000001332 ) ;
#9540 = CARTESIAN_POINT ( 'NONE',  ( 24.30000000000000071, 73.69999999999998863, 15.00000000000000000 ) ) ;
#9541 = ORIENTED_EDGE ( 'NONE', *, *, #3280, .T. ) ;
#9542 = ORIENTED_EDGE ( 'NONE', *, *, #8063, .T. ) ;
#9543 = DIRECTION ( 'NONE',  ( -1.000000000000000000, 0.000000000000000000, 0.000000000000000000 ) ) ;
#9544 = LINE ( 'NONE', #8450, #10068 ) ;
#9545 = FACE_OUTER_BOUND ( 'NONE', #3066, .T. ) ;
#9546 = AXIS2_PLACEMENT_3D ( 'NONE', #3108, #3905, #7074 ) ;
#9547 = DIRECTION ( 'NONE',  ( 1.000000000000000000, 1.299418334065024133E-16, 0.000000000000000000 ) ) ;
#9548 = ADVANCED_FACE ( 'NONE', ( #1833 ), #9886, .F. ) ;
#9549 = DIRECTION ( 'NONE',  ( 0.000000000000000000, 0.7071067811865425767, 0.7071067811865524577 ) ) ;
#9550 = DIRECTION ( 'NONE',  ( 0.000000000000000000, 0.000000000000000000, 1.000000000000000000 ) ) ;
#9551 = DIRECTION ( 'NONE',  ( -1.000000000000000000, 0.000000000000000000, 0.000000000000000000 ) ) ;
#9552 = PLANE ( 'NONE',  #1389 ) ;
#9553 = ORIENTED_EDGE ( 'NONE', *, *, #5076, .T. ) ;
#9554 = CARTESIAN_POINT ( 'NONE',  ( 76.89999999999999147, 33.00749664306601261, 4.823999333381999932 ) ) ;
#9555 = CARTESIAN_POINT ( 'NONE',  ( 52.19999999999998153, 69.95000000000000284, 6.499999999999999112 ) ) ;
#9556 = VECTOR ( 'NONE', #4236, 1000.000000000000000 ) ;
#9557 = VERTEX_POINT ( 'NONE', #9821 ) ;
#9558 = CARTESIAN_POINT ( 'NONE',  ( 52.64999999999999147, 24.49999999999999289, 5.999999999999996447 ) ) ;
#9559 = VERTEX_POINT ( 'NONE', #8908 ) ;
#9560 = DIRECTION ( 'NONE',  ( 0.000000000000000000, -1.000000000000000000, 0.000000000000000000 ) ) ;
#9561 = VECTOR ( 'NONE', #4358, 1000.000000000000000 ) ;
#9562 = DIRECTION ( 'NONE',  ( -0.000000000000000000, -1.000000000000000000, -0.000000000000000000 ) ) ;
#9563 = VERTEX_POINT ( 'NONE', #3974 ) ;
#9564 = CARTESIAN_POINT ( 'NONE',  ( 52.19999999999998153, 76.25000000000000000, 6.499999999999999112 ) ) ;
#9565 = ORIENTED_EDGE ( 'NONE', *, *, #4504, .T. ) ;
#9566 = CARTESIAN_POINT ( 'NONE',  ( 29.00000000000000000, 29.00000000000000000, 6.499999999999999112 ) ) ;
#9567 = ORIENTED_EDGE ( 'NONE', *, *, #11018, .T. ) ;
#9568 = EDGE_CURVE ( 'NONE', #1406, #9360, #7328, .T. ) ;
#9569 = VERTEX_POINT ( 'NONE', #1039 ) ;
#9570 = ORIENTED_EDGE ( 'NONE', *, *, #7997, .F. ) ;
#9571 = EDGE_CURVE ( 'NONE', #420, #6551, #3389, .T. ) ;
#9572 = EDGE_CURVE ( 'NONE', #9030, #4042, #248, .T. ) ;
#9573 = CIRCLE ( 'NONE', #5422, 1.600000000000004086 ) ;
#9574 = CARTESIAN_POINT ( 'NONE',  ( 48.74999999999999289, 27.35000000000000497, -4.000000000000003553 ) ) ;
#9575 = VERTEX_POINT ( 'NONE', #1290 ) ;
#9576 = DIRECTION ( 'NONE',  ( 1.000000000000000000, 0.000000000000000000, 0.000000000000000000 ) ) ;
#9577 = AXIS2_PLACEMENT_3D ( 'NONE', #1330, #3351, #9330 ) ;
#9578 = EDGE_CURVE ( 'NONE', #7172, #1877, #10067, .T. ) ;
#9579 = EDGE_CURVE ( 'NONE', #4042, #4371, #1365, .T. ) ;
#9580 = CARTESIAN_POINT ( 'NONE',  ( 76.89999999999999147, 34.00749664306601261, 3.323999333381999488 ) ) ;
#9581 = ADVANCED_FACE ( 'NONE', ( #9230 ), #5331, .F. ) ;
#9582 = ADVANCED_FACE ( 'NONE', ( #6236 ), #3115, .F. ) ;
#9583 = EDGE_LOOP ( 'NONE', ( #9679, #3867, #965, #9068 ) ) ;
#9584 = CARTESIAN_POINT ( 'NONE',  ( 29.00000000000000000, 29.00000000000000000, 0.000000000000000000 ) ) ;
#9585 = ADVANCED_FACE ( 'NONE', ( #316 ), #382, .F. ) ;
#9586 = VERTEX_POINT ( 'NONE', #2269 ) ;
#9587 = LINE ( 'NONE', #12527, #7575 ) ;
#9588 = ORIENTED_EDGE ( 'NONE', *, *, #3359, .F. ) ;
#9589 = ORIENTED_EDGE ( 'NONE', *, *, #5618, .T. ) ;
#9590 = DIRECTION ( 'NONE',  ( 0.000000000000000000, 0.000000000000000000, -1.000000000000000000 ) ) ;
#9591 = AXIS2_PLACEMENT_3D ( 'NONE', #8695, #12871, #12669 ) ;
#9592 = CIRCLE ( 'NONE', #12306, 0.4999999999999995559 ) ;
#9593 = DIRECTION ( 'NONE',  ( -0.000000000000000000, -0.000000000000000000, -1.000000000000000000 ) ) ;
#9594 = DIRECTION ( 'NONE',  ( -0.000000000000000000, -1.000000000000000000, -0.000000000000000000 ) ) ;
#9595 = DIRECTION ( 'NONE',  ( -0.000000000000000000, -0.000000000000000000, -1.000000000000000000 ) ) ;
#9596 = DIRECTION ( 'NONE',  ( -1.000000000000000000, 0.000000000000000000, 0.000000000000000000 ) ) ;
#9597 = DIRECTION ( 'NONE',  ( 0.000000000000000000, 0.000000000000000000, -1.000000000000000000 ) ) ;
#9598 = CARTESIAN_POINT ( 'NONE',  ( 26.10000000000000497, 29.00000000000000000, 6.499999999999999112 ) ) ;
#9599 = VECTOR ( 'NONE', #8231, 1000.000000000000000 ) ;
#9600 = ORIENTED_EDGE ( 'NONE', *, *, #6295, .F. ) ;
#9601 = CIRCLE ( 'NONE', #5244, 0.6999999999999784173 ) ;
#9602 = VERTEX_POINT ( 'NONE', #4294 ) ;
#9603 = ORIENTED_EDGE ( 'NONE', *, *, #2640, .F. ) ;
#9604 = LINE ( 'NONE', #11699, #6320 ) ;
#9605 = CARTESIAN_POINT ( 'NONE',  ( 71.88799999999999102, 68.99999999999998579, 2.255601768855265199 ) ) ;
#9606 = EDGE_LOOP ( 'NONE', ( #326, #8017, #2098, #8374 ) ) ;
#9607 = EDGE_CURVE ( 'NONE', #6613, #3020, #4155, .T. ) ;
#9608 = ORIENTED_EDGE ( 'NONE', *, *, #4913, .T. ) ;
#9609 = DIRECTION ( 'NONE',  ( 0.000000000000000000, 1.000000000000000000, 0.000000000000000000 ) ) ;
#9610 = CARTESIAN_POINT ( 'NONE',  ( 76.09234117223185478, 33.06797227267536954, 2.677710724137303711 ) ) ;
#9611 = VECTOR ( 'NONE', #7616, 1000.000000000000000 ) ;
#9612 = LINE ( 'NONE', #9425, #688 ) ;
#9613 = CARTESIAN_POINT ( 'NONE',  ( 76.25000000000000000, 31.75000000000000000, 78.50196847342608919 ) ) ;
#9614 = CARTESIAN_POINT ( 'NONE',  ( 70.25000000000000000, 68.75000000000000000, 4.499999999999999112 ) ) ;
#9615 = AXIS2_PLACEMENT_3D ( 'NONE', #12268, #7318, #11292 ) ;
#9616 = DIRECTION ( 'NONE',  ( 0.000000000000000000, 0.000000000000000000, 1.000000000000000000 ) ) ;
#9617 = DIRECTION ( 'NONE',  ( -0.000000000000000000, 0.000000000000000000, 1.000000000000000000 ) ) ;
#9618 = VECTOR ( 'NONE', #8451, 1000.000000000000000 ) ;
#9619 = CARTESIAN_POINT ( 'NONE',  ( 63.14999999999998437, 24.29998799999999548, 0.5253709514437898687 ) ) ;
#9620 = DIRECTION ( 'NONE',  ( 0.000000000000000000, 1.000000000000000000, 0.000000000000000000 ) ) ;
#9621 = ORIENTED_EDGE ( 'NONE', *, *, #8887, .T. ) ;
#9622 = DIRECTION ( 'NONE',  ( -1.000000000000000000, 0.000000000000000000, 0.000000000000000000 ) ) ;
#9623 = CARTESIAN_POINT ( 'NONE',  ( 55.64999999999999147, 24.49999999999999289, 0.02537095144379032663 ) ) ;
#9624 = VERTEX_POINT ( 'NONE', #8313 ) ;
#9625 = DIRECTION ( 'NONE',  ( -0.000000000000000000, -0.000000000000000000, -1.000000000000000000 ) ) ;
#9626 = ADVANCED_FACE ( 'NONE', ( #7276 ), #8178, .F. ) ;
#9627 = CIRCLE ( 'NONE', #7761, 2.000000000000001776 ) ;
#9628 = ORIENTED_EDGE ( 'NONE', *, *, #2671, .F. ) ;
#9629 = CIRCLE ( 'NONE', #1115, 0.7500000000000006661 ) ;
#9630 = DIRECTION ( 'NONE',  ( 0.000000000000000000, 0.000000000000000000, -1.000000000000000000 ) ) ;
#9631 = EDGE_CURVE ( 'NONE', #9263, #8351, #11507, .T. ) ;
#9632 = DIRECTION ( 'NONE',  ( -1.000000000000000000, 0.000000000000000000, 0.000000000000000000 ) ) ;
#9633 = VERTEX_POINT ( 'NONE', #12232 ) ;
#9634 = CARTESIAN_POINT ( 'NONE',  ( 31.74999999999998579, 25.75000000000000000, 78.50196847342608919 ) ) ;
#9635 = VERTEX_POINT ( 'NONE', #2141 ) ;
#9636 = AXIS2_PLACEMENT_3D ( 'NONE', #1539, #1665, #2459 ) ;
#9637 = CARTESIAN_POINT ( 'NONE',  ( 31.74999999999998579, 29.25000000000000000, 78.50196847342608919 ) ) ;
#9638 = ORIENTED_EDGE ( 'NONE', *, *, #2205, .T. ) ;
#9639 = ORIENTED_EDGE ( 'NONE', *, *, #11082, .F. ) ;
#9640 = VECTOR ( 'NONE', #11216, 1000.000000000000000 ) ;
#9641 = ORIENTED_EDGE ( 'NONE', *, *, #6323, .T. ) ;
#9642 = VECTOR ( 'NONE', #376, 1000.000000000000000 ) ;
#9643 = FACE_OUTER_BOUND ( 'NONE', #2436, .T. ) ;
#9644 = ORIENTED_EDGE ( 'NONE', *, *, #3803, .T. ) ;
#9645 = VECTOR ( 'NONE', #5225, 1000.000000000000000 ) ;
#9646 = VECTOR ( 'NONE', #12111, 1000.000000000000000 ) ;
#9647 = DIRECTION ( 'NONE',  ( 1.000000000000000000, 0.000000000000000000, 0.000000000000000000 ) ) ;
#9648 = CIRCLE ( 'NONE', #7356, 3.500000000000003109 ) ;
#9649 = CARTESIAN_POINT ( 'NONE',  ( 24.30000000000000071, 77.69999999999998863, 9.500000000000005329 ) ) ;
#9650 = VECTOR ( 'NONE', #10415, 1000.000000000000000 ) ;
#9651 = EDGE_CURVE ( 'NONE', #2582, #4378, #4096, .T. ) ;
#9652 = VERTEX_POINT ( 'NONE', #5197 ) ;
#9653 = EDGE_CURVE ( 'NONE', #5115, #10432, #3824, .T. ) ;
#9654 = PLANE ( 'NONE',  #1875 ) ;
#9655 = ORIENTED_EDGE ( 'NONE', *, *, #7526, .F. ) ;
#9656 = CYLINDRICAL_SURFACE ( 'NONE', #3011, 1.500000000000001332 ) ;
#9657 = ORIENTED_EDGE ( 'NONE', *, *, #3059, .T. ) ;
#9658 = ORIENTED_EDGE ( 'NONE', *, *, #6955, .T. ) ;
#9659 = CARTESIAN_POINT ( 'NONE',  ( 48.74999999999999289, 34.74999955999999202, 5.925518941756209301 ) ) ;
#9660 = CIRCLE ( 'NONE', #7991, 1.500000000000001332 ) ;
#9661 = DIRECTION ( 'NONE',  ( -0.000000000000000000, -0.000000000000000000, 1.000000000000000000 ) ) ;
#9662 = DIRECTION ( 'NONE',  ( -1.000000000000000000, 0.000000000000000000, 0.000000000000000000 ) ) ;
#9663 = ADVANCED_FACE ( 'NONE', ( #10001 ), #11246, .T. ) ;
#9664 = CARTESIAN_POINT ( 'NONE',  ( 69.79999999999999716, 72.64999999999997726, -4.000000000000003553 ) ) ;
#9665 = EDGE_CURVE ( 'NONE', #8015, #2934, #2560, .T. ) ;
#9666 = CIRCLE ( 'NONE', #10495, 4.000000000000003553 ) ;
#9667 = CARTESIAN_POINT ( 'NONE',  ( 73.69999999999998863, 77.69999999999998863, -4.499999999999993783 ) ) ;
#9668 = CARTESIAN_POINT ( 'NONE',  ( 73.00000000000000000, 73.00000000000000000, 6.499999999999999112 ) ) ;
#9669 = EDGE_CURVE ( 'NONE', #6752, #3139, #183, .T. ) ;
#9670 = LINE ( 'NONE', #4859, #214 ) ;
#9671 = AXIS2_PLACEMENT_3D ( 'NONE', #8217, #12204, #4323 ) ;
#9672 = ORIENTED_EDGE ( 'NONE', *, *, #5935, .T. ) ;
#9673 = EDGE_CURVE ( 'NONE', #11293, #9507, #7218, .T. ) ;
#9674 = EDGE_LOOP ( 'NONE', ( #5032, #12713, #7555, #3702 ) ) ;
#9675 = VERTEX_POINT ( 'NONE', #701 ) ;
#9676 = LINE ( 'NONE', #8634, #8400 ) ;
#9677 = CIRCLE ( 'NONE', #12388, 2.899999999999999911 ) ;
#9678 = CARTESIAN_POINT ( 'NONE',  ( 75.90887106545882546, 40.40749664306598987, -3.500000000000004441 ) ) ;
#9679 = ORIENTED_EDGE ( 'NONE', *, *, #5449, .T. ) ;
#9680 = EDGE_CURVE ( 'NONE', #12806, #4106, #11447, .T. ) ;
#9681 = EDGE_LOOP ( 'NONE', ( #3572, #5118, #885, #7334 ) ) ;
#9682 = PLANE ( 'NONE',  #4083 ) ;
#9683 = AXIS2_PLACEMENT_3D ( 'NONE', #52, #6826, #7981 ) ;
#9684 = CARTESIAN_POINT ( 'NONE',  ( -3.222557468481259850E-15, 24.79999999999999005, 9.999999999999998224 ) ) ;
#9685 = DIRECTION ( 'NONE',  ( 0.7071067811865431318, 0.000000000000000000, 0.7071067811865517916 ) ) ;
#9686 = CIRCLE ( 'NONE', #10503, 2.000000000000015543 ) ;
#9687 = FACE_OUTER_BOUND ( 'NONE', #8308, .T. ) ;
#9688 = VECTOR ( 'NONE', #7013, 1000.000000000000000 ) ;
#9689 = VECTOR ( 'NONE', #7609, 1000.000000000000000 ) ;
#9690 = CARTESIAN_POINT ( 'NONE',  ( 65.14999999999999147, 24.49999999999997513, 5.999999999999999112 ) ) ;
#9691 = CARTESIAN_POINT ( 'NONE',  ( 28.74999999999998934, 64.75000044000000798, -5.000000000000000000 ) ) ;
#9692 = CARTESIAN_POINT ( 'NONE',  ( 75.50000000000000000, 33.52905841137543064, 0.000000000000000000 ) ) ;
#9693 = CARTESIAN_POINT ( 'NONE',  ( 72.44999999999997442, 51.44999999999999574, 4.999999999999998224 ) ) ;
#9694 = CIRCLE ( 'NONE', #7608, 0.4999999999999995559 ) ;
#9695 = CARTESIAN_POINT ( 'NONE',  ( 34.74999999999996447, 27.25000000000000000, 8.499999999999998224 ) ) ;
#9696 = ORIENTED_EDGE ( 'NONE', *, *, #7998, .F. ) ;
#9697 = EDGE_CURVE ( 'NONE', #4392, #2953, #5054, .T. ) ;
#9698 = DIRECTION ( 'NONE',  ( 0.000000000000000000, -0.000000000000000000, -1.000000000000000000 ) ) ;
#9699 = VECTOR ( 'NONE', #2735, 1000.000000000000000 ) ;
#9700 = CARTESIAN_POINT ( 'NONE',  ( 34.24999999999998579, 27.35000000000000497, -4.000000000000000000 ) ) ;
#9701 = CIRCLE ( 'NONE', #6485, 2.500000000000002220 ) ;
#9702 = ORIENTED_EDGE ( 'NONE', *, *, #3513, .F. ) ;
#9703 = DIRECTION ( 'NONE',  ( 0.000000000000000000, 0.000000000000000000, -1.000000000000000000 ) ) ;
#9704 = CARTESIAN_POINT ( 'NONE',  ( 71.75000000000000000, 73.00000000000000000, -4.500000000000000888 ) ) ;
#9705 = LINE ( 'NONE', #6838, #8910 ) ;
#9706 = ORIENTED_EDGE ( 'NONE', *, *, #7807, .T. ) ;
#9707 = DIRECTION ( 'NONE',  ( -1.000000000000000000, 0.000000000000000000, 0.000000000000000000 ) ) ;
#9708 = EDGE_CURVE ( 'NONE', #765, #10074, #10334, .T. ) ;
#9709 = VERTEX_POINT ( 'NONE', #1553 ) ;
#9710 = DIRECTION ( 'NONE',  ( -1.000000000000000000, 0.000000000000000000, 0.000000000000000000 ) ) ;
#9711 = ORIENTED_EDGE ( 'NONE', *, *, #11171, .T. ) ;
#9712 = VERTEX_POINT ( 'NONE', #5585 ) ;
#9713 = DIRECTION ( 'NONE',  ( -1.000000000000000000, 0.000000000000000000, 0.000000000000000000 ) ) ;
#9714 = CARTESIAN_POINT ( 'NONE',  ( -1.272130549049658704E-13, 68.74999999999994316, 4.499999999999999112 ) ) ;
#9715 = CARTESIAN_POINT ( 'NONE',  ( 73.43999999999998352, 66.46100000000001273, -1.599999999999997202 ) ) ;
#9716 = ORIENTED_EDGE ( 'NONE', *, *, #284, .F. ) ;
#9717 = PLANE ( 'NONE',  #6327 ) ;
#9718 = EDGE_CURVE ( 'NONE', #1406, #11347, #6622, .T. ) ;
#9719 = DIRECTION ( 'NONE',  ( 1.000000000000000000, 1.299418334065024626E-16, 0.000000000000000000 ) ) ;
#9720 = ORIENTED_EDGE ( 'NONE', *, *, #354, .T. ) ;
#9721 = ADVANCED_FACE ( 'NONE', ( #12489 ), #5520, .F. ) ;
#9722 = DIRECTION ( 'NONE',  ( 0.000000000000000000, 1.000000000000000000, 0.000000000000000000 ) ) ;
#9723 = ORIENTED_EDGE ( 'NONE', *, *, #849, .T. ) ;
#9724 = DIRECTION ( 'NONE',  ( 0.000000000000000000, 0.000000000000000000, -1.000000000000000000 ) ) ;
#9725 = ORIENTED_EDGE ( 'NONE', *, *, #1714, .F. ) ;
#9726 = ORIENTED_EDGE ( 'NONE', *, *, #5545, .T. ) ;
#9727 = DIRECTION ( 'NONE',  ( 0.000000000000000000, 0.000000000000000000, 1.000000000000000000 ) ) ;
#9728 = DIRECTION ( 'NONE',  ( -0.000000000000000000, 0.000000000000000000, -1.000000000000000000 ) ) ;
#9729 = CARTESIAN_POINT ( 'NONE',  ( 51.94999999999998153, 35.45000000000000284, 6.499999999999999112 ) ) ;
#9730 = DIRECTION ( 'NONE',  ( -1.000000000000000000, 0.000000000000000000, 0.000000000000000000 ) ) ;
#9731 = FACE_OUTER_BOUND ( 'NONE', #9461, .T. ) ;
#9732 = DIRECTION ( 'NONE',  ( -0.000000000000000000, -0.000000000000000000, -1.000000000000000000 ) ) ;
#9733 = CARTESIAN_POINT ( 'NONE',  ( 52.94999999999997442, 26.75000000000000000, 6.499999999999999112 ) ) ;
#9734 = ORIENTED_EDGE ( 'NONE', *, *, #3400, .T. ) ;
#9735 = ADVANCED_FACE ( 'NONE', ( #9545 ), #7411, .F. ) ;
#9736 = VERTEX_POINT ( 'NONE', #11581 ) ;
#9737 = ORIENTED_EDGE ( 'NONE', *, *, #9939, .F. ) ;
#9738 = DIRECTION ( 'NONE',  ( -1.000000000000000000, 0.000000000000000000, 0.000000000000000000 ) ) ;
#9739 = CARTESIAN_POINT ( 'NONE',  ( 28.74999999999998934, 25.84999999999999432, -1.600000000000000311 ) ) ;
#9740 = EDGE_LOOP ( 'NONE', ( #783, #2291, #4310, #4171 ) ) ;
#9741 = DIRECTION ( 'NONE',  ( -1.000000000000000000, 0.000000000000000000, -0.000000000000000000 ) ) ;
#9742 = LINE ( 'NONE', #5718, #4478 ) ;
#9743 = AXIS2_PLACEMENT_3D ( 'NONE', #10477, #7365, #468 ) ;
#9744 = EDGE_CURVE ( 'NONE', #1566, #5965, #4640, .T. ) ;
#9745 = DIRECTION ( 'NONE',  ( -0.000000000000000000, -0.000000000000000000, 1.000000000000000000 ) ) ;
#9746 = EDGE_CURVE ( 'NONE', #4, #2452, #3646, .T. ) ;
#9747 = CARTESIAN_POINT ( 'NONE',  ( 36.24999955999999912, 62.75000043999999377, -3.100000000000000533 ) ) ;
#9748 = ADVANCED_FACE ( 'NONE', ( #447 ), #11512, .T. ) ;
#9749 = CARTESIAN_POINT ( 'NONE',  ( 53.25000000000000000, 27.35000000000000853, 35.97994811066136833 ) ) ;
#9750 = EDGE_CURVE ( 'NONE', #4064, #11543, #8507, .T. ) ;
#9751 = DIRECTION ( 'NONE',  ( 0.000000000000000000, 0.000000000000000000, -1.000000000000000000 ) ) ;
#9752 = ADVANCED_FACE ( 'NONE', ( #1430 ), #6561, .T. ) ;
#9753 = AXIS2_PLACEMENT_3D ( 'NONE', #4489, #5265, #10462 ) ;
#9754 = EDGE_CURVE ( 'NONE', #6941, #1394, #12359, .T. ) ;
#9755 = DIRECTION ( 'NONE',  ( 1.000000000000000000, 0.000000000000000000, -0.000000000000000000 ) ) ;
#9756 = ADVANCED_FACE ( 'NONE', ( #11315 ), #10395, .F. ) ;
#9757 = DIRECTION ( 'NONE',  ( 0.000000000000000000, 0.000000000000000000, 1.000000000000000000 ) ) ;
#9758 = CARTESIAN_POINT ( 'NONE',  ( 50.24999999999999289, 28.85000000000000853, -4.000000000000000000 ) ) ;
#9759 = VERTEX_POINT ( 'NONE', #1495 ) ;
#9760 = CARTESIAN_POINT ( 'NONE',  ( 76.25000000000000000, 70.25000000000000000, 78.50196847342608919 ) ) ;
#9761 = CARTESIAN_POINT ( 'NONE',  ( 69.25000000000000000, 30.67905841137542922, 0.000000000000000000 ) ) ;
#9762 = DIRECTION ( 'NONE',  ( 0.7071067811865352493, 0.7071067811865597852, 0.000000000000000000 ) ) ;
#9763 = VECTOR ( 'NONE', #6854, 1000.000000000000000 ) ;
#9764 = CARTESIAN_POINT ( 'NONE',  ( 61.14999999999999147, 24.29999999999999361, 6.699999999999999289 ) ) ;
#9765 = COORDINATED_UNIVERSAL_TIME_OFFSET ( 8, 0, .AHEAD. ) ;
#9766 = CARTESIAN_POINT ( 'NONE',  ( 76.89999999999999147, 33.00749664306601261, 2.323999333381998600 ) ) ;
#9767 = ORIENTED_EDGE ( 'NONE', *, *, #9975, .T. ) ;
#9768 = DIRECTION ( 'NONE',  ( 1.000000000000000000, 0.000000000000000000, 0.000000000000000000 ) ) ;
#9769 = ORIENTED_EDGE ( 'NONE', *, *, #288, .T. ) ;
#9770 = VECTOR ( 'NONE', #8061, 1000.000000000000000 ) ;
#9771 = CARTESIAN_POINT ( 'NONE',  ( 62.75000043999999377, 65.75000043999999377, -4.000000000000000000 ) ) ;
#9772 = ORIENTED_EDGE ( 'NONE', *, *, #3710, .F. ) ;
#9773 = ORIENTED_EDGE ( 'NONE', *, *, #4012, .F. ) ;
#9774 = CARTESIAN_POINT ( 'NONE',  ( 42.69999999999998153, 36.95000000000000284, 8.499999999999998224 ) ) ;
#9775 = DIRECTION ( 'NONE',  ( 1.000000000000000000, 0.000000000000000000, 0.000000000000000000 ) ) ;
#9776 = DIRECTION ( 'NONE',  ( -0.000000000000000000, 0.000000000000000000, 1.000000000000000000 ) ) ;
#9777 = AXIS2_PLACEMENT_3D ( 'NONE', #11173, #6225, #2256 ) ;
#9778 = ORIENTED_EDGE ( 'NONE', *, *, #11744, .T. ) ;
#9779 = AXIS2_PLACEMENT_3D ( 'NONE', #5261, #313, #4291 ) ;
#9780 = CARTESIAN_POINT ( 'NONE',  ( 65.75000043999999377, 39.24999955999999912, -3.100000000000000533 ) ) ;
#9781 = LINE ( 'NONE', #12784, #3314 ) ;
#9782 = ORIENTED_EDGE ( 'NONE', *, *, #4098, .F. ) ;
#9783 = FACE_OUTER_BOUND ( 'NONE', #11928, .T. ) ;
#9784 = VERTEX_POINT ( 'NONE', #2653 ) ;
#9785 = DIRECTION ( 'NONE',  ( -1.000000000000000000, 0.000000000000000000, 0.000000000000000000 ) ) ;
#9786 = ORIENTED_EDGE ( 'NONE', *, *, #5391, .F. ) ;
#9787 = ORIENTED_EDGE ( 'NONE', *, *, #5690, .F. ) ;
#9788 = DIRECTION ( 'NONE',  ( 0.000000000000000000, 0.000000000000000000, -1.000000000000000000 ) ) ;
#9789 = CIRCLE ( 'NONE', #7702, 0.5000000000000004441 ) ;
#9790 = PLANE ( 'NONE',  #8300 ) ;
#9791 = CARTESIAN_POINT ( 'NONE',  ( 73.25000000000000000, 28.74999999999999645, -5.000000000000000000 ) ) ;
#9792 = CARTESIAN_POINT ( 'NONE',  ( 52.94999999999997442, 25.75000000000000000, -3.500000000000000000 ) ) ;
#9793 = EDGE_CURVE ( 'NONE', #9194, #3742, #9612, .T. ) ;
#9794 = DIRECTION ( 'NONE',  ( 0.000000000000000000, 0.000000000000000000, 1.000000000000000000 ) ) ;
#9795 = CARTESIAN_POINT ( 'NONE',  ( 0.000000000000000000, 70.25000000000000000, 4.499999999999999112 ) ) ;
#9796 = LINE ( 'NONE', #10900, #3 ) ;
#9797 = ORIENTED_EDGE ( 'NONE', *, *, #2594, .F. ) ;
#9798 = ORIENTED_EDGE ( 'NONE', *, *, #6169, .T. ) ;
#9799 = ORIENTED_EDGE ( 'NONE', *, *, #1489, .F. ) ;
#9801 = CARTESIAN_POINT ( 'NONE',  ( 64.14999999999999147, 25.75000000000000000, 5.999999999999999112 ) ) ;
#9800 = AXIS2_PLACEMENT_3D ( 'NONE', #12400, #10231, #7439 ) ;
#9802 = DIRECTION ( 'NONE',  ( 0.000000000000000000, 0.000000000000000000, 1.000000000000000000 ) ) ;
#9803 = ORIENTED_EDGE ( 'NONE', *, *, #11353, .F. ) ;
#9804 = ORIENTED_EDGE ( 'NONE', *, *, #451, .T. ) ;
#9805 = DIRECTION ( 'NONE',  ( 0.000000000000000000, 0.000000000000000000, -1.000000000000000000 ) ) ;
#9806 = DIRECTION ( 'NONE',  ( -0.000000000000000000, -0.000000000000000000, -1.000000000000000000 ) ) ;
#9807 = CARTESIAN_POINT ( 'NONE',  ( 73.14999999999997726, 53.25000000000000000, -3.100000000000000533 ) ) ;
#9808 = CIRCLE ( 'NONE', #9591, 3.499999999999999556 ) ;
#9809 = FACE_OUTER_BOUND ( 'NONE', #4315, .T. ) ;
#9810 = DIRECTION ( 'NONE',  ( 0.000000000000000000, -0.000000000000000000, -1.000000000000000000 ) ) ;
#9811 = CARTESIAN_POINT ( 'NONE',  ( 34.74999955999999202, 53.25000000000000000, 5.925518941756209301 ) ) ;
#9812 = EDGE_CURVE ( 'NONE', #2533, #6267, #2408, .T. ) ;
#9813 = CARTESIAN_POINT ( 'NONE',  ( 73.25000000000000000, 25.84999999999999432, 21.50000000000000000 ) ) ;
#9814 = CARTESIAN_POINT ( 'NONE',  ( 53.64999999999999147, 24.49999999999999289, 6.499999999999996447 ) ) ;
#9815 = ADVANCED_FACE ( 'NONE', ( #12428 ), #2143, .F. ) ;
#9816 = CARTESIAN_POINT ( 'NONE',  ( 32.24999999999998579, 25.74999999999999645, -1.600000000000000311 ) ) ;
#9817 = ORIENTED_EDGE ( 'NONE', *, *, #6362, .F. ) ;
#9818 = CARTESIAN_POINT ( 'NONE',  ( 59.35000000000000142, 24.29999999999999361, 15.00000000000000000 ) ) ;
#9819 = FACE_OUTER_BOUND ( 'NONE', #2547, .T. ) ;
#9820 = ORIENTED_EDGE ( 'NONE', *, *, #9503, .F. ) ;
#9821 = CARTESIAN_POINT ( 'NONE',  ( 53.25000000000000000, 65.75000043999999377, -4.000000000000000000 ) ) ;
#9822 = ORIENTED_EDGE ( 'NONE', *, *, #11176, .T. ) ;
#9823 = ADVANCED_FACE ( 'NONE', ( #970 ), #4935, .F. ) ;
#9824 = ADVANCED_FACE ( 'NONE', ( #8703 ), #5906, .F. ) ;
#9825 = EDGE_CURVE ( 'NONE', #8168, #958, #11889, .T. ) ;
#9826 = LINE ( 'NONE', #7809, #4763 ) ;
#9827 = EDGE_CURVE ( 'NONE', #4831, #1595, #3402, .T. ) ;
#9828 = ORIENTED_EDGE ( 'NONE', *, *, #11949, .T. ) ;
#9829 = CARTESIAN_POINT ( 'NONE',  ( 74.64999999999999147, 48.74999999999999289, -4.000000000000003553 ) ) ;
#9830 = EDGE_LOOP ( 'NONE', ( #9526, #9402, #374, #794 ) ) ;
#9831 = LINE ( 'NONE', #991, #7815 ) ;
#9832 = ORIENTED_EDGE ( 'NONE', *, *, #9908, .T. ) ;
#9833 = CARTESIAN_POINT ( 'NONE',  ( 65.14999999999999147, 24.29998799999999548, 5.999999999999999112 ) ) ;
#9834 = VECTOR ( 'NONE', #5496, 1000.000000000000000 ) ;
#9835 = CARTESIAN_POINT ( 'NONE',  ( 75.50000000000000000, 32.77905841137542353, 3.323999333381996824 ) ) ;
#9836 = CIRCLE ( 'NONE', #2558, 1.000000000000000888 ) ;
#9837 = AXIS2_PLACEMENT_3D ( 'NONE', #829, #11774, #2193 ) ;
#9838 = DIRECTION ( 'NONE',  ( -0.000000000000000000, 1.000000000000000000, 1.172110456741090019E-16 ) ) ;
#9839 = VERTEX_POINT ( 'NONE', #10789 ) ;
#9840 = CARTESIAN_POINT ( 'NONE',  ( 60.64999999999999147, 24.49999999999999289, 0.02537095144379032663 ) ) ;
#9841 = LINE ( 'NONE', #4843, #11673 ) ;
#9842 = EDGE_CURVE ( 'NONE', #2104, #1285, #1028, .T. ) ;
#9843 = ORIENTED_EDGE ( 'NONE', *, *, #1602, .F. ) ;
#9844 = VECTOR ( 'NONE', #8624, 1000.000000000000000 ) ;
#9845 = DIRECTION ( 'NONE',  ( -0.7071067811865597852, 0.7071067811865352493, 0.000000000000000000 ) ) ;
#9846 = ORIENTED_EDGE ( 'NONE', *, *, #3070, .F. ) ;
#9847 = LINE ( 'NONE', #11806, #7563 ) ;
#9848 = ORIENTED_EDGE ( 'NONE', *, *, #9016, .F. ) ;
#9849 = ORIENTED_EDGE ( 'NONE', *, *, #6080, .T. ) ;
#9850 = DIRECTION ( 'NONE',  ( 0.000000000000000000, 0.000000000000000000, 1.000000000000000000 ) ) ;
#9851 = DIRECTION ( 'NONE',  ( 0.000000000000000000, 0.000000000000000000, -1.000000000000000000 ) ) ;
#9852 = AXIS2_PLACEMENT_3D ( 'NONE', #3877, #7951, #7829 ) ;
#9853 = VECTOR ( 'NONE', #6865, 1000.000000000000000 ) ;
#9854 = CARTESIAN_POINT ( 'NONE',  ( 77.69999999999998863, 24.29999999999999716, 6.699999999999999289 ) ) ;
#9855 = VECTOR ( 'NONE', #5513, 1000.000000000000000 ) ;
#9856 = DIRECTION ( 'NONE',  ( -1.000000000000000000, 0.000000000000000000, 0.000000000000000000 ) ) ;
#9857 = DIRECTION ( 'NONE',  ( 1.000000000000000000, 0.000000000000000000, 0.000000000000000000 ) ) ;
#9858 = CARTESIAN_POINT ( 'NONE',  ( 30.60000000000000142, 73.00000000000000000, 44.50000000000000711 ) ) ;
#9859 = MANIFOLD_SOLID_BREP ( '\X2\570689d2\X0\46', #11821 ) ;
#9860 = ORIENTED_EDGE ( 'NONE', *, *, #1375, .F. ) ;
#9861 = CIRCLE ( 'NONE', #5919, 1.000000000000000888 ) ;
#9862 = AXIS2_PLACEMENT_3D ( 'NONE', #329, #6315, #1381 ) ;
#9863 = ORIENTED_EDGE ( 'NONE', *, *, #6564, .T. ) ;
#9864 = ORIENTED_EDGE ( 'NONE', *, *, #6494, .T. ) ;
#9865 = DIRECTION ( 'NONE',  ( -1.000000000000000000, 0.000000000000000000, 0.000000000000000000 ) ) ;
#9866 = EDGE_CURVE ( 'NONE', #3685, #478, #1948, .T. ) ;
#9867 = DIRECTION ( 'NONE',  ( -1.299418334065024626E-16, 1.000000000000000000, 0.000000000000000000 ) ) ;
#9868 = ORIENTED_EDGE ( 'NONE', *, *, #4983, .T. ) ;
#9869 = AXIS2_PLACEMENT_3D ( 'NONE', #5930, #11847, #4893 ) ;
#9870 = VERTEX_POINT ( 'NONE', #12675 ) ;
#9871 = CARTESIAN_POINT ( 'NONE',  ( 69.25000000000000000, 0.000000000000000000, 4.499999999999999112 ) ) ;
#9872 = CARTESIAN_POINT ( 'NONE',  ( 55.64999999999999147, 25.75000000000000000, 6.499999999999999112 ) ) ;
#9873 = CARTESIAN_POINT ( 'NONE',  ( 67.74999999999998579, 76.25000000000000000, 3.404999829744057127 ) ) ;
#9874 = CIRCLE ( 'NONE', #724, 0.7500000000000006661 ) ;
#9875 = DIRECTION ( 'NONE',  ( 0.000000000000000000, 0.000000000000000000, 1.000000000000000000 ) ) ;
#9876 = CARTESIAN_POINT ( 'NONE',  ( 73.89999999999997726, 63.67200000000001836, -1.600000000000000311 ) ) ;
#9878 = CARTESIAN_POINT ( 'NONE',  ( 29.00000000000000000, 29.00000000000000000, -8.535533905932741305 ) ) ;
#9877 = VECTOR ( 'NONE', #6560, 1000.000000000000000 ) ;
#9879 = DIRECTION ( 'NONE',  ( -0.000000000000000000, -0.000000000000000000, -1.000000000000000000 ) ) ;
#9880 = CARTESIAN_POINT ( 'NONE',  ( 32.24999999999998579, 74.64999999999997726, -4.000000000000000000 ) ) ;
#9881 = DIRECTION ( 'NONE',  ( 1.000000000000000000, 0.000000000000000000, 0.000000000000000000 ) ) ;
#9882 = ORIENTED_EDGE ( 'NONE', *, *, #7672, .F. ) ;
#9883 = DIRECTION ( 'NONE',  ( 0.000000000000000000, 0.000000000000000000, 1.000000000000000000 ) ) ;
#9884 = CARTESIAN_POINT ( 'NONE',  ( 59.69999999999998153, 68.45000000000000284, 4.999999999999998224 ) ) ;
#9885 = AXIS2_PLACEMENT_3D ( 'NONE', #5887, #5762, #6861 ) ;
#9886 = CYLINDRICAL_SURFACE ( 'NONE', #1723, 1.250000000000001110 ) ;
#9887 = LINE ( 'NONE', #987, #12035 ) ;
#9888 = ORIENTED_EDGE ( 'NONE', *, *, #2243, .F. ) ;
#9889 = CARTESIAN_POINT ( 'NONE',  ( 60.14999999999999147, 24.49999999999999289, 5.999999999999999112 ) ) ;
#9890 = EDGE_CURVE ( 'NONE', #8210, #8077, #7855, .T. ) ;
#9891 = VERTEX_POINT ( 'NONE', #7912 ) ;
#9892 = AXIS2_PLACEMENT_3D ( 'NONE', #10828, #8881, #5885 ) ;
#9893 = VECTOR ( 'NONE', #8324, 1000.000000000000000 ) ;
#9894 = CARTESIAN_POINT ( 'NONE',  ( 62.75000043999999377, 37.74999955999999912, -3.100000000000000533 ) ) ;
#9895 = ORIENTED_EDGE ( 'NONE', *, *, #12066, .T. ) ;
#9896 = LINE ( 'NONE', #12840, #7932 ) ;
#9897 = LINE ( 'NONE', #11855, #12361 ) ;
#9898 = EDGE_CURVE ( 'NONE', #7933, #3678, #4872, .T. ) ;
#9899 = DIRECTION ( 'NONE',  ( -1.299418334065024626E-16, 1.000000000000000000, 0.000000000000000000 ) ) ;
#9900 = ADVANCED_FACE ( 'NONE', ( #3770 ), #11640, .F. ) ;
#9901 = ORIENTED_EDGE ( 'NONE', *, *, #9568, .F. ) ;
#9902 = CARTESIAN_POINT ( 'NONE',  ( 61.84999999999998721, 24.29999999999999361, 0.5253709514437902017 ) ) ;
#9903 = FACE_OUTER_BOUND ( 'NONE', #422, .T. ) ;
#9904 = EDGE_CURVE ( 'NONE', #5226, #7832, #4996, .T. ) ;
#9905 = ORIENTED_EDGE ( 'NONE', *, *, #4052, .F. ) ;
#9906 = DIRECTION ( 'NONE',  ( -1.000000000000000000, 0.000000000000000000, 0.000000000000000000 ) ) ;
#9907 = VERTEX_POINT ( 'NONE', #10914 ) ;
#9908 = EDGE_CURVE ( 'NONE', #673, #12467, #46, .T. ) ;
#9909 = CARTESIAN_POINT ( 'NONE',  ( 25.60000000000000142, 73.00000000000000000, 9.999999999999998224 ) ) ;
#9910 = ORIENTED_EDGE ( 'NONE', *, *, #4586, .F. ) ;
#9911 = EDGE_CURVE ( 'NONE', #3262, #11819, #2009, .T. ) ;
#9912 = ORIENTED_EDGE ( 'NONE', *, *, #8943, .T. ) ;
#9913 = DIRECTION ( 'NONE',  ( -1.000000000000000000, 0.000000000000000000, 0.000000000000000000 ) ) ;
#9914 = LINE ( 'NONE', #6924, #4073 ) ;
#9915 = VERTEX_POINT ( 'NONE', #6880 ) ;
#9916 = CARTESIAN_POINT ( 'NONE',  ( 36.24999955999999912, 53.25000000000000000, -3.100000000000000533 ) ) ;
#9917 = DIRECTION ( 'NONE',  ( 1.299418334065024873E-16, -1.000000000000000000, 0.000000000000000000 ) ) ;
#9918 = LINE ( 'NONE', #9073, #6130 ) ;
#9919 = CARTESIAN_POINT ( 'NONE',  ( 76.25000000000000000, 33.00749664306601261, 0.6999999999999992895 ) ) ;
#9920 = ORIENTED_EDGE ( 'NONE', *, *, #10844, .T. ) ;
#9921 = VERTEX_POINT ( 'NONE', #10848 ) ;
#9922 = ORIENTED_EDGE ( 'NONE', *, *, #6053, .T. ) ;
#9923 = CARTESIAN_POINT ( 'NONE',  ( 42.69999999999998863, 68.95000000000000284, 8.499999999999998224 ) ) ;
#9924 = DIRECTION ( 'NONE',  ( 0.000000000000000000, 1.172110456741090019E-16, -1.000000000000000000 ) ) ;
#9925 = EDGE_LOOP ( 'NONE', ( #2622, #1599, #12517, #12310 ) ) ;
#9926 = DIRECTION ( 'NONE',  ( 3.700743415417189125E-16, -1.000000000000000000, 0.000000000000000000 ) ) ;
#9927 = DIRECTION ( 'NONE',  ( -1.000000000000000000, 0.000000000000000000, 0.000000000000000000 ) ) ;
#9928 = DIRECTION ( 'NONE',  ( 1.000000000000000000, 0.000000000000000000, 0.000000000000000000 ) ) ;
#9929 = CARTESIAN_POINT ( 'NONE',  ( 31.74999999999998579, 72.75000000000000000, 0.000000000000000000 ) ) ;
#9930 = DIRECTION ( 'NONE',  ( -1.000000000000000000, 0.000000000000000000, 0.000000000000000000 ) ) ;
#9931 = CARTESIAN_POINT ( 'NONE',  ( 53.14999999999999147, 24.49999999999999289, 0.02537095144378743658 ) ) ;
#9932 = CARTESIAN_POINT ( 'NONE',  ( 33.24999999999997158, 70.25000000000000000, 4.499999999999999112 ) ) ;
#9933 = DIRECTION ( 'NONE',  ( 0.000000000000000000, 0.000000000000000000, -1.000000000000000000 ) ) ;
#9934 = ORIENTED_EDGE ( 'NONE', *, *, #8233, .T. ) ;
#9935 = AXIS2_PLACEMENT_3D ( 'NONE', #1784, #7757, #1850 ) ;
#9936 = DIRECTION ( 'NONE',  ( 0.000000000000000000, 0.000000000000000000, -1.000000000000000000 ) ) ;
#9937 = CARTESIAN_POINT ( 'NONE',  ( 65.75000043999999377, 39.24999955999999912, -3.100000000000000533 ) ) ;
#9938 = LINE ( 'NONE', #12831, #5043 ) ;
#9939 = EDGE_CURVE ( 'NONE', #11805, #925, #8957, .T. ) ;
#9940 = VECTOR ( 'NONE', #10198, 1000.000000000000000 ) ;
#9941 = CARTESIAN_POINT ( 'NONE',  ( 29.00000000000000000, 73.00000000000000000, -4.500000000000000888 ) ) ;
#9942 = ORIENTED_EDGE ( 'NONE', *, *, #1306, .F. ) ;
#9943 = CARTESIAN_POINT ( 'NONE',  ( 67.75000000000000000, 25.74999999999999645, 8.499999999999996447 ) ) ;
#9944 = EDGE_LOOP ( 'NONE', ( #2425, #61, #12837, #8108 ) ) ;
#9945 = DIRECTION ( 'NONE',  ( 0.000000000000000000, 0.000000000000000000, -1.000000000000000000 ) ) ;
#9946 = EDGE_LOOP ( 'NONE', ( #8586, #9589, #3064, #9942 ) ) ;
#9947 = PLANE ( 'NONE',  #1042 ) ;
#9948 = DIRECTION ( 'NONE',  ( -0.000000000000000000, -1.000000000000000000, -0.000000000000000000 ) ) ;
#9949 = VECTOR ( 'NONE', #7473, 1000.000000000000000 ) ;
#9950 = DIRECTION ( 'NONE',  ( -0.000000000000000000, 0.000000000000000000, -1.000000000000000000 ) ) ;
#9951 = ORIENTED_EDGE ( 'NONE', *, *, #12320, .T. ) ;
#9952 = CARTESIAN_POINT ( 'NONE',  ( 39.24999955999999912, 39.24999955999999912, -5.000000000000000000 ) ) ;
#9953 = VECTOR ( 'NONE', #1293, 1000.000000000000000 ) ;
#9954 = LINE ( 'NONE', #1000, #2054 ) ;
#9955 = AXIS2_PLACEMENT_3D ( 'NONE', #10874, #10942, #2879 ) ;
#9956 = AXIS2_PLACEMENT_3D ( 'NONE', #4343, #4650, #11175 ) ;
#9957 = EDGE_CURVE ( 'NONE', #2674, #70, #9419, .T. ) ;
#9958 = VERTEX_POINT ( 'NONE', #9873 ) ;
#9959 = LINE ( 'NONE', #12002, #3008 ) ;
#9960 = VERTEX_POINT ( 'NONE', #6758 ) ;
#9961 = DIRECTION ( 'NONE',  ( 1.000000000000000000, -0.000000000000000000, 0.000000000000000000 ) ) ;
#9962 = VERTEX_POINT ( 'NONE', #12877 ) ;
#9963 = EDGE_CURVE ( 'NONE', #4318, #8730, #10729, .T. ) ;
#9964 = EDGE_LOOP ( 'NONE', ( #3461, #10156, #8274 ) ) ;
#9965 = EDGE_CURVE ( 'NONE', #1140, #3139, #12752, .T. ) ;
#9966 = DIRECTION ( 'NONE',  ( 1.000000000000000000, 0.000000000000000000, 0.000000000000000000 ) ) ;
#9967 = CIRCLE ( 'NONE', #4373, 1.500000000000001332 ) ;
#9968 = VERTEX_POINT ( 'NONE', #10180 ) ;
#9969 = DIRECTION ( 'NONE',  ( -1.000000000000000000, 0.000000000000000000, 0.000000000000000000 ) ) ;
#9970 = ADVANCED_FACE ( 'NONE', ( #5185 ), #6162, .F. ) ;
#9971 = EDGE_CURVE ( 'NONE', #6745, #8502, #2320, .T. ) ;
#9972 = DIRECTION ( 'NONE',  ( -0.7071067811865474617, 0.7071067811865474617, 0.000000000000000000 ) ) ;
#9973 = DIRECTION ( 'NONE',  ( 0.000000000000000000, 0.000000000000000000, -1.000000000000000000 ) ) ;
#9974 = EDGE_CURVE ( 'NONE', #9712, #9030, #9215, .T. ) ;
#9975 = EDGE_CURVE ( 'NONE', #8192, #10616, #7140, .T. ) ;
#9976 = FACE_OUTER_BOUND ( 'NONE', #4186, .T. ) ;
#9977 = EDGE_LOOP ( 'NONE', ( #7779, #3571, #9519, #4866 ) ) ;
#9978 = EDGE_CURVE ( 'NONE', #3913, #8206, #5276, .T. ) ;
#9979 = VECTOR ( 'NONE', #3738, 1000.000000000000000 ) ;
#9980 = VERTEX_POINT ( 'NONE', #9146 ) ;
#9981 = ORIENTED_EDGE ( 'NONE', *, *, #11387, .T. ) ;
#9982 = CARTESIAN_POINT ( 'NONE',  ( 29.00000000000000000, 73.00000000000000000, 6.499999999999999112 ) ) ;
#9983 = CARTESIAN_POINT ( 'NONE',  ( 27.75000000000000000, 73.00000000000000000, -8.535533905932741305 ) ) ;
#9984 = VERTEX_POINT ( 'NONE', #1350 ) ;
#9985 = CARTESIAN_POINT ( 'NONE',  ( 30.25000000000000355, 29.00000000000000000, -1.600000000000000311 ) ) ;
#9986 = DIRECTION ( 'NONE',  ( -1.299418334065024873E-16, 1.000000000000000000, 0.000000000000000000 ) ) ;
#9987 = DIRECTION ( 'NONE',  ( -1.299418334065024873E-16, 1.000000000000000000, 0.000000000000000000 ) ) ;
#9988 = CIRCLE ( 'NONE', #9935, 1.000000000000000444 ) ;
#9989 = DIRECTION ( 'NONE',  ( -1.000000000000000000, 0.000000000000000000, 0.000000000000000000 ) ) ;
#9990 = CARTESIAN_POINT ( 'NONE',  ( 24.30000000000000426, 47.54999999999999716, 3.600000660000000519 ) ) ;
#9991 = CARTESIAN_POINT ( 'NONE',  ( 68.75000000000000000, 41.94999999999998863, 0.000000000000000000 ) ) ;
#9992 = VECTOR ( 'NONE', #548, 1000.000000000000000 ) ;
#9993 = DIRECTION ( 'NONE',  ( 0.000000000000000000, 0.000000000000000000, -1.000000000000000000 ) ) ;
#9994 = EDGE_CURVE ( 'NONE', #8565, #11668, #233, .T. ) ;
#9995 = CARTESIAN_POINT ( 'NONE',  ( 28.85000000000000497, 50.24999999999999289, -4.000000000000000000 ) ) ;
#9996 = CARTESIAN_POINT ( 'NONE',  ( 65.75000043999999377, 53.25000000000000000, -3.100000000000000533 ) ) ;
#9997 = ORIENTED_EDGE ( 'NONE', *, *, #8083, .F. ) ;
#9998 = DIRECTION ( 'NONE',  ( -1.000000000000000000, 0.000000000000000000, 0.000000000000000000 ) ) ;
#9999 = CARTESIAN_POINT ( 'NONE',  ( 77.19999999999998863, 28.29999999999999716, -5.000000000000000000 ) ) ;
#10000 = CONICAL_SURFACE ( 'NONE', #246, 3.500000000000003109, 0.7853981633974517207 ) ;
#10001 = FACE_OUTER_BOUND ( 'NONE', #9065, .T. ) ;
#10002 = ORIENTED_EDGE ( 'NONE', *, *, #10781, .F. ) ;
#10003 = CARTESIAN_POINT ( 'NONE',  ( 70.44999999999997442, 57.69999999999998863, 8.499999999999998224 ) ) ;
#10004 = VECTOR ( 'NONE', #10756, 1000.000000000000000 ) ;
#10005 = ORIENTED_EDGE ( 'NONE', *, *, #448, .T. ) ;
#10006 = AXIS2_PLACEMENT_3D ( 'NONE', #7641, #8820, #3819 ) ;
#10007 = LINE ( 'NONE', #3063, #3015 ) ;
#10008 = ORIENTED_EDGE ( 'NONE', *, *, #6888, .T. ) ;
#10009 = DIRECTION ( 'NONE',  ( 0.000000000000000000, 0.000000000000000000, -1.000000000000000000 ) ) ;
#10010 = VERTEX_POINT ( 'NONE', #6097 ) ;
#10011 = ADVANCED_FACE ( 'NONE', ( #11170 ), #11087, .F. ) ;
#10012 = DIRECTION ( 'NONE',  ( -0.000000000000000000, 0.000000000000000000, 1.000000000000000000 ) ) ;
#10013 = CYLINDRICAL_SURFACE ( 'NONE', #5920, 0.5000000000000004441 ) ;
#10014 = CARTESIAN_POINT ( 'NONE',  ( 65.14999999999999147, 24.29998799999999548, 6.499999999999999112 ) ) ;
#10015 = VECTOR ( 'NONE', #11052, 1000.000000000000000 ) ;
#10016 = DIRECTION ( 'NONE',  ( 1.000000000000000000, -0.000000000000000000, -0.000000000000000000 ) ) ;
#10017 = ORIENTED_EDGE ( 'NONE', *, *, #6332, .T. ) ;
#10018 = DIRECTION ( 'NONE',  ( -1.000000000000000000, 0.000000000000000000, 0.000000000000000000 ) ) ;
#10019 = LINE ( 'NONE', #8924, #4132 ) ;
#10020 = ORIENTED_EDGE ( 'NONE', *, *, #5508, .T. ) ;
#10021 = DIRECTION ( 'NONE',  ( -0.000000000000000000, -1.000000000000000000, -0.000000000000000000 ) ) ;
#10022 = ORIENTED_EDGE ( 'NONE', *, *, #113, .F. ) ;
#10023 = CIRCLE ( 'NONE', #10658, 0.7500000000000006661 ) ;
#10024 = DIRECTION ( 'NONE',  ( -1.000000000000000000, 0.000000000000000000, 0.000000000000000000 ) ) ;
#10025 = ORIENTED_EDGE ( 'NONE', *, *, #2396, .F. ) ;
#10026 = ORIENTED_EDGE ( 'NONE', *, *, #2117, .F. ) ;
#10027 = AXIS2_PLACEMENT_3D ( 'NONE', #2975, #3837, #6945 ) ;
#10028 = LINE ( 'NONE', #3348, #4156 ) ;
#10029 = FACE_OUTER_BOUND ( 'NONE', #727, .T. ) ;
#10030 = DIRECTION ( 'NONE',  ( 0.000000000000000000, 0.000000000000000000, -1.000000000000000000 ) ) ;
#10031 = EDGE_CURVE ( 'NONE', #9444, #1775, #8039, .T. ) ;
#10032 = CARTESIAN_POINT ( 'NONE',  ( 73.25000000000000000, 25.75000000000000000, -3.500000000000000000 ) ) ;
#10033 = AXIS2_PLACEMENT_3D ( 'NONE', #621, #12417, #3502 ) ;
#10034 = DIRECTION ( 'NONE',  ( 1.000000000000000000, 0.000000000000000000, 0.000000000000000000 ) ) ;
#10035 = AXIS2_PLACEMENT_3D ( 'NONE', #4814, #3907, #6628 ) ;
#10036 = ORIENTED_EDGE ( 'NONE', *, *, #5813, .T. ) ;
#10037 = ORIENTED_EDGE ( 'NONE', *, *, #2011, .T. ) ;
#10038 = ORIENTED_EDGE ( 'NONE', *, *, #832, .T. ) ;
#10039 = DIRECTION ( 'NONE',  ( 0.000000000000000000, -1.000000000000000000, 0.000000000000000000 ) ) ;
#10040 = EDGE_CURVE ( 'NONE', #7690, #11668, #9017, .T. ) ;
#10041 = AXIS2_PLACEMENT_3D ( 'NONE', #2255, #5057, #6289 ) ;
#10042 = DIRECTION ( 'NONE',  ( 1.000000000000000000, 0.000000000000000000, 0.000000000000000000 ) ) ;
#10043 = AXIS2_PLACEMENT_3D ( 'NONE', #2037, #203, #6914 ) ;
#10044 = EDGE_LOOP ( 'NONE', ( #1256, #6351, #725, #4821 ) ) ;
#10045 = CARTESIAN_POINT ( 'NONE',  ( 57.64999999999999147, 25.75000000000000000, 6.000000000000000000 ) ) ;
#10046 = FACE_OUTER_BOUND ( 'NONE', #2990, .T. ) ;
#10047 = VECTOR ( 'NONE', #12092, 1000.000000000000000 ) ;
#10048 = DIRECTION ( 'NONE',  ( -0.000000000000000000, -1.000000000000000000, -0.000000000000000000 ) ) ;
#10049 = ADVANCED_FACE ( 'NONE', ( #1149 ), #5125, .F. ) ;
#10050 = CYLINDRICAL_SURFACE ( 'NONE', #4039, 1.500000000000001332 ) ;
#10051 = EDGE_CURVE ( 'NONE', #6331, #3078, #7341, .T. ) ;
#10052 = CARTESIAN_POINT ( 'NONE',  ( 37.24999955999998491, 62.75000043999999377, -5.000000000000000000 ) ) ;
#10053 = CIRCLE ( 'NONE', #2575, 0.7500000000000006661 ) ;
#10054 = CIRCLE ( 'NONE', #1760, 4.000000000000003553 ) ;
#10055 = LOCAL_TIME ( 22, 45, 46.00000000000000000, #6259 ) ;
#10056 = DIRECTION ( 'NONE',  ( 0.000000000000000000, 0.000000000000000000, -1.000000000000000000 ) ) ;
#10057 = CARTESIAN_POINT ( 'NONE',  ( 59.35000000000000142, 24.29999999999999361, 0.5253709514437902017 ) ) ;
#10058 = EDGE_CURVE ( 'NONE', #12069, #6199, #12152, .T. ) ;
#10059 = ADVANCED_FACE ( 'NONE', ( #12216 ), #12022, .F. ) ;
#10060 = FACE_OUTER_BOUND ( 'NONE', #9964, .T. ) ;
#10061 = EDGE_CURVE ( 'NONE', #11093, #807, #4019, .T. ) ;
#10062 = CARTESIAN_POINT ( 'NONE',  ( 72.75000000000000000, 72.75000000000000000, 0.000000000000000000 ) ) ;
#10063 = ORIENTED_EDGE ( 'NONE', *, *, #10999, .F. ) ;
#10064 = CARTESIAN_POINT ( 'NONE',  ( 61.84999999999998721, 24.29999999999999361, 5.999999999999999112 ) ) ;
#10065 = DIRECTION ( 'NONE',  ( -0.000000000000000000, -0.000000000000000000, -1.000000000000000000 ) ) ;
#10066 = CIRCLE ( 'NONE', #5511, 0.5000000000000004441 ) ;
#10067 = LINE ( 'NONE', #6179, #2769 ) ;
#10068 = VECTOR ( 'NONE', #4416, 1000.000000000000000 ) ;
#10069 = CARTESIAN_POINT ( 'NONE',  ( 76.89999999999999147, 40.40749664306598987, 3.323999333381999932 ) ) ;
#10070 = EDGE_CURVE ( 'NONE', #1459, #12141, #10247, .T. ) ;
#10071 = DIRECTION ( 'NONE',  ( 0.000000000000000000, 0.000000000000000000, -1.000000000000000000 ) ) ;
#10072 = EDGE_LOOP ( 'NONE', ( #10521, #11998, #2284, #7498 ) ) ;
#10073 = CARTESIAN_POINT ( 'NONE',  ( 64.14999999999999147, 24.49999999999996803, 5.999999999999999112 ) ) ;
#10074 = VERTEX_POINT ( 'NONE', #7975 ) ;
#10075 = CARTESIAN_POINT ( 'NONE',  ( 50.24999999999999289, 73.14999999999997726, 5.925518941756209301 ) ) ;
#10076 = VERTEX_POINT ( 'NONE', #9082 ) ;
#10077 = DIRECTION ( 'NONE',  ( -1.000000000000000000, 0.000000000000000000, 0.000000000000000000 ) ) ;
#10078 = DIRECTION ( 'NONE',  ( 1.000000000000000000, -0.000000000000000000, -0.000000000000000000 ) ) ;
#10079 = LINE ( 'NONE', #6126, #4851 ) ;
#10080 = CIRCLE ( 'NONE', #7398, 2.500000000000002220 ) ;
#10081 = PLANE ( 'NONE',  #10414 ) ;
#10082 = VERTEX_POINT ( 'NONE', #11962 ) ;
#10083 = VECTOR ( 'NONE', #3239, 1000.000000000000000 ) ;
#10084 = CARTESIAN_POINT ( 'NONE',  ( 49.19999999999998153, 76.25000000000000000, 8.499999999999996447 ) ) ;
#10085 = EDGE_CURVE ( 'NONE', #9891, #6666, #3043, .T. ) ;
#10086 = VECTOR ( 'NONE', #7618, 1000.000000000000000 ) ;
#10087 = CARTESIAN_POINT ( 'NONE',  ( 77.69999999999998863, 24.29999999999999716, 6.699999999999999289 ) ) ;
#10088 = ORIENTED_EDGE ( 'NONE', *, *, #4630, .F. ) ;
#10089 = DIRECTION ( 'NONE',  ( 0.000000000000000000, 0.000000000000000000, -1.000000000000000000 ) ) ;
#10090 = ORIENTED_EDGE ( 'NONE', *, *, #9718, .F. ) ;
#10091 = DIRECTION ( 'NONE',  ( -1.000000000000000000, 0.000000000000000000, 0.000000000000000000 ) ) ;
#10092 = VERTEX_POINT ( 'NONE', #8098 ) ;
#10093 = ORIENTED_EDGE ( 'NONE', *, *, #3472, .T. ) ;
#10094 = ORIENTED_EDGE ( 'NONE', *, *, #4505, .F. ) ;
#10095 = CARTESIAN_POINT ( 'NONE',  ( 64.25000043999999377, 39.24999955999999912, -4.499999999999992895 ) ) ;
#10096 = ORIENTED_EDGE ( 'NONE', *, *, #5539, .T. ) ;
#10097 = LINE ( 'NONE', #3221, #5073 ) ;
#10098 = ADVANCED_FACE ( 'NONE', ( #11563 ), #7397, .F. ) ;
#10099 = ORIENTED_EDGE ( 'NONE', *, *, #2358, .T. ) ;
#10100 = DIRECTION ( 'NONE',  ( -1.000000000000000000, 0.000000000000000000, 0.000000000000000000 ) ) ;
#10101 = CARTESIAN_POINT ( 'NONE',  ( 70.59900000000000375, 69.74999999999998579, -67.93053710242747911 ) ) ;
#10102 = EDGE_CURVE ( 'NONE', #12780, #1078, #2511, .T. ) ;
#10103 = DIRECTION ( 'NONE',  ( 1.299418334065024873E-16, -1.000000000000000000, 0.000000000000000000 ) ) ;
#10104 = ORIENTED_EDGE ( 'NONE', *, *, #12056, .T. ) ;
#10105 = ORIENTED_EDGE ( 'NONE', *, *, #2738, .T. ) ;
#10106 = PLANE ( 'NONE',  #9415 ) ;
#10107 = ORIENTED_EDGE ( 'NONE', *, *, #9513, .T. ) ;
#10108 = EDGE_LOOP ( 'NONE', ( #6584, #8857, #266, #12579, #5238, #5534 ) ) ;
#10109 = DIRECTION ( 'NONE',  ( -0.000000000000000000, -0.000000000000000000, -1.000000000000000000 ) ) ;
#10110 = CYLINDRICAL_SURFACE ( 'NONE', #11686, 1.500000000000001332 ) ;
#10111 = DIRECTION ( 'NONE',  ( 0.000000000000000000, 0.000000000000000000, 1.000000000000000000 ) ) ;
#10112 = CARTESIAN_POINT ( 'NONE',  ( 73.69999999999998863, 24.79999999999999716, -5.000000000000000000 ) ) ;
#10113 = CARTESIAN_POINT ( 'NONE',  ( 28.74999999999998934, 28.74999999999999645, -4.500000000000000888 ) ) ;
#10114 = DIRECTION ( 'NONE',  ( 0.000000000000000000, 0.000000000000000000, 1.000000000000000000 ) ) ;
#10115 = EDGE_CURVE ( 'NONE', #2768, #2415, #12276, .T. ) ;
#10116 = CARTESIAN_POINT ( 'NONE',  ( 28.85000000000000497, 50.24999999999999289, -3.100000000000000533 ) ) ;
#10117 = VERTEX_POINT ( 'NONE', #2639 ) ;
#10118 = DIRECTION ( 'NONE',  ( 0.000000000000000000, 0.000000000000000000, -1.000000000000000000 ) ) ;
#10119 = EDGE_CURVE ( 'NONE', #11784, #2768, #2980, .T. ) ;
#10120 = CARTESIAN_POINT ( 'NONE',  ( 64.25000043999999377, 39.24999955999999912, -3.100000000000000533 ) ) ;
#10121 = DIRECTION ( 'NONE',  ( 0.000000000000000000, -0.000000000000000000, -1.000000000000000000 ) ) ;
#10122 = VERTEX_POINT ( 'NONE', #2390 ) ;
#10123 = ADVANCED_FACE ( 'NONE', ( #10570 ), #11434, .F. ) ;
#10124 = ORIENTED_EDGE ( 'NONE', *, *, #8628, .F. ) ;
#10125 = EDGE_CURVE ( 'NONE', #11650, #1225, #10507, .T. ) ;
#10126 = LINE ( 'NONE', #7216, #8739 ) ;
#10127 = FACE_OUTER_BOUND ( 'NONE', #148, .T. ) ;
#10128 = ORIENTED_EDGE ( 'NONE', *, *, #8557, .T. ) ;
#10129 = DIRECTION ( 'NONE',  ( -1.000000000000000000, 0.000000000000000000, 0.000000000000000000 ) ) ;
#10130 = EDGE_CURVE ( 'NONE', #6460, #3589, #8295, .T. ) ;
#10131 = EDGE_CURVE ( 'NONE', #5365, #571, #5439, .T. ) ;
#10132 = EDGE_CURVE ( 'NONE', #485, #1106, #2785, .T. ) ;
#10133 = EDGE_CURVE ( 'NONE', #3016, #5270, #1418, .T. ) ;
#10134 = EDGE_CURVE ( 'NONE', #7560, #7592, #6363, .T. ) ;
#10135 = ORIENTED_EDGE ( 'NONE', *, *, #532, .T. ) ;
#10136 = DIRECTION ( 'NONE',  ( -1.000000000000000000, 0.000000000000000000, 0.000000000000000000 ) ) ;
#10137 = DIRECTION ( 'NONE',  ( -0.000000000000000000, -1.000000000000000000, -0.000000000000000000 ) ) ;
#10138 = ORIENTED_EDGE ( 'NONE', *, *, #184, .F. ) ;
#10139 = LINE ( 'NONE', #9166, #7144 ) ;
#10140 = ORIENTED_EDGE ( 'NONE', *, *, #8314, .F. ) ;
#10141 = CARTESIAN_POINT ( 'NONE',  ( 51.75000000000000000, 65.75000043999999377, -3.100000000000000533 ) ) ;
#10142 = ORIENTED_EDGE ( 'NONE', *, *, #929, .F. ) ;
#10143 = DIRECTION ( 'NONE',  ( -1.000000000000000000, 9.011550524554840736E-17, 0.000000000000000000 ) ) ;
#10144 = CARTESIAN_POINT ( 'NONE',  ( 34.74999955999999202, 51.75000000000000000, 5.925518941756209301 ) ) ;
#10145 = LINE ( 'NONE', #8327, #8828 ) ;
#10146 = LINE ( 'NONE', #5404, #12745 ) ;
#10147 = VECTOR ( 'NONE', #2679, 1000.000000000000000 ) ;
#10148 = FACE_OUTER_BOUND ( 'NONE', #5338, .T. ) ;
#10149 = ORIENTED_EDGE ( 'NONE', *, *, #11147, .T. ) ;
#10150 = DIRECTION ( 'NONE',  ( 0.000000000000000000, 0.000000000000000000, -1.000000000000000000 ) ) ;
#10151 = CARTESIAN_POINT ( 'NONE',  ( 71.44999999999997442, 48.70000000000000995, 4.999999999999998224 ) ) ;
#10152 = ORIENTED_EDGE ( 'NONE', *, *, #4254, .F. ) ;
#10153 = DIRECTION ( 'NONE',  ( 0.000000000000000000, 1.000000000000000000, 0.000000000000000000 ) ) ;
#10154 = EDGE_LOOP ( 'NONE', ( #3337, #348, #4636, #5860, #7872, #12324, #9509, #6282 ) ) ;
#10155 = CARTESIAN_POINT ( 'NONE',  ( 71.75000000000000000, 29.00000000000000000, -1.600000000000000311 ) ) ;
#10156 = ORIENTED_EDGE ( 'NONE', *, *, #3383, .T. ) ;
#10157 = CIRCLE ( 'NONE', #814, 1.500000000000001332 ) ;
#10158 = EDGE_LOOP ( 'NONE', ( #4974, #506 ) ) ;
#10159 = ORIENTED_EDGE ( 'NONE', *, *, #8805, .F. ) ;
#10160 = CARTESIAN_POINT ( 'NONE',  ( 66.64999999999999147, 25.75000000000000000, 5.999999999999999112 ) ) ;
#10161 = ORIENTED_EDGE ( 'NONE', *, *, #7343, .T. ) ;
#10162 = DIRECTION ( 'NONE',  ( -0.000000000000000000, -0.000000000000000000, 1.000000000000000000 ) ) ;
#10163 = ORIENTED_EDGE ( 'NONE', *, *, #198, .T. ) ;
#10164 = AXIS2_PLACEMENT_3D ( 'NONE', #239, #10327, #5382 ) ;
#10165 = DIRECTION ( 'NONE',  ( -1.000000000000000000, 0.000000000000000000, 0.000000000000000000 ) ) ;
#10166 = CARTESIAN_POINT ( 'NONE',  ( 51.94999999999997442, 26.75000000000000000, 6.499999999999999112 ) ) ;
#10167 = FACE_OUTER_BOUND ( 'NONE', #2185, .T. ) ;
#10168 = ORIENTED_EDGE ( 'NONE', *, *, #2915, .T. ) ;
#10169 = EDGE_LOOP ( 'NONE', ( #4219, #7648, #11215, #6658 ) ) ;
#10170 = CARTESIAN_POINT ( 'NONE',  ( 76.25000000000000000, 25.75000000000000000, 6.499999999999999112 ) ) ;
#10171 = EDGE_LOOP ( 'NONE', ( #7107, #2120, #11030, #6615 ) ) ;
#10172 = ORIENTED_EDGE ( 'NONE', *, *, #2905, .T. ) ;
#10173 = DIRECTION ( 'NONE',  ( 1.000000000000000000, 0.000000000000000000, 0.000000000000000000 ) ) ;
#10174 = VECTOR ( 'NONE', #11081, 1000.000000000000000 ) ;
#10175 = CIRCLE ( 'NONE', #11643, 0.7500000000000006661 ) ;
#10176 = CARTESIAN_POINT ( 'NONE',  ( 24.80000000000000426, 73.69999999999998863, 9.999999999999998224 ) ) ;
#10177 = EDGE_CURVE ( 'NONE', #2701, #10632, #12761, .T. ) ;
#10178 = DIRECTION ( 'NONE',  ( -1.000000000000000000, 0.000000000000000000, 0.000000000000000000 ) ) ;
#10179 = DIRECTION ( 'NONE',  ( -0.000000000000000000, -0.000000000000000000, -1.000000000000000000 ) ) ;
#10180 = CARTESIAN_POINT ( 'NONE',  ( 59.69999999999997442, 36.95000000000000284, 8.499999999999998224 ) ) ;
#10181 = PLANE ( 'NONE',  #10472 ) ;
#10182 = VECTOR ( 'NONE', #6484, 1000.000000000000000 ) ;
#10183 = EDGE_CURVE ( 'NONE', #360, #2520, #10884, .T. ) ;
#10184 = LINE ( 'NONE', #12220, #2505 ) ;
#10185 = ORIENTED_EDGE ( 'NONE', *, *, #5076, .F. ) ;
#10186 = CARTESIAN_POINT ( 'NONE',  ( 57.64999999999999147, 24.49999999999999289, 0.5253709514437898687 ) ) ;
#10187 = CARTESIAN_POINT ( 'NONE',  ( 59.19999999999997442, 37.95000000000000284, 4.999999999999998224 ) ) ;
#10188 = DIRECTION ( 'NONE',  ( 0.000000000000000000, 0.000000000000000000, 1.000000000000000000 ) ) ;
#10189 = VERTEX_POINT ( 'NONE', #7581 ) ;
#10190 = ORIENTED_EDGE ( 'NONE', *, *, #12292, .T. ) ;
#10191 = AXIS2_PLACEMENT_3D ( 'NONE', #286, #3292, #4324 ) ;
#10192 = PLANE ( 'NONE',  #9779 ) ;
#10193 = FACE_OUTER_BOUND ( 'NONE', #9165, .T. ) ;
#10194 = DIRECTION ( 'NONE',  ( 1.000000000000000000, 0.000000000000000000, 0.000000000000000000 ) ) ;
#10195 = ADVANCED_FACE ( 'NONE', ( #10442 ), #9344, .F. ) ;
#10196 = VERTEX_POINT ( 'NONE', #10380 ) ;
#10197 = EDGE_CURVE ( 'NONE', #4348, #8010, #8365, .T. ) ;
#10198 = DIRECTION ( 'NONE',  ( -0.000000000000000000, 1.000000000000000000, 0.000000000000000000 ) ) ;
#10199 = DIRECTION ( 'NONE',  ( 1.000000000000000000, 0.000000000000000000, 0.000000000000000000 ) ) ;
#10200 = ORIENTED_EDGE ( 'NONE', *, *, #8763, .F. ) ;
#10201 = CARTESIAN_POINT ( 'NONE',  ( 74.25000000000000000, 29.00000000000000000, -4.500000000000000888 ) ) ;
#10202 = ORIENTED_EDGE ( 'NONE', *, *, #6095, .T. ) ;
#10203 = CIRCLE ( 'NONE', #7520, 1.500000000000001332 ) ;
#10204 = CARTESIAN_POINT ( 'NONE',  ( 49.19999999999998153, 75.25000000000000000, 6.499999999999999112 ) ) ;
#10205 = ORIENTED_EDGE ( 'NONE', *, *, #11582, .F. ) ;
#10206 = CIRCLE ( 'NONE', #5232, 0.5000000000000000000 ) ;
#10207 = DIRECTION ( 'NONE',  ( -0.000000000000000000, -0.000000000000000000, -1.000000000000000000 ) ) ;
#10208 = LINE ( 'NONE', #194, #10479 ) ;
#10209 = EDGE_CURVE ( 'NONE', #7933, #8024, #1324, .T. ) ;
#10210 = CARTESIAN_POINT ( 'NONE',  ( 73.69999999999998863, 24.29999999999999716, 9.500000000000005329 ) ) ;
#10211 = EDGE_CURVE ( 'NONE', #224, #3542, #3437, .T. ) ;
#10212 = ORIENTED_EDGE ( 'NONE', *, *, #9310, .T. ) ;
#10213 = DIRECTION ( 'NONE',  ( 0.000000000000000000, 0.000000000000000000, -1.000000000000000000 ) ) ;
#10214 = EDGE_CURVE ( 'NONE', #11670, #6613, #4447, .T. ) ;
#10215 = ORIENTED_EDGE ( 'NONE', *, *, #7235, .F. ) ;
#10216 = CIRCLE ( 'NONE', #8127, 1.500000000000000000 ) ;
#10217 = CALENDAR_DATE ( 2026, 2, 7 ) ;
#10218 = CIRCLE ( 'NONE', #1931, 2.500000000000002220 ) ;
#10219 = CYLINDRICAL_SURFACE ( 'NONE', #9743, 0.5000000000000004441 ) ;
#10220 = ORIENTED_EDGE ( 'NONE', *, *, #4716, .T. ) ;
#10221 = LINE ( 'NONE', #4120, #11539 ) ;
#10222 = EDGE_LOOP ( 'NONE', ( #9267, #11764, #1701, #5357 ) ) ;
#10223 = DIRECTION ( 'NONE',  ( -1.000000000000000000, 0.000000000000000000, 0.000000000000000000 ) ) ;
#10224 = ORIENTED_EDGE ( 'NONE', *, *, #4256, .F. ) ;
#10225 = EDGE_CURVE ( 'NONE', #11208, #9960, #1992, .T. ) ;
#10226 = ORIENTED_EDGE ( 'NONE', *, *, #11888, .T. ) ;
#10227 = ORIENTED_EDGE ( 'NONE', *, *, #1316, .T. ) ;
#10228 = VECTOR ( 'NONE', #1241, 1000.000000000000000 ) ;
#10229 = FACE_OUTER_BOUND ( 'NONE', #1065, .T. ) ;
#10230 = ORIENTED_EDGE ( 'NONE', *, *, #3400, .F. ) ;
#10231 = DIRECTION ( 'NONE',  ( -0.000000000000000000, -0.000000000000000000, -1.000000000000000000 ) ) ;
#10232 = ORIENTED_EDGE ( 'NONE', *, *, #8790, .F. ) ;
#10233 = CARTESIAN_POINT ( 'NONE',  ( 24.80000000000000782, 28.29999999999999005, 9.999999999999998224 ) ) ;
#10234 = AXIS2_PLACEMENT_3D ( 'NONE', #4461, #3550, #2311 ) ;
#10235 = DIRECTION ( 'NONE',  ( -0.000000000000000000, -0.000000000000000000, -1.000000000000000000 ) ) ;
#10236 = EDGE_LOOP ( 'NONE', ( #6337, #11164, #6592, #4804 ) ) ;
#10237 = AXIS2_PLACEMENT_3D ( 'NONE', #4684, #12621, #635 ) ;
#10238 = ORIENTED_EDGE ( 'NONE', *, *, #7513, .F. ) ;
#10239 = DIRECTION ( 'NONE',  ( -1.000000000000000000, -0.000000000000000000, 0.000000000000000000 ) ) ;
#10240 = ORIENTED_EDGE ( 'NONE', *, *, #12064, .F. ) ;
#10241 = ORIENTED_EDGE ( 'NONE', *, *, #4864, .T. ) ;
#10242 = DIRECTION ( 'NONE',  ( -1.000000000000000000, 0.000000000000000000, 0.000000000000000000 ) ) ;
#10243 = CARTESIAN_POINT ( 'NONE',  ( 75.90887106545882546, 40.40749664306598987, 2.323999333381999488 ) ) ;
#10244 = DIRECTION ( 'NONE',  ( 0.000000000000000000, 0.000000000000000000, -1.000000000000000000 ) ) ;
#10245 = FACE_OUTER_BOUND ( 'NONE', #2294, .T. ) ;
#10246 = AXIS2_PLACEMENT_3D ( 'NONE', #5375, #11300, #6608 ) ;
#10247 = LINE ( 'NONE', #5317, #9427 ) ;
#10248 = AXIS2_PLACEMENT_3D ( 'NONE', #3328, #322, #7288 ) ;
#10249 = DIRECTION ( 'NONE',  ( 1.000000000000000000, -1.374038396813312784E-16, 0.000000000000000000 ) ) ;
#10250 = CARTESIAN_POINT ( 'NONE',  ( 28.74999999999998934, 25.75000000000000000, 0.000000000000000000 ) ) ;
#10251 = ORIENTED_EDGE ( 'NONE', *, *, #3562, .F. ) ;
#10252 = EDGE_CURVE ( 'NONE', #1453, #3412, #754, .T. ) ;
#10253 = CARTESIAN_POINT ( 'NONE',  ( 66.14999999999999147, 25.75000000000000000, 5.999999999999999112 ) ) ;
#10254 = AXIS2_PLACEMENT_3D ( 'NONE', #302, #4143, #9989 ) ;
#10255 = VECTOR ( 'NONE', #12201, 1000.000000000000000 ) ;
#10256 = CARTESIAN_POINT ( 'NONE',  ( 71.34900000000000375, 64.42200000000002547, -4.000000000000000000 ) ) ;
#10257 = FACE_OUTER_BOUND ( 'NONE', #9455, .T. ) ;
#10258 = ORIENTED_EDGE ( 'NONE', *, *, #10134, .T. ) ;
#10259 = AXIS2_PLACEMENT_3D ( 'NONE', #7332, #6230, #9414 ) ;
#10260 = ORIENTED_EDGE ( 'NONE', *, *, #9746, .T. ) ;
#10261 = DIRECTION ( 'NONE',  ( -0.000000000000000000, -0.000000000000000000, -1.000000000000000000 ) ) ;
#10262 = DIRECTION ( 'NONE',  ( 0.000000000000000000, 0.000000000000000000, 1.000000000000000000 ) ) ;
#10263 = EDGE_CURVE ( 'NONE', #6702, #3532, #3820, .T. ) ;
#10264 = CARTESIAN_POINT ( 'NONE',  ( 73.69999999999998863, 73.69999999999998863, 9.999999999999998224 ) ) ;
#10265 = AXIS2_PLACEMENT_3D ( 'NONE', #7431, #1253, #2486 ) ;
#10266 = AXIS2_PLACEMENT_3D ( 'NONE', #1261, #6208, #10165 ) ;
#10267 = AXIS2_PLACEMENT_3D ( 'NONE', #738, #6660, #6596 ) ;
#10268 = VECTOR ( 'NONE', #7102, 1000.000000000000000 ) ;
#10269 = DIRECTION ( 'NONE',  ( -0.000000000000000000, -0.000000000000000000, 1.000000000000000000 ) ) ;
#10270 = CARTESIAN_POINT ( 'NONE',  ( 73.89999999999997726, 63.67200000000001836, -4.000000000000000000 ) ) ;
#10271 = CARTESIAN_POINT ( 'NONE',  ( 28.74999999999998934, 28.74999999999999645, -4.500000000000000888 ) ) ;
#10272 = ORIENTED_EDGE ( 'NONE', *, *, #9866, .F. ) ;
#10273 = DIRECTION ( 'NONE',  ( 1.000000000000000000, 0.000000000000000000, 0.000000000000000000 ) ) ;
#10274 = ORIENTED_EDGE ( 'NONE', *, *, #8052, .F. ) ;
#10275 = VECTOR ( 'NONE', #1995, 1000.000000000000000 ) ;
#10276 = PLANE ( 'NONE',  #10938 ) ;
#10277 = VERTEX_POINT ( 'NONE', #2894 ) ;
#10278 = CARTESIAN_POINT ( 'NONE',  ( 76.25000000000000000, 25.75000000000000000, -3.500000000000000000 ) ) ;
#10279 = DIRECTION ( 'NONE',  ( -0.000000000000000000, -0.000000000000000000, -1.000000000000000000 ) ) ;
#10280 = VECTOR ( 'NONE', #7157, 1000.000000000000000 ) ;
#10281 = CARTESIAN_POINT ( 'NONE',  ( 50.24999999999999289, 74.64999999999999147, -3.100000000000000533 ) ) ;
#10282 = AXIS2_PLACEMENT_3D ( 'NONE', #4483, #9300, #381 ) ;
#10283 = VERTEX_POINT ( 'NONE', #7773 ) ;
#10284 = CARTESIAN_POINT ( 'NONE',  ( 28.80000000000000782, 46.54999999999999716, 1.100000660000000963 ) ) ;
#10285 = VERTEX_POINT ( 'NONE', #11624 ) ;
#10286 = CIRCLE ( 'NONE', #11338, 1.600000000000004086 ) ;
#10287 = PERSON_AND_ORGANIZATION_ROLE ( 'creator' ) ;
#10288 = EDGE_CURVE ( 'NONE', #3879, #7391, #10671, .T. ) ;
#10289 = DIRECTION ( 'NONE',  ( -1.000000000000000000, 0.000000000000000000, 0.000000000000000000 ) ) ;
#10290 = ORIENTED_EDGE ( 'NONE', *, *, #4962, .F. ) ;
#10291 = DIRECTION ( 'NONE',  ( -1.000000000000000000, 0.000000000000000000, 0.000000000000000000 ) ) ;
#10292 = ORIENTED_EDGE ( 'NONE', *, *, #8707, .F. ) ;
#10293 = AXIS2_PLACEMENT_3D ( 'NONE', #510, #11580, #10585 ) ;
#10294 = LINE ( 'NONE', #12123, #7780 ) ;
#10295 = ORIENTED_EDGE ( 'NONE', *, *, #3958, .F. ) ;
#10296 = ORIENTED_EDGE ( 'NONE', *, *, #8675, .F. ) ;
#10297 = ORIENTED_EDGE ( 'NONE', *, *, #10132, .F. ) ;
#10298 = CIRCLE ( 'NONE', #8437, 2.000000000000015543 ) ;
#10299 = EDGE_CURVE ( 'NONE', #11819, #12651, #5899, .T. ) ;
#10300 = EDGE_CURVE ( 'NONE', #5016, #6331, #12604, .T. ) ;
#10301 = LINE ( 'NONE', #8535, #1494 ) ;
#10302 = EDGE_LOOP ( 'NONE', ( #4032, #1161, #6, #2700, #9428, #4503, #12241, #4896 ) ) ;
#10303 = VECTOR ( 'NONE', #11870, 1000.000000000000114 ) ;
#10304 = CYLINDRICAL_SURFACE ( 'NONE', #8542, 1.500000000000001332 ) ;
#10305 = AXIS2_PLACEMENT_3D ( 'NONE', #1533, #8229, #10242 ) ;
#10306 = DIRECTION ( 'NONE',  ( -1.000000000000000000, 0.000000000000000000, 0.000000000000000000 ) ) ;
#10307 = ADVANCED_FACE ( 'NONE', ( #3693 ), #7642, .F. ) ;
#10308 = DIRECTION ( 'NONE',  ( -0.000000000000000000, -0.000000000000000000, -1.000000000000000000 ) ) ;
#10309 = EDGE_CURVE ( 'NONE', #8276, #7690, #2708, .T. ) ;
#10310 = EDGE_CURVE ( 'NONE', #8504, #8464, #7557, .T. ) ;
#10311 = VERTEX_POINT ( 'NONE', #8884 ) ;
#10312 = EDGE_LOOP ( 'NONE', ( #11933, #12317, #9372, #12811 ) ) ;
#10313 = VECTOR ( 'NONE', #9487, 1000.000000000000000 ) ;
#10314 = CARTESIAN_POINT ( 'NONE',  ( 53.14999999999999147, 24.29999999999999361, 5.999999999999996447 ) ) ;
#10315 = ORIENTED_EDGE ( 'NONE', *, *, #10133, .T. ) ;
#10316 = ORIENTED_EDGE ( 'NONE', *, *, #7977, .F. ) ;
#10317 = DIRECTION ( 'NONE',  ( -0.000000000000000000, -0.000000000000000000, 1.000000000000000000 ) ) ;
#10318 = VECTOR ( 'NONE', #1693, 1000.000000000000000 ) ;
#10319 = CARTESIAN_POINT ( 'NONE',  ( 50.24999999999999289, 65.75000043999999377, -3.100000000000000533 ) ) ;
#10320 = CIRCLE ( 'NONE', #4710, 1.000000000000000888 ) ;
#10321 = DIRECTION ( 'NONE',  ( 0.000000000000000000, 0.000000000000000000, 1.000000000000000000 ) ) ;
#10322 = CARTESIAN_POINT ( 'NONE',  ( 76.16702747273642160, 40.12163948592027651, 5.924041587756089520E-15 ) ) ;
#10323 = DIRECTION ( 'NONE',  ( 1.299418334065024873E-16, -1.000000000000000000, -0.000000000000000000 ) ) ;
#10324 = PLANE ( 'NONE',  #12147 ) ;
#10325 = DIRECTION ( 'NONE',  ( 1.299418334065024873E-16, -1.000000000000000000, -0.000000000000000000 ) ) ;
#10326 = ORIENTED_EDGE ( 'NONE', *, *, #9607, .T. ) ;
#10327 = DIRECTION ( 'NONE',  ( 0.000000000000000000, 0.000000000000000000, -1.000000000000000000 ) ) ;
#10328 = FACE_OUTER_BOUND ( 'NONE', #1859, .T. ) ;
#10329 = CARTESIAN_POINT ( 'NONE',  ( 63.14999999999998437, 24.29998799999999548, 5.999999999999999112 ) ) ;
#10330 = ORIENTED_EDGE ( 'NONE', *, *, #2510, .F. ) ;
#10331 = ORIENTED_EDGE ( 'NONE', *, *, #2746, .F. ) ;
#10332 = DIRECTION ( 'NONE',  ( 0.000000000000000000, 0.7071067811865472397, 0.7071067811865479058 ) ) ;
#10333 = CARTESIAN_POINT ( 'NONE',  ( 48.74999999999999289, 36.24999955999999912, -4.000000000000000000 ) ) ;
#10334 = LINE ( 'NONE', #4484, #1307 ) ;
#10335 = ORIENTED_EDGE ( 'NONE', *, *, #1404, .T. ) ;
#10336 = DIRECTION ( 'NONE',  ( -1.000000000000000000, 0.000000000000000000, 0.000000000000000000 ) ) ;
#10337 = DIRECTION ( 'NONE',  ( 0.000000000000000000, 0.000000000000000000, -1.000000000000000000 ) ) ;
#10338 = CARTESIAN_POINT ( 'NONE',  ( 63.14999999999998437, 24.29999999999999361, 5.999999999999999112 ) ) ;
#10339 = CARTESIAN_POINT ( 'NONE',  ( 37.74999955999999912, 39.24999955999999912, -4.499999999999992895 ) ) ;
#10340 = ORIENTED_EDGE ( 'NONE', *, *, #7754, .T. ) ;
#10341 = DIRECTION ( 'NONE',  ( 0.000000000000000000, 0.000000000000000000, -1.000000000000000000 ) ) ;
#10342 = CARTESIAN_POINT ( 'NONE',  ( 27.34999999999999787, 51.75000000000000000, 5.925518941756209301 ) ) ;
#10343 = DIRECTION ( 'NONE',  ( -1.000000000000000000, 0.000000000000000000, 0.000000000000000000 ) ) ;
#10344 = EDGE_CURVE ( 'NONE', #12873, #8168, #8753, .T. ) ;
#10345 = VECTOR ( 'NONE', #2592, 1000.000000000000000 ) ;
#10346 = LINE ( 'NONE', #4370, #12726 ) ;
#10347 = EDGE_LOOP ( 'NONE', ( #10749, #558, #8224, #6226 ) ) ;
#10348 = DIRECTION ( 'NONE',  ( -0.000000000000000000, 0.000000000000000000, 1.000000000000000000 ) ) ;
#10349 = LINE ( 'NONE', #536, #387 ) ;
#10350 = ORIENTED_EDGE ( 'NONE', *, *, #767, .F. ) ;
#10351 = CARTESIAN_POINT ( 'NONE',  ( 70.25000000000000000, 30.67905841137542922, 13.86814535675424764 ) ) ;
#10352 = VECTOR ( 'NONE', #10269, 1000.000000000000000 ) ;
#10353 = ORIENTED_EDGE ( 'NONE', *, *, #4174, .F. ) ;
#10354 = LINE ( 'NONE', #8273, #9645 ) ;
#10355 = EDGE_LOOP ( 'NONE', ( #11540, #7270, #8208, #2060 ) ) ;
#10356 = ORIENTED_EDGE ( 'NONE', *, *, #3472, .F. ) ;
#10357 = VERTEX_POINT ( 'NONE', #1728 ) ;
#10358 = AXIS2_PLACEMENT_3D ( 'NONE', #9380, #5411, #2359 ) ;
#10359 = CARTESIAN_POINT ( 'NONE',  ( 0.000000000000000000, 0.000000000000000000, 4.499999999999999112 ) ) ;
#10360 = ORIENTED_EDGE ( 'NONE', *, *, #10209, .T. ) ;
#10361 = CARTESIAN_POINT ( 'NONE',  ( 28.30000000000000426, 77.19999999999998863, 9.999999999999998224 ) ) ;
#10362 = DIRECTION ( 'NONE',  ( -0.000000000000000000, 0.000000000000000000, 1.000000000000000000 ) ) ;
#10363 = EDGE_CURVE ( 'NONE', #12139, #4008, #9627, .T. ) ;
#10364 = LINE ( 'NONE', #7314, #7289 ) ;
#10365 = VECTOR ( 'NONE', #8972, 1000.000000000000000 ) ;
#10366 = ADVANCED_FACE ( 'NONE', ( #682 ), #5888, .F. ) ;
#10367 = ORIENTED_EDGE ( 'NONE', *, *, #8380, .T. ) ;
#10368 = EDGE_CURVE ( 'NONE', #11412, #5834, #953, .T. ) ;
#10369 = ORIENTED_EDGE ( 'NONE', *, *, #3184, .T. ) ;
#10370 = DIRECTION ( 'NONE',  ( -1.000000000000000000, -1.299418334065024133E-16, 0.000000000000000000 ) ) ;
#10371 = ORIENTED_EDGE ( 'NONE', *, *, #8766, .T. ) ;
#10372 = EDGE_LOOP ( 'NONE', ( #10200, #9043, #10251, #9003 ) ) ;
#10373 = DIRECTION ( 'NONE',  ( -0.000000000000000000, -0.000000000000000000, -1.000000000000000000 ) ) ;
#10374 = ADVANCED_FACE ( 'NONE', ( #5827 ), #12858, .F. ) ;
#10375 = DIRECTION ( 'NONE',  ( -1.000000000000000000, 0.000000000000000000, 0.000000000000000000 ) ) ;
#10376 = CARTESIAN_POINT ( 'NONE',  ( 39.24999955999999912, 62.75000043999999377, -5.000000000000000000 ) ) ;
#10377 = CARTESIAN_POINT ( 'NONE',  ( 75.95589550895309117, 40.37858861436167501, 0.4300728725655697526 ) ) ;
#10378 = EDGE_CURVE ( 'NONE', #4134, #6667, #3888, .T. ) ;
#10379 = AXIS2_PLACEMENT_3D ( 'NONE', #2327, #7634, #670 ) ;
#10380 = CARTESIAN_POINT ( 'NONE',  ( 53.64999999999999147, 24.49999999999999289, 0.02537095144378743658 ) ) ;
#10381 = EDGE_CURVE ( 'NONE', #201, #10489, #2773, .T. ) ;
#10382 = LINE ( 'NONE', #7516, #6316 ) ;
#10383 = EDGE_CURVE ( 'NONE', #11283, #3294, #4855, .T. ) ;
#10384 = EDGE_CURVE ( 'NONE', #8069, #7224, #6864, .T. ) ;
#10385 = FACE_OUTER_BOUND ( 'NONE', #7255, .T. ) ;
#10386 = ORIENTED_EDGE ( 'NONE', *, *, #4570, .F. ) ;
#10387 = AXIS2_PLACEMENT_3D ( 'NONE', #9266, #5296, #3217 ) ;
#10388 = CIRCLE ( 'NONE', #3751, 1.600000000000004086 ) ;
#10389 = DIRECTION ( 'NONE',  ( 0.000000000000000000, 0.7071067811865524577, -0.7071067811865426878 ) ) ;
#10390 = DIRECTION ( 'NONE',  ( -0.000000000000000000, -0.000000000000000000, 1.000000000000000000 ) ) ;
#10391 = VERTEX_POINT ( 'NONE', #4262 ) ;
#10392 = ORIENTED_EDGE ( 'NONE', *, *, #6812, .T. ) ;
#10393 = DIRECTION ( 'NONE',  ( 0.000000000000000000, -1.000000000000000000, 0.000000000000000000 ) ) ;
#10394 = CARTESIAN_POINT ( 'NONE',  ( 65.14999999999999147, 24.49999999999997513, 6.499999999999999112 ) ) ;
#10395 = PLANE ( 'NONE',  #64 ) ;
#10396 = CIRCLE ( 'NONE', #4797, 2.000000000000001776 ) ;
#10397 = CIRCLE ( 'NONE', #5412, 0.5000000000000000000 ) ;
#10398 = EDGE_CURVE ( 'NONE', #10076, #12567, #7357, .T. ) ;
#10399 = EDGE_LOOP ( 'NONE', ( #5820, #6550, #12424, #3991 ) ) ;
#10400 = CARTESIAN_POINT ( 'NONE',  ( 66.14999999999999147, 24.29999999999999716, 6.699999999999977973 ) ) ;
#10401 = CARTESIAN_POINT ( 'NONE',  ( 62.75000043999999377, 62.75000043999999377, -5.000000000000000000 ) ) ;
#10402 = CARTESIAN_POINT ( 'NONE',  ( 54.94999999999999574, 24.29999999999999361, 0.5253709514437898687 ) ) ;
#10403 = AXIS2_PLACEMENT_3D ( 'NONE', #11028, #5041, #9001 ) ;
#10404 = CARTESIAN_POINT ( 'NONE',  ( 0.000000000000000000, 0.000000000000000000, 4.999999999999998224 ) ) ;
#10405 = VERTEX_POINT ( 'NONE', #5233 ) ;
#10406 = DIRECTION ( 'NONE',  ( -1.000000000000000000, 0.000000000000000000, 0.000000000000000000 ) ) ;
#10407 = DIRECTION ( 'NONE',  ( -0.7071067811865524577, 0.000000000000000000, 0.7071067811865426878 ) ) ;
#10408 = DIRECTION ( 'NONE',  ( -1.000000000000000000, 0.000000000000000000, 0.000000000000000000 ) ) ;
#10409 = VERTEX_POINT ( 'NONE', #3151 ) ;
#10410 = VECTOR ( 'NONE', #11214, 1000.000000000000000 ) ;
#10411 = MECHANICAL_CONTEXT ( 'NONE', #5405, 'mechanical' ) ;
#10412 = CARTESIAN_POINT ( 'NONE',  ( 65.64999999999999147, 24.49999999999997513, 0.5253709514437898687 ) ) ;
#10413 = ORIENTED_EDGE ( 'NONE', *, *, #11092, .F. ) ;
#10414 = AXIS2_PLACEMENT_3D ( 'NONE', #11997, #3203, #3986 ) ;
#10415 = DIRECTION ( 'NONE',  ( 1.299418334065024873E-16, -1.000000000000000000, -0.000000000000000000 ) ) ;
#10416 = EDGE_CURVE ( 'NONE', #11749, #12280, #8214, .T. ) ;
#10417 = ORIENTED_EDGE ( 'NONE', *, *, #4034, .T. ) ;
#10418 = LINE ( 'NONE', #1516, #1759 ) ;
#10419 = ORIENTED_EDGE ( 'NONE', *, *, #6245, .T. ) ;
#10420 = ORIENTED_EDGE ( 'NONE', *, *, #6252, .T. ) ;
#10421 = ORIENTED_EDGE ( 'NONE', *, *, #4099, .T. ) ;
#10422 = DIRECTION ( 'NONE',  ( -0.000000000000000000, 0.000000000000000000, 1.000000000000000000 ) ) ;
#10423 = ORIENTED_EDGE ( 'NONE', *, *, #8935, .T. ) ;
#10424 = AXIS2_PLACEMENT_3D ( 'NONE', #964, #4991, #7850 ) ;
#10425 = ORIENTED_EDGE ( 'NONE', *, *, #11169, .F. ) ;
#10426 = AXIS2_PLACEMENT_3D ( 'NONE', #12246, #2424, #2354 ) ;
#10427 = CARTESIAN_POINT ( 'NONE',  ( 73.43999999999998352, 64.96099999999999852, -1.600000000000000311 ) ) ;
#10428 = ORIENTED_EDGE ( 'NONE', *, *, #772, .F. ) ;
#10429 = DIRECTION ( 'NONE',  ( -0.000000000000000000, -0.000000000000000000, 1.000000000000000000 ) ) ;
#10430 = CARTESIAN_POINT ( 'NONE',  ( 27.34999999999999787, 51.75000000000000000, -3.100000000000000533 ) ) ;
#10431 = ORIENTED_EDGE ( 'NONE', *, *, #12218, .F. ) ;
#10432 = VERTEX_POINT ( 'NONE', #8082 ) ;
#10433 = CARTESIAN_POINT ( 'NONE',  ( 76.89999999999999147, 41.90749664306598987, 0.6999999999999999556 ) ) ;
#10434 = ORIENTED_EDGE ( 'NONE', *, *, #4350, .F. ) ;
#10435 = ORIENTED_EDGE ( 'NONE', *, *, #3069, .T. ) ;
#10437 = DIRECTION ( 'NONE',  ( -0.000000000000000000, -0.000000000000000000, -1.000000000000000000 ) ) ;
#10436 = VECTOR ( 'NONE', #2567, 1000.000000000000000 ) ;
#10438 = DIRECTION ( 'NONE',  ( 1.000000000000000000, 0.000000000000000000, 0.000000000000000000 ) ) ;
#10439 = CARTESIAN_POINT ( 'NONE',  ( 66.14999999999999147, 24.49999999999997513, 6.499999999999999112 ) ) ;
#10440 = DIRECTION ( 'NONE',  ( 0.000000000000000000, 0.000000000000000000, 1.000000000000000000 ) ) ;
#10441 = EDGE_CURVE ( 'NONE', #2175, #3812, #1749, .T. ) ;
#10442 = FACE_OUTER_BOUND ( 'NONE', #11325, .T. ) ;
#10443 = CARTESIAN_POINT ( 'NONE',  ( 60.14999999999999147, 24.49999999999999289, 5.999999999999999112 ) ) ;
#10444 = AXIS2_PLACEMENT_3D ( 'NONE', #12047, #8197, #11333 ) ;
#10445 = DIRECTION ( 'NONE',  ( 0.000000000000000000, 0.000000000000000000, 1.000000000000000000 ) ) ;
#10446 = ORIENTED_EDGE ( 'NONE', *, *, #12264, .F. ) ;
#10447 = EDGE_CURVE ( 'NONE', #6941, #8467, #5960, .T. ) ;
#10448 = CARTESIAN_POINT ( 'NONE',  ( 55.14999999999999147, 24.49999999999999289, 0.5253709514437898687 ) ) ;
#10449 = VECTOR ( 'NONE', #9432, 1000.000000000000000 ) ;
#10450 = FACE_OUTER_BOUND ( 'NONE', #6144, .T. ) ;
#10451 = ORIENTED_EDGE ( 'NONE', *, *, #620, .T. ) ;
#10452 = VECTOR ( 'NONE', #2467, 1000.000000000000000 ) ;
#10453 = ORIENTED_EDGE ( 'NONE', *, *, #10672, .F. ) ;
#10454 = ADVANCED_FACE ( 'NONE', ( #12071 ), #4661, .T. ) ;
#10455 = DIRECTION ( 'NONE',  ( 0.000000000000000000, -0.000000000000000000, -1.000000000000000000 ) ) ;
#10456 = DIRECTION ( 'NONE',  ( -0.000000000000000000, -0.000000000000000000, 1.000000000000000000 ) ) ;
#10457 = ADVANCED_FACE ( 'NONE', ( #11084 ), #11942, .T. ) ;
#10458 = CARTESIAN_POINT ( 'NONE',  ( 28.74999999999999289, 73.25000000000000000, 0.000000000000000000 ) ) ;
#10459 = EDGE_CURVE ( 'NONE', #402, #9980, #217, .T. ) ;
#10460 = EDGE_CURVE ( 'NONE', #9870, #10285, #10097, .T. ) ;
#10461 = DIRECTION ( 'NONE',  ( 0.000000000000000000, -0.000000000000000000, -1.000000000000000000 ) ) ;
#10462 = DIRECTION ( 'NONE',  ( -0.000000000000000000, 0.000000000000000000, -1.000000000000000000 ) ) ;
#10463 = EDGE_CURVE ( 'NONE', #11311, #4834, #8395, .T. ) ;
#10464 = VECTOR ( 'NONE', #10992, 1000.000000000000000 ) ;
#10465 = ADVANCED_FACE ( 'NONE', ( #280 ), #4002, .F. ) ;
#10466 = DIRECTION ( 'NONE',  ( -1.000000000000000000, 0.000000000000000000, 0.000000000000000000 ) ) ;
#10467 = CARTESIAN_POINT ( 'NONE',  ( 70.54999999999999716, 70.50000000000000000, -4.000000000000003553 ) ) ;
#10468 = CYLINDRICAL_SURFACE ( 'NONE', #974, 1.500000000000001332 ) ;
#10469 = ORIENTED_EDGE ( 'NONE', *, *, #8798, .T. ) ;
#10470 = CARTESIAN_POINT ( 'NONE',  ( 72.09900000000000375, 64.42200000000002547, -3.000000000000000000 ) ) ;
#10471 = CARTESIAN_POINT ( 'NONE',  ( 32.24999999999998579, 30.25000000000000000, -1.600000000000000311 ) ) ;
#10472 = AXIS2_PLACEMENT_3D ( 'NONE', #5250, #10249, #9218 ) ;
#10473 = AXIS2_PLACEMENT_3D ( 'NONE', #5876, #10950, #5024 ) ;
#10474 = CARTESIAN_POINT ( 'NONE',  ( 29.00000000000000000, 29.00000000000000000, 44.50000000000000711 ) ) ;
#10475 = VECTOR ( 'NONE', #2399, 1000.000000000000000 ) ;
#10476 = ORIENTED_EDGE ( 'NONE', *, *, #7122, .F. ) ;
#10477 = CARTESIAN_POINT ( 'NONE',  ( 61.14999999999999147, 24.29998799999999548, 5.999999999999999112 ) ) ;
#10478 = VECTOR ( 'NONE', #6710, 1000.000000000000000 ) ;
#10479 = VECTOR ( 'NONE', #7033, 1000.000000000000000 ) ;
#10480 = ORIENTED_EDGE ( 'NONE', *, *, #7987, .F. ) ;
#10481 = CYLINDRICAL_SURFACE ( 'NONE', #7787, 0.5000000000000004441 ) ;
#10482 = VERTEX_POINT ( 'NONE', #4975 ) ;
#10483 = CARTESIAN_POINT ( 'NONE',  ( 77.69999999999998863, 24.29999999999999716, -0.1746290485561876604 ) ) ;
#10484 = VERTEX_POINT ( 'NONE', #8939 ) ;
#10485 = CIRCLE ( 'NONE', #4889, 2.500000000000002220 ) ;
#10486 = ORIENTED_EDGE ( 'NONE', *, *, #6718, .T. ) ;
#10487 = ORIENTED_EDGE ( 'NONE', *, *, #5679, .T. ) ;
#10488 = CARTESIAN_POINT ( 'NONE',  ( 72.49999999999998579, 41.94999999999998863, -7.999999999999998224 ) ) ;
#10489 = VERTEX_POINT ( 'NONE', #3087 ) ;
#10490 = VECTOR ( 'NONE', #7707, 1000.000000000000000 ) ;
#10491 = LINE ( 'NONE', #2553, #11465 ) ;
#10492 = EDGE_CURVE ( 'NONE', #5740, #3894, #1260, .T. ) ;
#10493 = VERTEX_POINT ( 'NONE', #27 ) ;
#10494 = CARTESIAN_POINT ( 'NONE',  ( 33.24999999999997158, 70.25000000000000000, 8.499999999999998224 ) ) ;
#10495 = AXIS2_PLACEMENT_3D ( 'NONE', #7080, #2140, #2466 ) ;
#10496 = FACE_OUTER_BOUND ( 'NONE', #8616, .T. ) ;
#10497 = VERTEX_POINT ( 'NONE', #7959 ) ;
#10498 = ORIENTED_EDGE ( 'NONE', *, *, #3681, .T. ) ;
#10499 = DIRECTION ( 'NONE',  ( -1.299418334065024626E-16, 1.000000000000000000, 0.000000000000000000 ) ) ;
#10500 = ORIENTED_EDGE ( 'NONE', *, *, #2678, .F. ) ;
#10501 = ORIENTED_EDGE ( 'NONE', *, *, #432, .F. ) ;
#10502 = CARTESIAN_POINT ( 'NONE',  ( 39.24999955999999912, 36.24999955999999912, -3.100000000000000533 ) ) ;
#10503 = AXIS2_PLACEMENT_3D ( 'NONE', #10376, #9661, #8362 ) ;
#10504 = DIRECTION ( 'NONE',  ( -0.000000000000000000, 0.000000000000000000, 1.000000000000000000 ) ) ;
#10505 = VECTOR ( 'NONE', #1412, 1000.000000000000000 ) ;
#10506 = CARTESIAN_POINT ( 'NONE',  ( 64.95000000000000284, 24.29999999999999716, 0.5253709514437898687 ) ) ;
#10507 = LINE ( 'NONE', #369, #6304 ) ;
#10508 = ADVANCED_FACE ( 'NONE', ( #7054 ), #449, .F. ) ;
#10509 = CONICAL_SURFACE ( 'NONE', #1585, 0.6999999999999988454, 0.7853981633974482790 ) ;
#10510 = LINE ( 'NONE', #3438, #2576 ) ;
#10511 = DIRECTION ( 'NONE',  ( -1.000000000000000000, -1.299418334065024133E-16, 0.000000000000000000 ) ) ;
#10512 = VECTOR ( 'NONE', #3644, 1000.000000000000000 ) ;
#10513 = VERTEX_POINT ( 'NONE', #1069 ) ;
#10514 = AXIS2_PLACEMENT_3D ( 'NONE', #11722, #2740, #5798 ) ;
#10515 = VECTOR ( 'NONE', #3981, 1000.000000000000000 ) ;
#10516 = ORIENTED_EDGE ( 'NONE', *, *, #7426, .F. ) ;
#10517 = ORIENTED_EDGE ( 'NONE', *, *, #9963, .F. ) ;
#10518 = DIRECTION ( 'NONE',  ( 0.000000000000000000, 0.000000000000000000, 1.000000000000000000 ) ) ;
#10519 = DIRECTION ( 'NONE',  ( 0.000000000000000000, 0.000000000000000000, 1.000000000000000000 ) ) ;
#10520 = ORIENTED_EDGE ( 'NONE', *, *, #7601, .F. ) ;
#10521 = ORIENTED_EDGE ( 'NONE', *, *, #1040, .F. ) ;
#10522 = CARTESIAN_POINT ( 'NONE',  ( 73.38799999999999102, 65.71099999999999852, -4.000000000000000000 ) ) ;
#10523 = DIRECTION ( 'NONE',  ( -1.299418334065024626E-16, 1.000000000000000000, 0.000000000000000000 ) ) ;
#10524 = CARTESIAN_POINT ( 'NONE',  ( 74.64999999999997726, 64.96099999999999852, -3.000000000000000000 ) ) ;
#10525 = AXIS2_PLACEMENT_3D ( 'NONE', #7800, #8904, #12884 ) ;
#10526 = EDGE_CURVE ( 'NONE', #8210, #12254, #5699, .T. ) ;
#10527 = CARTESIAN_POINT ( 'NONE',  ( 53.25000000000000000, 28.85000000000000853, 5.925518941756209301 ) ) ;
#10528 = DIRECTION ( 'NONE',  ( 1.299418334065024133E-16, -1.000000000000000000, 0.000000000000000000 ) ) ;
#10529 = EDGE_CURVE ( 'NONE', #9062, #9124, #5036, .T. ) ;
#10530 = CARTESIAN_POINT ( 'NONE',  ( 70.94999999999997442, 48.70000000000000995, 4.999999999999998224 ) ) ;
#10531 = CARTESIAN_POINT ( 'NONE',  ( 74.64999999999997726, 64.96099999999999852, -1.600000000000000311 ) ) ;
#10532 = EDGE_CURVE ( 'NONE', #9652, #3935, #4066, .T. ) ;
#10533 = DIRECTION ( 'NONE',  ( -0.000000000000000000, -0.000000000000000000, -1.000000000000000000 ) ) ;
#10534 = ORIENTED_EDGE ( 'NONE', *, *, #11576, .T. ) ;
#10535 = DIRECTION ( 'NONE',  ( -0.000000000000000000, -1.000000000000000000, -0.000000000000000000 ) ) ;
#10536 = CARTESIAN_POINT ( 'NONE',  ( 62.64999999999998437, 24.29998799999999548, 5.999999999999999112 ) ) ;
#10537 = ADVANCED_FACE ( 'NONE', ( #10029 ), #1133, .F. ) ;
#10538 = DIRECTION ( 'NONE',  ( -6.484876772350056834E-16, -1.000000000000000000, 0.000000000000000000 ) ) ;
#10539 = ADVANCED_FACE ( 'NONE', ( #2443 ), #3540, .F. ) ;
#10540 = ADVANCED_FACE ( 'NONE', ( #480 ), #5299, .T. ) ;
#10541 = ADVANCED_FACE ( 'NONE', ( #4574 ), #11284, .F. ) ;
#10542 = EDGE_CURVE ( 'NONE', #306, #5568, #7712, .T. ) ;
#10543 = EDGE_CURVE ( 'NONE', #9196, #5353, #9269, .T. ) ;
#10544 = ORIENTED_EDGE ( 'NONE', *, *, #5935, .F. ) ;
#10545 = CARTESIAN_POINT ( 'NONE',  ( 30.59999999999999432, 29.00000000000000000, 44.50000000000000711 ) ) ;
#10546 = DIRECTION ( 'NONE',  ( -0.000000000000000000, -0.000000000000000000, 1.000000000000000000 ) ) ;
#10547 = ORIENTED_EDGE ( 'NONE', *, *, #12462, .T. ) ;
#10548 = DIRECTION ( 'NONE',  ( -0.7071067811865425767, 0.000000000000000000, 0.7071067811865524577 ) ) ;
#10549 = VERTEX_POINT ( 'NONE', #11477 ) ;
#10550 = DIRECTION ( 'NONE',  ( -1.000000000000000000, 0.000000000000000000, 0.000000000000000000 ) ) ;
#10551 = ORIENTED_EDGE ( 'NONE', *, *, #6964, .F. ) ;
#10552 = ORIENTED_EDGE ( 'NONE', *, *, #9190, .F. ) ;
#10553 = ORIENTED_EDGE ( 'NONE', *, *, #1804, .F. ) ;
#10554 = CARTESIAN_POINT ( 'NONE',  ( 53.19999999999998153, 69.95000000000000284, 6.499999999999999112 ) ) ;
#10555 = ORIENTED_EDGE ( 'NONE', *, *, #1489, .T. ) ;
#10556 = ORIENTED_EDGE ( 'NONE', *, *, #2352, .F. ) ;
#10557 = CARTESIAN_POINT ( 'NONE',  ( 37.74999955999999912, 62.75000043999999377, -3.100000000000000533 ) ) ;
#10558 = ORIENTED_EDGE ( 'NONE', *, *, #9744, .T. ) ;
#10559 = CARTESIAN_POINT ( 'NONE',  ( 54.94999999999998863, 24.29999999999999361, 5.999999999999999112 ) ) ;
#10560 = CARTESIAN_POINT ( 'NONE',  ( 65.75000043999999377, 48.74999999999999289, -4.000000000000000000 ) ) ;
#10561 = ORIENTED_EDGE ( 'NONE', *, *, #9653, .T. ) ;
#10562 = DIRECTION ( 'NONE',  ( 0.000000000000000000, 0.000000000000000000, -1.000000000000000000 ) ) ;
#10563 = ORIENTED_EDGE ( 'NONE', *, *, #12223, .F. ) ;
#10564 = CARTESIAN_POINT ( 'NONE',  ( 37.74999955999999912, 62.75000043999999377, -4.000000000000000000 ) ) ;
#10565 = ORIENTED_EDGE ( 'NONE', *, *, #12066, .F. ) ;
#10566 = ORIENTED_EDGE ( 'NONE', *, *, #11147, .F. ) ;
#10567 = FACE_OUTER_BOUND ( 'NONE', #3920, .T. ) ;
#10568 = CARTESIAN_POINT ( 'NONE',  ( 28.30000000000001137, 24.29999999999999005, -4.499999999999993783 ) ) ;
#10569 = CARTESIAN_POINT ( 'NONE',  ( 50.19999999999998153, 75.25000000000000000, 8.499999999999998224 ) ) ;
#10570 = FACE_OUTER_BOUND ( 'NONE', #11915, .T. ) ;
#10571 = VECTOR ( 'NONE', #9183, 1000.000000000000000 ) ;
#10572 = CARTESIAN_POINT ( 'NONE',  ( 70.59900000000000375, 69.74999999999998579, -4.000000000000003553 ) ) ;
#10573 = FACE_OUTER_BOUND ( 'NONE', #5167, .T. ) ;
#10574 = CARTESIAN_POINT ( 'NONE',  ( 51.94999999999998153, 36.45000000000000284, 6.499999999999999112 ) ) ;
#10575 = ORIENTED_EDGE ( 'NONE', *, *, #11817, .T. ) ;
#10576 = EDGE_LOOP ( 'NONE', ( #3969, #3587, #4285, #12452, #7741, #4257, #5738, #12033 ) ) ;
#10577 = ORIENTED_EDGE ( 'NONE', *, *, #12536, .F. ) ;
#10578 = CARTESIAN_POINT ( 'NONE',  ( 74.64999999999997726, 62.92200000000001836, -4.000000000000003553 ) ) ;
#10579 = EDGE_CURVE ( 'NONE', #1587, #8547, #10491, .T. ) ;
#10580 = DIRECTION ( 'NONE',  ( -0.000000000000000000, -0.000000000000000000, 1.000000000000000000 ) ) ;
#10581 = ORIENTED_EDGE ( 'NONE', *, *, #2196, .T. ) ;
#10582 = AXIS2_PLACEMENT_3D ( 'NONE', #10003, #8911, #11983 ) ;
#10583 = ORIENTED_EDGE ( 'NONE', *, *, #8548, .T. ) ;
#10584 = DIRECTION ( 'NONE',  ( -0.000000000000000000, -1.000000000000000000, -0.000000000000000000 ) ) ;
#10585 = DIRECTION ( 'NONE',  ( -1.000000000000000000, 0.000000000000000000, 0.000000000000000000 ) ) ;
#10586 = CARTESIAN_POINT ( 'NONE',  ( 62.75000043999999377, 39.24999955999999912, -3.100000000000000533 ) ) ;
#10587 = EDGE_CURVE ( 'NONE', #10643, #2371, #5424, .T. ) ;
#10588 = DIRECTION ( 'NONE',  ( -0.000000000000000000, -1.000000000000000000, -0.000000000000000000 ) ) ;
#10589 = AXIS2_PLACEMENT_3D ( 'NONE', #8966, #11975, #4035 ) ;
#10590 = VECTOR ( 'NONE', #2068, 1000.000000000000000 ) ;
#10591 = LINE ( 'NONE', #9690, #11972 ) ;
#10592 = DIRECTION ( 'NONE',  ( 0.000000000000000000, 0.000000000000000000, -1.000000000000000000 ) ) ;
#10593 = CARTESIAN_POINT ( 'NONE',  ( 54.14999999999999147, 24.29998799999999548, 0.02537095144378743658 ) ) ;
#10594 = DIRECTION ( 'NONE',  ( -1.000000000000000000, 0.000000000000000000, 0.000000000000000000 ) ) ;
#10595 = DIRECTION ( 'NONE',  ( 0.000000000000000000, 0.000000000000000000, -1.000000000000000000 ) ) ;
#10596 = ORIENTED_EDGE ( 'NONE', *, *, #3383, .F. ) ;
#10597 = CIRCLE ( 'NONE', #8936, 4.000000000000000000 ) ;
#10598 = CARTESIAN_POINT ( 'NONE',  ( 77.19999999999998863, 28.29999999999999716, 9.999999999999998224 ) ) ;
#10599 = DIRECTION ( 'NONE',  ( -0.000000000000000000, 0.000000000000000000, 1.000000000000000000 ) ) ;
#10600 = CIRCLE ( 'NONE', #7072, 1.500000000000001332 ) ;
#10601 = DIRECTION ( 'NONE',  ( 0.000000000000000000, 0.000000000000000000, 1.000000000000000000 ) ) ;
#10602 = EDGE_CURVE ( 'NONE', #8848, #948, #1590, .T. ) ;
#10603 = EDGE_CURVE ( 'NONE', #8765, #224, #867, .T. ) ;
#10604 = ORIENTED_EDGE ( 'NONE', *, *, #11755, .F. ) ;
#10605 = PLANE ( 'NONE',  #12401 ) ;
#10606 = VECTOR ( 'NONE', #9332, 1000.000000000000000 ) ;
#10607 = DIRECTION ( 'NONE',  ( -1.000000000000000000, -1.299418334065024380E-16, 0.000000000000000000 ) ) ;
#10608 = VERTEX_POINT ( 'NONE', #8346 ) ;
#10609 = CARTESIAN_POINT ( 'NONE',  ( 74.18999999999998352, 65.71099999999999852, -3.000000000000000000 ) ) ;
#10610 = ORIENTED_EDGE ( 'NONE', *, *, #7821, .T. ) ;
#10611 = EDGE_CURVE ( 'NONE', #6969, #10837, #8420, .T. ) ;
#10612 = CARTESIAN_POINT ( 'NONE',  ( 76.25000000000000000, 25.75000000000000000, 0.000000000000000000 ) ) ;
#10613 = ORIENTED_EDGE ( 'NONE', *, *, #9195, .T. ) ;
#10614 = ORIENTED_EDGE ( 'NONE', *, *, #8179, .F. ) ;
#10615 = ADVANCED_FACE ( 'NONE', ( #1401 ), #10304, .F. ) ;
#10616 = VERTEX_POINT ( 'NONE', #10427 ) ;
#10617 = EDGE_CURVE ( 'NONE', #10092, #2313, #5358, .T. ) ;
#10618 = VECTOR ( 'NONE', #9719, 1000.000000000000000 ) ;
#10619 = ORIENTED_EDGE ( 'NONE', *, *, #1490, .T. ) ;
#10620 = DIRECTION ( 'NONE',  ( 1.000000000000000000, 0.000000000000000000, 0.000000000000000000 ) ) ;
#10621 = ADVANCED_FACE ( 'NONE', ( #12328 ), #8120, .F. ) ;
#10622 = ORIENTED_EDGE ( 'NONE', *, *, #894, .T. ) ;
#10623 = DIRECTION ( 'NONE',  ( 1.000000000000000000, 1.299418334065024626E-16, 0.000000000000000000 ) ) ;
#10624 = VECTOR ( 'NONE', #2092, 1000.000000000000000 ) ;
#10625 = LINE ( 'NONE', #11612, #3356 ) ;
#10626 = EDGE_CURVE ( 'NONE', #2234, #1459, #12090, .T. ) ;
#10627 = VERTEX_POINT ( 'NONE', #6404 ) ;
#10628 = DIRECTION ( 'NONE',  ( -0.7071067811865524577, 0.000000000000000000, -0.7071067811865426878 ) ) ;
#10629 = ORIENTED_EDGE ( 'NONE', *, *, #7235, .T. ) ;
#10630 = DIRECTION ( 'NONE',  ( -1.000000000000000000, 0.000000000000000000, 0.000000000000000000 ) ) ;
#10631 = ORIENTED_EDGE ( 'NONE', *, *, #10211, .F. ) ;
#10632 = VERTEX_POINT ( 'NONE', #11413 ) ;
#10633 = DIRECTION ( 'NONE',  ( 1.000000000000000000, 0.000000000000000000, 0.000000000000000000 ) ) ;
#10634 = VECTOR ( 'NONE', #3038, 1000.000000000000000 ) ;
#10635 = CIRCLE ( 'NONE', #11476, 1.000000000000000000 ) ;
#10636 = DIRECTION ( 'NONE',  ( 1.299418334065024873E-16, -1.000000000000000000, -0.000000000000000000 ) ) ;
#10637 = LINE ( 'NONE', #6737, #12518 ) ;
#10638 = DIRECTION ( 'NONE',  ( 0.000000000000000000, 0.000000000000000000, -1.000000000000000000 ) ) ;
#10639 = PLANE ( 'NONE',  #12769 ) ;
#10640 = FACE_OUTER_BOUND ( 'NONE', #11222, .T. ) ;
#10641 = CARTESIAN_POINT ( 'NONE',  ( 65.14999999999999147, 25.75000000000000000, 0.5253709514437903128 ) ) ;
#10642 = VECTOR ( 'NONE', #5937, 1000.000000000000000 ) ;
#10643 = VERTEX_POINT ( 'NONE', #10361 ) ;
#10644 = AXIS2_PLACEMENT_3D ( 'NONE', #6671, #9594, #7704 ) ;
#10645 = ORIENTED_EDGE ( 'NONE', *, *, #4331, .F. ) ;
#10646 = EDGE_LOOP ( 'NONE', ( #5476, #9326, #4390, #11878 ) ) ;
#10647 = LINE ( 'NONE', #2782, #9226 ) ;
#10648 = FACE_OUTER_BOUND ( 'NONE', #7319, .T. ) ;
#10649 = ORIENTED_EDGE ( 'NONE', *, *, #6011, .T. ) ;
#10650 = ORIENTED_EDGE ( 'NONE', *, *, #6178, .T. ) ;
#10651 = FACE_OUTER_BOUND ( 'NONE', #8869, .T. ) ;
#10652 = CARTESIAN_POINT ( 'NONE',  ( 34.74999955999999202, 51.75000000000000000, -3.100000000000000533 ) ) ;
#10653 = AXIS2_PLACEMENT_3D ( 'NONE', #10264, #6303, #4222 ) ;
#10654 = CARTESIAN_POINT ( 'NONE',  ( 39.24999955999999912, 36.24999955999999912, -4.000000000000000000 ) ) ;
#10655 = CARTESIAN_POINT ( 'NONE',  ( 59.19999999999998153, 68.45000000000000284, 4.999999999999998224 ) ) ;
#10656 = EDGE_CURVE ( 'NONE', #4727, #6278, #12458, .T. ) ;
#10657 = DIRECTION ( 'NONE',  ( -0.7071067811865474617, -0.7071067811865474617, 0.000000000000000000 ) ) ;
#10658 = AXIS2_PLACEMENT_3D ( 'NONE', #9692, #5849, #11836 ) ;
#10659 = DIRECTION ( 'NONE',  ( 0.000000000000000000, 0.000000000000000000, -1.000000000000000000 ) ) ;
#10660 = FACE_OUTER_BOUND ( 'NONE', #7679, .T. ) ;
#10661 = VECTOR ( 'NONE', #6437, 1000.000000000000000 ) ;
#10662 = DIRECTION ( 'NONE',  ( 0.000000000000000000, 0.000000000000000000, -1.000000000000000000 ) ) ;
#10663 = CARTESIAN_POINT ( 'NONE',  ( 24.30000000000000426, 55.74999999999999289, 1.100000659999999852 ) ) ;
#10664 = ORIENTED_EDGE ( 'NONE', *, *, #3513, .T. ) ;
#10665 = EDGE_CURVE ( 'NONE', #7620, #10608, #9382, .T. ) ;
#10666 = CARTESIAN_POINT ( 'NONE',  ( 77.69999999999998863, 41.90749664306598987, -0.3000000000000007105 ) ) ;
#10667 = LINE ( 'NONE', #5794, #5750 ) ;
#10668 = ORIENTED_EDGE ( 'NONE', *, *, #11424, .F. ) ;
#10669 = EDGE_CURVE ( 'NONE', #3124, #9635, #3925, .T. ) ;
#10670 = FACE_OUTER_BOUND ( 'NONE', #10072, .T. ) ;
#10671 = CIRCLE ( 'NONE', #2367, 2.000000000000001776 ) ;
#10672 = EDGE_CURVE ( 'NONE', #826, #10122, #3866, .T. ) ;
#10673 = VECTOR ( 'NONE', #189, 1000.000000000000000 ) ;
#10674 = CARTESIAN_POINT ( 'NONE',  ( 55.64999999999999147, 25.75000000000000000, 5.999999999999999112 ) ) ;
#10675 = CARTESIAN_POINT ( 'NONE',  ( 25.84999999999998721, 73.25000000000000000, -1.600000000000000755 ) ) ;
#10676 = ORIENTED_EDGE ( 'NONE', *, *, #6088, .T. ) ;
#10677 = CARTESIAN_POINT ( 'NONE',  ( 43.19999999999998153, 37.45000000000000284, 8.499999999999998224 ) ) ;
#10678 = EDGE_LOOP ( 'NONE', ( #6813, #11021, #3209, #12043 ) ) ;
#10679 = VECTOR ( 'NONE', #9596, 1000.000000000000000 ) ;
#10680 = CARTESIAN_POINT ( 'NONE',  ( 29.35000000000000142, 32.25000000000000000, -1.600000000000000311 ) ) ;
#10681 = ORIENTED_EDGE ( 'NONE', *, *, #11979, .T. ) ;
#10682 = AXIS2_PLACEMENT_3D ( 'NONE', #8011, #940, #3205 ) ;
#10683 = ORIENTED_EDGE ( 'NONE', *, *, #1882, .F. ) ;
#10684 = AXIS2_PLACEMENT_3D ( 'NONE', #3289, #2174, #2110 ) ;
#10685 = DIRECTION ( 'NONE',  ( 0.000000000000000000, 1.000000000000000000, 0.000000000000000000 ) ) ;
#10686 = FACE_OUTER_BOUND ( 'NONE', #2802, .T. ) ;
#10687 = AXIS2_PLACEMENT_3D ( 'NONE', #979, #6036, #4091 ) ;
#10688 = CARTESIAN_POINT ( 'NONE',  ( 58.14999999999999147, 24.29998799999999548, 6.499999999999999112 ) ) ;
#10689 = EDGE_CURVE ( 'NONE', #1966, #5929, #7629, .T. ) ;
#10690 = ORIENTED_EDGE ( 'NONE', *, *, #12429, .T. ) ;
#10691 = VECTOR ( 'NONE', #7240, 1000.000000000000000 ) ;
#10692 = VECTOR ( 'NONE', #2820, 1000.000000000000000 ) ;
#10693 = PLANE ( 'NONE',  #8393 ) ;
#10694 = DIRECTION ( 'NONE',  ( 0.000000000000000000, 1.000000000000000000, 0.000000000000000000 ) ) ;
#10695 = ORIENTED_EDGE ( 'NONE', *, *, #10115, .T. ) ;
#10696 = CARTESIAN_POINT ( 'NONE',  ( 69.94999999999997442, 48.70000000000000995, 8.499999999999998224 ) ) ;
#10697 = ORIENTED_EDGE ( 'NONE', *, *, #5050, .F. ) ;
#10698 = CARTESIAN_POINT ( 'NONE',  ( 75.25000000000000000, 51.44999999999999574, 6.499999999999999112 ) ) ;
#10699 = ORIENTED_EDGE ( 'NONE', *, *, #10363, .T. ) ;
#10700 = EDGE_CURVE ( 'NONE', #5803, #1360, #5749, .T. ) ;
#10701 = EDGE_LOOP ( 'NONE', ( #5567, #16, #3329, #11597 ) ) ;
#10702 = CARTESIAN_POINT ( 'NONE',  ( 56.14999999999999147, 25.75000000000000000, 0.02537095144379032663 ) ) ;
#10703 = ADVANCED_FACE ( 'NONE', ( #6848 ), #798, .F. ) ;
#10704 = AXIS2_PLACEMENT_3D ( 'NONE', #4652, #9524, #806 ) ;
#10705 = VECTOR ( 'NONE', #2710, 1000.000000000000000 ) ;
#10706 = CARTESIAN_POINT ( 'NONE',  ( 50.19999999999998153, 69.95000000000000284, 6.499999999999999112 ) ) ;
#10707 = DIRECTION ( 'NONE',  ( 0.000000000000000000, 0.000000000000000000, -1.000000000000000000 ) ) ;
#10708 = EDGE_CURVE ( 'NONE', #3034, #12013, #11545, .T. ) ;
#10709 = CARTESIAN_POINT ( 'NONE',  ( 72.64999999999999147, 34.25000000000000000, -1.600000000000004086 ) ) ;
#10710 = ADVANCED_FACE ( 'NONE', ( #4775 ), #11798, .F. ) ;
#10711 = AXIS2_PLACEMENT_3D ( 'NONE', #7790, #3707, #1743 ) ;
#10712 = EDGE_CURVE ( 'NONE', #36, #2167, #6656, .T. ) ;
#10713 = DIRECTION ( 'NONE',  ( 0.000000000000000000, -1.172110456741089772E-16, 1.000000000000000000 ) ) ;
#10714 = DIRECTION ( 'NONE',  ( -1.000000000000000000, 0.000000000000000000, 0.000000000000000000 ) ) ;
#10715 = EDGE_CURVE ( 'NONE', #3388, #8730, #8335, .T. ) ;
#10716 = CARTESIAN_POINT ( 'NONE',  ( 64.14999999999999147, 25.75000000000000000, 0.5253709514437903128 ) ) ;
#10717 = AXIS2_PLACEMENT_3D ( 'NONE', #11416, #6406, #10306 ) ;
#10718 = ORIENTED_EDGE ( 'NONE', *, *, #611, .F. ) ;
#10719 = EDGE_LOOP ( 'NONE', ( #11679, #8785, #5278, #10371 ) ) ;
#10720 = ORIENTED_EDGE ( 'NONE', *, *, #1490, .F. ) ;
#10721 = CARTESIAN_POINT ( 'NONE',  ( 56.14999999999999147, 24.29999999999999361, 6.499999999999999112 ) ) ;
#10722 = AXIS2_PLACEMENT_3D ( 'NONE', #8359, #9139, #8289 ) ;
#10723 = CARTESIAN_POINT ( 'NONE',  ( 56.14999999999999147, 25.75000000000000000, 0.02537095144379032663 ) ) ;
#10724 = ORIENTED_EDGE ( 'NONE', *, *, #7596, .F. ) ;
#10725 = VERTEX_POINT ( 'NONE', #10816 ) ;
#10726 = CARTESIAN_POINT ( 'NONE',  ( 74.64999999999997726, 69.74999999999998579, -4.000000000000000000 ) ) ;
#10727 = AXIS2_PLACEMENT_3D ( 'NONE', #10917, #8042, #4023 ) ;
#10728 = DIRECTION ( 'NONE',  ( -0.000000000000000000, -0.000000000000000000, -1.000000000000000000 ) ) ;
#10729 = LINE ( 'NONE', #5783, #5469 ) ;
#10730 = CIRCLE ( 'NONE', #1166, 1.250000000000001110 ) ;
#10731 = FACE_OUTER_BOUND ( 'NONE', #2246, .T. ) ;
#10732 = VECTOR ( 'NONE', #9560, 1000.000000000000000 ) ;
#10733 = VECTOR ( 'NONE', #7476, 1000.000000000000000 ) ;
#10734 = LINE ( 'NONE', #9614, #3080 ) ;
#10735 = DIRECTION ( 'NONE',  ( -0.000000000000000000, 0.000000000000000000, 1.000000000000000000 ) ) ;
#10736 = PLANE ( 'NONE',  #12122 ) ;
#10737 = CARTESIAN_POINT ( 'NONE',  ( 25.74999999999998579, -3.538148871794278250E-15, 4.499999999999999112 ) ) ;
#10738 = FACE_OUTER_BOUND ( 'NONE', #7888, .T. ) ;
#10739 = ORIENTED_EDGE ( 'NONE', *, *, #2671, .T. ) ;
#10740 = DIRECTION ( 'NONE',  ( -1.000000000000000000, 0.000000000000000000, 0.000000000000000000 ) ) ;
#10741 = VECTOR ( 'NONE', #11841, 1000.000000000000000 ) ;
#10742 = DIRECTION ( 'NONE',  ( 1.000000000000000000, -0.000000000000000000, 0.000000000000000000 ) ) ;
#10743 = AXIS2_PLACEMENT_3D ( 'NONE', #10329, #9154, #4288 ) ;
#10744 = ORIENTED_EDGE ( 'NONE', *, *, #3245, .T. ) ;
#10745 = CARTESIAN_POINT ( 'NONE',  ( 24.30000000000000426, 46.54999999999999716, 2.100000660000000519 ) ) ;
#10746 = CYLINDRICAL_SURFACE ( 'NONE', #1796, 0.7500000000000006661 ) ;
#10747 = COORDINATED_UNIVERSAL_TIME_OFFSET ( 8, 0, .AHEAD. ) ;
#10748 = DIRECTION ( 'NONE',  ( 0.000000000000000000, 1.000000000000000000, 0.000000000000000000 ) ) ;
#10749 = ORIENTED_EDGE ( 'NONE', *, *, #5976, .F. ) ;
#10750 = CARTESIAN_POINT ( 'NONE',  ( 28.24999999999998224, 31.75000000000000000, 0.000000000000000000 ) ) ;
#10751 = ORIENTED_EDGE ( 'NONE', *, *, #8152, .T. ) ;
#10752 = CARTESIAN_POINT ( 'NONE',  ( 28.74999999999999289, 73.25000000000000000, -1.600000000000000755 ) ) ;
#10753 = ORIENTED_EDGE ( 'NONE', *, *, #10689, .T. ) ;
#10754 = ORIENTED_EDGE ( 'NONE', *, *, #2670, .F. ) ;
#10755 = ADVANCED_FACE ( 'NONE', ( #12712 ), #11609, .F. ) ;
#10756 = DIRECTION ( 'NONE',  ( 1.000000000000000000, 0.000000000000000000, 0.000000000000000000 ) ) ;
#10757 = PLANE ( 'NONE',  #1979 ) ;
#10758 = DIRECTION ( 'NONE',  ( 0.000000000000000000, 0.000000000000000000, 1.000000000000000000 ) ) ;
#10759 = ORIENTED_EDGE ( 'NONE', *, *, #10040, .F. ) ;
#10760 = DIRECTION ( 'NONE',  ( 1.000000000000000000, -0.000000000000000000, 0.000000000000000000 ) ) ;
#10761 = CARTESIAN_POINT ( 'NONE',  ( 69.25000000000000000, 43.24999999999999289, 0.000000000000000000 ) ) ;
#10762 = VERTEX_POINT ( 'NONE', #2756 ) ;
#10763 = CARTESIAN_POINT ( 'NONE',  ( 69.79999999999999716, 25.75000000000000000, -1.600000000000000311 ) ) ;
#10764 = ORIENTED_EDGE ( 'NONE', *, *, #4468, .T. ) ;
#10765 = LINE ( 'NONE', #11616, #10902 ) ;
#10766 = EDGE_LOOP ( 'NONE', ( #10534, #2902, #4342, #10555, #9638, #10552, #12872, #10025, #4054, #2680, #10936, #129, #7003, #11404, #6129, #12496, #3360, #6217, #7059, #5413, #6918, #3213, #12765, #8341, #2437, #961, #68, #6842, #164, #7190, #4618, #4013, #11013, #8265, #12425, #2042, #654, #2298, #5998, #1337 ) ) ;
#10767 = ORIENTED_EDGE ( 'NONE', *, *, #7778, .F. ) ;
#10768 = LINE ( 'NONE', #1724, #963 ) ;
#10769 = CYLINDRICAL_SURFACE ( 'NONE', #9885, 0.5000000000000004441 ) ;
#10770 = LINE ( 'NONE', #11623, #2755 ) ;
#10771 = DIRECTION ( 'NONE',  ( -0.000000000000000000, -0.000000000000000000, -1.000000000000000000 ) ) ;
#10772 = CARTESIAN_POINT ( 'NONE',  ( 73.69999999999998863, 28.29999999999999716, -4.499999999999993783 ) ) ;
#10773 = EDGE_CURVE ( 'NONE', #3270, #5601, #10831, .T. ) ;
#10774 = CYLINDRICAL_SURFACE ( 'NONE', #8201, 2.899999999999999911 ) ;
#10775 = ADVANCED_FACE ( 'NONE', ( #9643 ), #3806, .F. ) ;
#10776 = DIRECTION ( 'NONE',  ( -0.000000000000000000, -1.000000000000000000, -0.000000000000000000 ) ) ;
#10777 = ORIENTED_EDGE ( 'NONE', *, *, #7807, .F. ) ;
#10778 = EDGE_LOOP ( 'NONE', ( #10420, #6534, #57, #6281 ) ) ;
#10779 = ORIENTED_EDGE ( 'NONE', *, *, #3562, .T. ) ;
#10780 = FACE_OUTER_BOUND ( 'NONE', #8075, .T. ) ;
#10781 = EDGE_CURVE ( 'NONE', #525, #6752, #5017, .T. ) ;
#10782 = DIRECTION ( 'NONE',  ( -1.299418334065024626E-16, 1.000000000000000000, 0.000000000000000000 ) ) ;
#10783 = EDGE_LOOP ( 'NONE', ( #11683, #8258, #1125, #6233 ) ) ;
#10784 = VERTEX_POINT ( 'NONE', #6594 ) ;
#10785 = ADVANCED_FACE ( 'NONE', ( #7753 ), #2821, .F. ) ;
#10786 = CARTESIAN_POINT ( 'NONE',  ( 62.45000000000000284, 24.29999999999999361, 5.999999999999999112 ) ) ;
#10787 = CARTESIAN_POINT ( 'NONE',  ( 32.24999999999998579, 71.75000000000000000, -1.600000000000000311 ) ) ;
#10788 = AXIS2_PLACEMENT_3D ( 'NONE', #10412, #11340, #4559 ) ;
#10789 = CARTESIAN_POINT ( 'NONE',  ( 65.75000043999999377, 62.75000043999999377, -4.000000000000000000 ) ) ;
#10790 = ADVANCED_FACE ( 'NONE', ( #3735 ), #11044, .F. ) ;
#10791 = EDGE_CURVE ( 'NONE', #1008, #4460, #6720, .T. ) ;
#10792 = DIRECTION ( 'NONE',  ( -0.000000000000000000, -1.000000000000000000, -0.000000000000000000 ) ) ;
#10793 = DIRECTION ( 'NONE',  ( 0.000000000000000000, -1.000000000000000000, 0.000000000000000000 ) ) ;
#10794 = DIRECTION ( 'NONE',  ( 0.000000000000000000, 0.000000000000000000, 1.000000000000000000 ) ) ;
#10795 = VECTOR ( 'NONE', #7999, 1000.000000000000000 ) ;
#10796 = DIRECTION ( 'NONE',  ( -0.000000000000000000, 0.000000000000000000, -1.000000000000000000 ) ) ;
#10797 = DIRECTION ( 'NONE',  ( -0.000000000000000000, -0.000000000000000000, 1.000000000000000000 ) ) ;
#10798 = LINE ( 'NONE', #9816, #12829 ) ;
#10799 = EDGE_LOOP ( 'NONE', ( #11637, #4708, #11952, #9901 ) ) ;
#10800 = CARTESIAN_POINT ( 'NONE',  ( 48.74999999999999289, 65.75000043999999377, -3.100000000000000533 ) ) ;
#10801 = DIRECTION ( 'NONE',  ( 0.000000000000000000, 0.000000000000000000, -1.000000000000000000 ) ) ;
#10802 = ORIENTED_EDGE ( 'NONE', *, *, #3626, .F. ) ;
#10803 = DIRECTION ( 'NONE',  ( -0.000000000000000000, -0.000000000000000000, 1.000000000000000000 ) ) ;
#10804 = EDGE_CURVE ( 'NONE', #11118, #7933, #5943, .T. ) ;
#10805 = VECTOR ( 'NONE', #7569, 999.9999999999998863 ) ;
#10806 = DIRECTION ( 'NONE',  ( 1.000000000000000000, 0.000000000000000000, 0.000000000000000000 ) ) ;
#10807 = ORIENTED_EDGE ( 'NONE', *, *, #1580, .F. ) ;
#10808 = CARTESIAN_POINT ( 'NONE',  ( 29.00000000000000000, 73.00000000000000000, 6.499999999999999112 ) ) ;
#10809 = AXIS2_PLACEMENT_3D ( 'NONE', #5335, #6114, #7346 ) ;
#10810 = ORIENTED_EDGE ( 'NONE', *, *, #3242, .T. ) ;
#10811 = AXIS2_PLACEMENT_3D ( 'NONE', #6447, #2348, #4306 ) ;
#10812 = PLANE ( 'NONE',  #12191 ) ;
#10813 = ORIENTED_EDGE ( 'NONE', *, *, #3842, .F. ) ;
#10814 = FACE_OUTER_BOUND ( 'NONE', #9606, .T. ) ;
#10815 = DIRECTION ( 'NONE',  ( 0.000000000000000000, -0.000000000000000000, -1.000000000000000000 ) ) ;
#10816 = CARTESIAN_POINT ( 'NONE',  ( 25.74999999999999289, 47.54999999999999716, 1.100000660000000741 ) ) ;
#10817 = VECTOR ( 'NONE', #12154, 1000.000000000000000 ) ;
#10818 = ORIENTED_EDGE ( 'NONE', *, *, #10130, .T. ) ;
#10819 = LINE ( 'NONE', #11859, #7772 ) ;
#10820 = EDGE_CURVE ( 'NONE', #2313, #384, #7168, .T. ) ;
#10821 = CARTESIAN_POINT ( 'NONE',  ( 74.18999999999998352, 65.71099999999999852, -3.000000000000002665 ) ) ;
#10822 = ORIENTED_EDGE ( 'NONE', *, *, #2591, .F. ) ;
#10823 = LINE ( 'NONE', #10763, #1663 ) ;
#10824 = ORIENTED_EDGE ( 'NONE', *, *, #9472, .T. ) ;
#10825 = DIRECTION ( 'NONE',  ( -1.000000000000000000, 0.000000000000000000, -0.000000000000000000 ) ) ;
#10826 = VERTEX_POINT ( 'NONE', #8921 ) ;
#10827 = EDGE_LOOP ( 'NONE', ( #5954, #9608, #6239, #1057 ) ) ;
#10828 = CARTESIAN_POINT ( 'NONE',  ( 73.25000000000000000, 28.74999999999999645, 21.50000000000000000 ) ) ;
#10829 = VECTOR ( 'NONE', #2884, 1000.000000000000000 ) ;
#10830 = CARTESIAN_POINT ( 'NONE',  ( 28.24999999999999645, 67.74999999999998579, 4.499999999999999112 ) ) ;
#10831 = CIRCLE ( 'NONE', #12499, 0.7500000000000006661 ) ;
#10832 = CARTESIAN_POINT ( 'NONE',  ( 0.000000000000000000, 33.24999999999999289, 8.499999999999998224 ) ) ;
#10833 = DIRECTION ( 'NONE',  ( 0.000000000000000000, 0.000000000000000000, -1.000000000000000000 ) ) ;
#10834 = LINE ( 'NONE', #9795, #315 ) ;
#10835 = FACE_OUTER_BOUND ( 'NONE', #3316, .T. ) ;
#10836 = VERTEX_POINT ( 'NONE', #10878 ) ;
#10837 = VERTEX_POINT ( 'NONE', #11069 ) ;
#10838 = ORIENTED_EDGE ( 'NONE', *, *, #1180, .T. ) ;
#10840 = DIRECTION ( 'NONE',  ( 0.000000000000000000, 0.000000000000000000, 1.000000000000000000 ) ) ;
#10839 = AXIS2_PLACEMENT_3D ( 'NONE', #5279, #11335, #8402 ) ;
#10841 = DIRECTION ( 'NONE',  ( -0.000000000000000000, -0.000000000000000000, -1.000000000000000000 ) ) ;
#10842 = ORIENTED_EDGE ( 'NONE', *, *, #7988, .T. ) ;
#10843 = DESIGN_CONTEXT ( 'detailed design', #6067, 'design' ) ;
#10844 = EDGE_CURVE ( 'NONE', #8502, #1297, #6193, .T. ) ;
#10845 = ORIENTED_EDGE ( 'NONE', *, *, #8241, .F. ) ;
#10846 = DIRECTION ( 'NONE',  ( -0.000000000000000000, -0.000000000000000000, -1.000000000000000000 ) ) ;
#10847 = FACE_OUTER_BOUND ( 'NONE', #8418, .T. ) ;
#10848 = CARTESIAN_POINT ( 'NONE',  ( 28.74999999999998934, 25.84999999999999432, -1.600000000000000755 ) ) ;
#10849 = AXIS2_PLACEMENT_3D ( 'NONE', #12353, #5713, #441 ) ;
#10850 = DIRECTION ( 'NONE',  ( 0.000000000000000000, 0.000000000000000000, 1.000000000000000000 ) ) ;
#10851 = AXIS2_PLACEMENT_3D ( 'NONE', #11430, #10440, #12475 ) ;
#10852 = FACE_OUTER_BOUND ( 'NONE', #5243, .T. ) ;
#10853 = CYLINDRICAL_SURFACE ( 'NONE', #11219, 1.000000000000000000 ) ;
#10854 = LINE ( 'NONE', #2922, #4856 ) ;
#10855 = FACE_BOUND ( 'NONE', #1077, .T. ) ;
#10856 = LINE ( 'NONE', #11714, #7412 ) ;
#10857 = ORIENTED_EDGE ( 'NONE', *, *, #5705, .T. ) ;
#10858 = EDGE_CURVE ( 'NONE', #4044, #6702, #11677, .T. ) ;
#10859 = AXIS2_PLACEMENT_3D ( 'NONE', #11842, #1900, #8970 ) ;
#10860 = EDGE_CURVE ( 'NONE', #892, #2934, #11923, .T. ) ;
#10861 = DIRECTION ( 'NONE',  ( -1.299418334065024626E-16, 1.000000000000000000, 0.000000000000000000 ) ) ;
#10862 = LINE ( 'NONE', #2021, #11569 ) ;
#10863 = FACE_OUTER_BOUND ( 'NONE', #11474, .T. ) ;
#10864 = ADVANCED_FACE ( 'NONE', ( #10148 ), #9053, .F. ) ;
#10865 = ADVANCED_FACE ( 'NONE', ( #11138 ), #10081, .F. ) ;
#10866 = EDGE_CURVE ( 'NONE', #2005, #4861, #2942, .T. ) ;
#10867 = VECTOR ( 'NONE', #5795, 1000.000000000000000 ) ;
#10868 = DIRECTION ( 'NONE',  ( -0.000000000000000000, -0.000000000000000000, -1.000000000000000000 ) ) ;
#10869 = VERTEX_POINT ( 'NONE', #11002 ) ;
#10870 = CARTESIAN_POINT ( 'NONE',  ( 65.75000043999999377, 51.75000000000000000, 5.925518941756209301 ) ) ;
#10871 = VERTEX_POINT ( 'NONE', #265 ) ;
#10872 = CARTESIAN_POINT ( 'NONE',  ( 31.74999999999998579, 28.24999999999999645, 0.000000000000000000 ) ) ;
#10873 = ORIENTED_EDGE ( 'NONE', *, *, #3237, .T. ) ;
#10874 = CARTESIAN_POINT ( 'NONE',  ( 53.14999999999999147, 25.75000000000000000, 5.999999999999996447 ) ) ;
#10875 = DIRECTION ( 'NONE',  ( 0.000000000000000000, -0.000000000000000000, -1.000000000000000000 ) ) ;
#10876 = VECTOR ( 'NONE', #575, 1000.000000000000000 ) ;
#10877 = VECTOR ( 'NONE', #7860, 1000.000000000000000 ) ;
#10878 = CARTESIAN_POINT ( 'NONE',  ( 63.14999999999998437, 25.75000000000000000, 0.02537095144379032663 ) ) ;
#10879 = ORIENTED_EDGE ( 'NONE', *, *, #932, .F. ) ;
#10880 = CARTESIAN_POINT ( 'NONE',  ( 66.64999999999999147, 24.49999999999997513, 5.999999999999999112 ) ) ;
#10881 = DIRECTION ( 'NONE',  ( -0.000000000000000000, -0.000000000000000000, 1.000000000000000000 ) ) ;
#10882 = CIRCLE ( 'NONE', #7968, 0.6999999999999992895 ) ;
#10883 = ORIENTED_EDGE ( 'NONE', *, *, #9188, .F. ) ;
#10884 = CIRCLE ( 'NONE', #3413, 0.7500000000000006661 ) ;
#10885 = DIRECTION ( 'NONE',  ( 0.000000000000000000, 1.000000000000000000, 0.000000000000000000 ) ) ;
#10886 = ORIENTED_EDGE ( 'NONE', *, *, #10252, .T. ) ;
#10887 = CARTESIAN_POINT ( 'NONE',  ( 73.25000000000000000, 25.84999999999999787, 21.50000000000000000 ) ) ;
#10888 = VERTEX_POINT ( 'NONE', #5090 ) ;
#10889 = VECTOR ( 'NONE', #8762, 1000.000000000000000 ) ;
#10890 = ORIENTED_EDGE ( 'NONE', *, *, #10115, .F. ) ;
#10891 = DIRECTION ( 'NONE',  ( -0.000000000000000000, 0.000000000000000000, -1.000000000000000000 ) ) ;
#10892 = CYLINDRICAL_SURFACE ( 'NONE', #2416, 1.000000000000000000 ) ;
#10893 = CIRCLE ( 'NONE', #6746, 1.500000000000001332 ) ;
#10894 = AXIS2_PLACEMENT_3D ( 'NONE', #3246, #6164, #371 ) ;
#10895 = AXIS2_PLACEMENT_3D ( 'NONE', #5409, #6195, #2357 ) ;
#10896 = CARTESIAN_POINT ( 'NONE',  ( 71.79999999999999716, 30.25000000000000000, -4.000000000000003553 ) ) ;
#10897 = CIRCLE ( 'NONE', #5291, 0.7500000000000006661 ) ;
#10898 = CARTESIAN_POINT ( 'NONE',  ( 66.14999999999999147, 24.29998799999999548, 0.5253709514437902017 ) ) ;
#10899 = DIRECTION ( 'NONE',  ( 0.000000000000000000, -0.000000000000000000, 1.000000000000000000 ) ) ;
#10900 = CARTESIAN_POINT ( 'NONE',  ( 81.25000000000000000, 25.75000000000000000, 0.02537095144379032663 ) ) ;
#10901 = ORIENTED_EDGE ( 'NONE', *, *, #1124, .F. ) ;
#10902 = VECTOR ( 'NONE', #7698, 1000.000000000000000 ) ;
#10903 = VECTOR ( 'NONE', #8734, 1000.000000000000000 ) ;
#10904 = ORIENTED_EDGE ( 'NONE', *, *, #9579, .T. ) ;
#10905 = ORIENTED_EDGE ( 'NONE', *, *, #3200, .F. ) ;
#10906 = CARTESIAN_POINT ( 'NONE',  ( 71.49999999999998579, 32.67905841137542922, 8.499999999999998224 ) ) ;
#10907 = DIRECTION ( 'NONE',  ( 1.000000000000000000, 0.000000000000000000, 0.000000000000000000 ) ) ;
#10908 = ORIENTED_EDGE ( 'NONE', *, *, #5047, .T. ) ;
#10909 = CIRCLE ( 'NONE', #4265, 1.000000000000000888 ) ;
#10910 = ORIENTED_EDGE ( 'NONE', *, *, #8474, .T. ) ;
#10911 = EDGE_CURVE ( 'NONE', #3276, #4849, #4204, .T. ) ;
#10912 = DIRECTION ( 'NONE',  ( 1.000000000000000000, 0.000000000000000000, 0.000000000000000000 ) ) ;
#10913 = CARTESIAN_POINT ( 'NONE',  ( 60.14999999999999147, 25.75000000000000000, 6.000000000000000000 ) ) ;
#10914 = CARTESIAN_POINT ( 'NONE',  ( 28.74999999999998934, 25.84999999999999432, -5.000000000000000000 ) ) ;
#10915 = AXIS2_PLACEMENT_3D ( 'NONE', #1928, #883, #12731 ) ;
#10916 = CARTESIAN_POINT ( 'NONE',  ( 60.64999999999999147, 25.75000000000000000, 6.499999999999999112 ) ) ;
#10917 = CARTESIAN_POINT ( 'NONE',  ( 72.49999999999998579, 40.94999999999998863, 0.000000000000000000 ) ) ;
#10919 = CARTESIAN_POINT ( 'NONE',  ( 42.69999999999998153, 37.45000000000000284, 8.499999999999998224 ) ) ;
#10918 = AXIS2_PLACEMENT_3D ( 'NONE', #5124, #3042, #7009 ) ;
#10920 = FACE_BOUND ( 'NONE', #1937, .T. ) ;
#10921 = DIRECTION ( 'NONE',  ( -0.000000000000000000, -0.000000000000000000, 1.000000000000000000 ) ) ;
#10922 = ORIENTED_EDGE ( 'NONE', *, *, #7515, .T. ) ;
#10923 = DIRECTION ( 'NONE',  ( -1.000000000000000000, 0.000000000000000000, 0.000000000000000000 ) ) ;
#10924 = DIRECTION ( 'NONE',  ( 0.000000000000000000, 0.000000000000000000, -1.000000000000000000 ) ) ;
#10925 = CIRCLE ( 'NONE', #4904, 3.399999999999996803 ) ;
#10926 = CARTESIAN_POINT ( 'NONE',  ( 62.64999999999998437, 24.49999999999997158, 0.5253709514437898687 ) ) ;
#10927 = VERTEX_POINT ( 'NONE', #1244 ) ;
#10928 = CIRCLE ( 'NONE', #6360, 2.999999999999999112 ) ;
#10929 = EDGE_CURVE ( 'NONE', #5893, #2362, #997, .T. ) ;
#10930 = EDGE_CURVE ( 'NONE', #3095, #8323, #10635, .T. ) ;
#10931 = ADVANCED_FACE ( 'NONE', ( #7095 ), #7878, .F. ) ;
#10932 = DIRECTION ( 'NONE',  ( 1.374038396813312538E-16, 1.000000000000000000, -0.000000000000000000 ) ) ;
#10933 = AXIS2_PLACEMENT_3D ( 'NONE', #2859, #9805, #7789 ) ;
#10934 = VERTEX_POINT ( 'NONE', #11856 ) ;
#10935 = DIRECTION ( 'NONE',  ( 1.299418334065024873E-16, -1.000000000000000000, -0.000000000000000000 ) ) ;
#10936 = ORIENTED_EDGE ( 'NONE', *, *, #3543, .T. ) ;
#10937 = CIRCLE ( 'NONE', #5120, 0.5000000000000000000 ) ;
#10938 = AXIS2_PLACEMENT_3D ( 'NONE', #3460, #6120, #11328 ) ;
#10939 = DIRECTION ( 'NONE',  ( -0.000000000000000000, -0.000000000000000000, 1.000000000000000000 ) ) ;
#10940 = ORIENTED_EDGE ( 'NONE', *, *, #11502, .F. ) ;
#10941 = EDGE_CURVE ( 'NONE', #4888, #746, #10947, .T. ) ;
#10942 = DIRECTION ( 'NONE',  ( -0.000000000000000000, -1.000000000000000000, -0.000000000000000000 ) ) ;
#10943 = LINE ( 'NONE', #6910, #6541 ) ;
#10944 = EDGE_CURVE ( 'NONE', #478, #5834, #2034, .T. ) ;
#10945 = ADVANCED_FACE ( 'NONE', ( #75, #147 ), #1055, .T. ) ;
#10946 = EDGE_CURVE ( 'NONE', #11668, #11259, #4115, .T. ) ;
#10947 = LINE ( 'NONE', #1976, #11687 ) ;
#10948 = ADVANCED_FACE ( 'NONE', ( #6322 ), #6256, .F. ) ;
#10949 = ORIENTED_EDGE ( 'NONE', *, *, #522, .T. ) ;
#10950 = DIRECTION ( 'NONE',  ( 0.000000000000000000, 0.000000000000000000, 1.000000000000000000 ) ) ;
#10951 = DIRECTION ( 'NONE',  ( 1.000000000000000000, 1.299418334065024626E-16, 0.000000000000000000 ) ) ;
#10952 = EDGE_LOOP ( 'NONE', ( #2615, #4567, #11974, #10020 ) ) ;
#10953 = CYLINDRICAL_SURFACE ( 'NONE', #6335, 1.500000000000000000 ) ;
#10954 = EDGE_LOOP ( 'NONE', ( #10581, #9723, #3278, #10629, #8746, #2299, #3530, #2222 ) ) ;
#10955 = PLANE ( 'NONE',  #5908 ) ;
#10956 = ORIENTED_EDGE ( 'NONE', *, *, #8063, .F. ) ;
#10957 = VERTEX_POINT ( 'NONE', #702 ) ;
#10958 = PLANE ( 'NONE',  #1387 ) ;
#10959 = CARTESIAN_POINT ( 'NONE',  ( 39.24999955999999912, 62.75000043999999377, -1.500000000000000000 ) ) ;
#10960 = ORIENTED_EDGE ( 'NONE', *, *, #4388, .T. ) ;
#10961 = DIRECTION ( 'NONE',  ( 1.000000000000000000, 0.000000000000000000, 0.000000000000000000 ) ) ;
#10962 = EDGE_CURVE ( 'NONE', #1406, #2561, #2654, .T. ) ;
#10963 = CARTESIAN_POINT ( 'NONE',  ( 28.24999999999998579, 34.25000000000000000, -3.500000000000000000 ) ) ;
#10964 = DIRECTION ( 'NONE',  ( -1.000000000000000000, 0.000000000000000000, 0.000000000000000000 ) ) ;
#10965 = DIRECTION ( 'NONE',  ( -1.000000000000000000, 0.000000000000000000, 0.000000000000000000 ) ) ;
#10966 = VERTEX_POINT ( 'NONE', #8649 ) ;
#10967 = ORIENTED_EDGE ( 'NONE', *, *, #5982, .T. ) ;
#10968 = VERTEX_POINT ( 'NONE', #6689 ) ;
#10969 = CARTESIAN_POINT ( 'NONE',  ( 73.25000000000000000, 76.14999999999997726, 21.50000000000000000 ) ) ;
#10970 = DIRECTION ( 'NONE',  ( 0.000000000000000000, 0.000000000000000000, -1.000000000000000000 ) ) ;
#10971 = ORIENTED_EDGE ( 'NONE', *, *, #7036, .F. ) ;
#10972 = LINE ( 'NONE', #967, #3248 ) ;
#10973 = CARTESIAN_POINT ( 'NONE',  ( 72.44999999999997442, 52.44999999999999574, 6.499999999999999112 ) ) ;
#10974 = DIRECTION ( 'NONE',  ( -1.000000000000000000, 0.000000000000000000, 0.000000000000000000 ) ) ;
#10975 = DIRECTION ( 'NONE',  ( 0.000000000000000000, 0.000000000000000000, 1.000000000000000000 ) ) ;
#10976 = LINE ( 'NONE', #10545, #10086 ) ;
#10977 = DIRECTION ( 'NONE',  ( 0.000000000000000000, 0.000000000000000000, 1.000000000000000000 ) ) ;
#10978 = ADVANCED_FACE ( 'NONE', ( #9687 ), #4687, .F. ) ;
#10979 = DIRECTION ( 'NONE',  ( -0.000000000000000000, 0.000000000000000000, 1.000000000000000000 ) ) ;
#10980 = DIRECTION ( 'NONE',  ( -6.484876772350056834E-16, -1.000000000000000000, 0.000000000000000000 ) ) ;
#10981 = CARTESIAN_POINT ( 'NONE',  ( 73.00000000000000000, 29.00000000000000000, 6.499999999999999112 ) ) ;
#10982 = ORIENTED_EDGE ( 'NONE', *, *, #6380, .T. ) ;
#10983 = AXIS2_PLACEMENT_3D ( 'NONE', #4312, #338, #11273 ) ;
#10984 = DIRECTION ( 'NONE',  ( 0.000000000000000000, 0.000000000000000000, -1.000000000000000000 ) ) ;
#10985 = CYLINDRICAL_SURFACE ( 'NONE', #1808, 1.000000000000000000 ) ;
#10986 = VERTEX_POINT ( 'NONE', #10655 ) ;
#10987 = PLANE ( 'NONE',  #6911 ) ;
#10988 = EDGE_LOOP ( 'NONE', ( #4328, #9437, #11192, #5984 ) ) ;
#10989 = AXIS2_PLACEMENT_3D ( 'NONE', #12235, #9367, #1499 ) ;
#10990 = CARTESIAN_POINT ( 'NONE',  ( 62.64999999999998437, 24.49999999999997158, 5.999999999999999112 ) ) ;
#10991 = ORIENTED_EDGE ( 'NONE', *, *, #11026, .T. ) ;
#10992 = DIRECTION ( 'NONE',  ( -0.000000000000000000, -0.000000000000000000, 1.000000000000000000 ) ) ;
#10993 = ORIENTED_EDGE ( 'NONE', *, *, #4844, .T. ) ;
#10994 = CARTESIAN_POINT ( 'NONE',  ( 73.69999999999998863, 24.29999999999999716, -4.499999999999993783 ) ) ;
#10995 = VERTEX_POINT ( 'NONE', #1443 ) ;
#10996 = LINE ( 'NONE', #4897, #11891 ) ;
#10997 = PLANE ( 'NONE',  #11533 ) ;
#10998 = VECTOR ( 'NONE', #5000, 1000.000000000000000 ) ;
#10999 = EDGE_CURVE ( 'NONE', #8260, #2701, #8199, .T. ) ;
#11000 = ADVANCED_FACE ( 'NONE', ( #398 ), #3576, .F. ) ;
#11001 = DIRECTION ( 'NONE',  ( 0.000000000000000000, 1.000000000000000000, 0.000000000000000000 ) ) ;
#11002 = CARTESIAN_POINT ( 'NONE',  ( 56.64999999999999147, 24.49999999999999289, 0.5253709514437902017 ) ) ;
#11003 = VERTEX_POINT ( 'NONE', #3275 ) ;
#11004 = FACE_OUTER_BOUND ( 'NONE', #6794, .T. ) ;
#11005 = VECTOR ( 'NONE', #3189, 1000.000000000000000 ) ;
#11006 = CARTESIAN_POINT ( 'NONE',  ( 73.89999999999997726, 63.67200000000001836, -1.599999999999997202 ) ) ;
#11007 = EDGE_CURVE ( 'NONE', #9444, #5442, #10206, .T. ) ;
#11008 = VECTOR ( 'NONE', #1757, 1000.000000000000000 ) ;
#11009 = CIRCLE ( 'NONE', #5403, 0.6999999999999784173 ) ;
#11010 = ORIENTED_EDGE ( 'NONE', *, *, #1004, .F. ) ;
#11011 = LINE ( 'NONE', #6263, #516 ) ;
#11012 = EDGE_CURVE ( 'NONE', #6457, #4845, #877, .T. ) ;
#11013 = ORIENTED_EDGE ( 'NONE', *, *, #8394, .T. ) ;
#11014 = DIRECTION ( 'NONE',  ( 0.000000000000000000, 1.000000000000000000, 0.000000000000000000 ) ) ;
#11015 = ORIENTED_EDGE ( 'NONE', *, *, #7840, .T. ) ;
#11016 = ORIENTED_EDGE ( 'NONE', *, *, #5374, .F. ) ;
#11017 = EDGE_CURVE ( 'NONE', #803, #10927, #10346, .T. ) ;
#11018 = EDGE_CURVE ( 'NONE', #9635, #151, #7099, .T. ) ;
#11019 = DIRECTION ( 'NONE',  ( -1.000000000000000000, 0.000000000000000000, 0.000000000000000000 ) ) ;
#11020 = VECTOR ( 'NONE', #1420, 1000.000000000000114 ) ;
#11021 = ORIENTED_EDGE ( 'NONE', *, *, #12689, .T. ) ;
#11022 = CIRCLE ( 'NONE', #8316, 2.500000000000002220 ) ;
#11023 = DIRECTION ( 'NONE',  ( 0.000000000000000000, 0.000000000000000000, -1.000000000000000000 ) ) ;
#11024 = CARTESIAN_POINT ( 'NONE',  ( 65.75000043999999377, 48.74999999999999289, -3.100000000000000533 ) ) ;
#11025 = DIRECTION ( 'NONE',  ( 0.000000000000000000, -0.000000000000000000, -1.000000000000000000 ) ) ;
#11026 = EDGE_CURVE ( 'NONE', #3829, #5363, #247, .T. ) ;
#11027 = EDGE_CURVE ( 'NONE', #3688, #12444, #6272, .T. ) ;
#11028 = CARTESIAN_POINT ( 'NONE',  ( 60.14999999999999147, 24.49999999999999289, 6.499999999999999112 ) ) ;
#11029 = ADVANCED_FACE ( 'NONE', ( #4309 ), #8264, .F. ) ;
#11030 = ORIENTED_EDGE ( 'NONE', *, *, #2322, .F. ) ;
#11031 = CONICAL_SURFACE ( 'NONE', #9370, 0.6999999999999775291, 0.7853981633974471688 ) ;
#11032 = VERTEX_POINT ( 'NONE', #9377 ) ;
#11033 = ORIENTED_EDGE ( 'NONE', *, *, #2514, .F. ) ;
#11034 = FACE_OUTER_BOUND ( 'NONE', #1203, .T. ) ;
#11035 = CARTESIAN_POINT ( 'NONE',  ( 76.25000000000000000, 76.25000000000000000, -5.000000000000000000 ) ) ;
#11036 = VERTEX_POINT ( 'NONE', #3709 ) ;
#11037 = CARTESIAN_POINT ( 'NONE',  ( 25.74999999999998934, 28.74999999999999645, -5.000000000000000000 ) ) ;
#11038 = DIRECTION ( 'NONE',  ( 0.000000000000000000, 0.000000000000000000, 1.000000000000000000 ) ) ;
#11039 = DIRECTION ( 'NONE',  ( -1.000000000000000000, 0.000000000000000000, 0.000000000000000000 ) ) ;
#11040 = ADVANCED_FACE ( 'NONE', ( #3336 ), #1680, .F. ) ;
#11041 = DIRECTION ( 'NONE',  ( 1.299418334065024873E-16, -1.000000000000000000, -0.000000000000000000 ) ) ;
#11042 = DIRECTION ( 'NONE',  ( 0.000000000000000000, 0.7071067811865517916, -0.7071067811865432429 ) ) ;
#11043 = CARTESIAN_POINT ( 'NONE',  ( 76.25000000000000000, 40.40749664306598987, 2.323999333381999488 ) ) ;
#11044 = CONICAL_SURFACE ( 'NONE', #12715, 2.000000000000015543, 0.7853981633974566057 ) ;
#11045 = CARTESIAN_POINT ( 'NONE',  ( 73.38799999999999102, 65.71099999999999852, -5.584974447743555004 ) ) ;
#11046 = DIRECTION ( 'NONE',  ( -1.000000000000000000, 0.000000000000000000, -0.000000000000000000 ) ) ;
#11047 = DIRECTION ( 'NONE',  ( 0.000000000000000000, 1.000000000000000000, 0.000000000000000000 ) ) ;
#11048 = ORIENTED_EDGE ( 'NONE', *, *, #5062, .F. ) ;
#11049 = DIRECTION ( 'NONE',  ( 1.374038396813312538E-16, 1.000000000000000000, -0.000000000000000000 ) ) ;
#11050 = DIRECTION ( 'NONE',  ( 0.000000000000000000, -1.000000000000000000, -0.000000000000000000 ) ) ;
#11051 = CIRCLE ( 'NONE', #10424, 0.5000000000000000000 ) ;
#11052 = DIRECTION ( 'NONE',  ( 0.000000000000000000, -1.000000000000000000, 0.000000000000000000 ) ) ;
#11053 = EDGE_CURVE ( 'NONE', #746, #9968, #12508, .T. ) ;
#11054 = DIRECTION ( 'NONE',  ( 0.000000000000000000, 0.000000000000000000, -1.000000000000000000 ) ) ;
#11055 = VECTOR ( 'NONE', #4530, 1000.000000000000000 ) ;
#11056 = CARTESIAN_POINT ( 'NONE',  ( 48.74999999999999289, 65.75000043999999377, -3.100000000000000533 ) ) ;
#11057 = VERTEX_POINT ( 'NONE', #12311 ) ;
#11058 = VECTOR ( 'NONE', #8554, 1000.000000000000000 ) ;
#11059 = DIRECTION ( 'NONE',  ( -1.225071461531125386E-32, 9.427844978134821433E-17, 1.000000000000000000 ) ) ;
#11060 = ORIENTED_EDGE ( 'NONE', *, *, #6753, .F. ) ;
#11061 = DIRECTION ( 'NONE',  ( -1.000000000000000000, 0.000000000000000000, 0.000000000000000000 ) ) ;
#11062 = EDGE_LOOP ( 'NONE', ( #9271, #5878, #7746, #6300 ) ) ;
#11063 = ADVANCED_FACE ( 'NONE', ( #7658 ), #3403, .F. ) ;
#11064 = PLANE ( 'NONE',  #4157 ) ;
#11065 = CARTESIAN_POINT ( 'NONE',  ( 76.89999999999999147, 39.40749664306598987, 3.323999333381999488 ) ) ;
#11066 = DIRECTION ( 'NONE',  ( -0.000000000000000000, -0.000000000000000000, -1.000000000000000000 ) ) ;
#11067 = EDGE_LOOP ( 'NONE', ( #6593, #5253, #8880, #9905 ) ) ;
#11068 = VECTOR ( 'NONE', #7423, 1000.000000000000000 ) ;
#11069 = CARTESIAN_POINT ( 'NONE',  ( 75.25000000000000000, 52.44999999999999574, 8.499999999999998224 ) ) ;
#11070 = VERTEX_POINT ( 'NONE', #899 ) ;
#11071 = DIRECTION ( 'NONE',  ( 0.000000000000000000, 1.000000000000000000, 0.000000000000000000 ) ) ;
#11072 = DIRECTION ( 'NONE',  ( 0.000000000000000000, 0.000000000000000000, 1.000000000000000000 ) ) ;
#11073 = ORIENTED_EDGE ( 'NONE', *, *, #7403, .F. ) ;
#11074 = CARTESIAN_POINT ( 'NONE',  ( 53.25000000000000000, 36.24999955999999912, -3.100000000000000533 ) ) ;
#11075 = ORIENTED_EDGE ( 'NONE', *, *, #12739, .T. ) ;
#11076 = VECTOR ( 'NONE', #9494, 1000.000000000000000 ) ;
#11077 = DIRECTION ( 'NONE',  ( 0.000000000000000000, 0.7071067811865444641, -0.7071067811865505703 ) ) ;
#11078 = EDGE_LOOP ( 'NONE', ( #311, #2549, #5561, #1002, #33, #2816 ) ) ;
#11079 = ORIENTED_EDGE ( 'NONE', *, *, #12101, .T. ) ;
#11080 = AXIS2_PLACEMENT_3D ( 'NONE', #1821, #7720, #775 ) ;
#11081 = DIRECTION ( 'NONE',  ( -1.000000000000000000, 0.000000000000000000, 0.000000000000000000 ) ) ;
#11082 = EDGE_CURVE ( 'NONE', #8730, #3388, #2946, .T. ) ;
#11083 = ORIENTED_EDGE ( 'NONE', *, *, #10102, .F. ) ;
#11084 = FACE_OUTER_BOUND ( 'NONE', #2300, .T. ) ;
#11085 = CARTESIAN_POINT ( 'NONE',  ( 27.24999999999999645, 67.25000000000000000, 4.499999999999999112 ) ) ;
#11086 = CARTESIAN_POINT ( 'NONE',  ( 65.14999999999999147, 24.29998799999999548, 6.499999999999999112 ) ) ;
#11087 = CONICAL_SURFACE ( 'NONE', #1334, 0.6999999999999992895, 0.7853981633974492782 ) ;
#11088 = CARTESIAN_POINT ( 'NONE',  ( 76.21199953390164694, 33.29335380021172597, 4.578344899513388850E-16 ) ) ;
#11089 = CIRCLE ( 'NONE', #7963, 1.000000000000000888 ) ;
#11090 = EDGE_CURVE ( 'NONE', #8010, #1738, #6946, .T. ) ;
#11091 = ORIENTED_EDGE ( 'NONE', *, *, #3747, .T. ) ;
#11092 = EDGE_CURVE ( 'NONE', #7053, #4435, #655, .T. ) ;
#11093 = VERTEX_POINT ( 'NONE', #10916 ) ;
#11094 = DIRECTION ( 'NONE',  ( 0.000000000000000000, -1.000000000000000000, 0.000000000000000000 ) ) ;
#11095 = ORIENTED_EDGE ( 'NONE', *, *, #9669, .F. ) ;
#11096 = ORIENTED_EDGE ( 'NONE', *, *, #2352, .T. ) ;
#11097 = FACE_OUTER_BOUND ( 'NONE', #6444, .T. ) ;
#11098 = AXIS2_PLACEMENT_3D ( 'NONE', #6742, #8940, #2775 ) ;
#11099 = CARTESIAN_POINT ( 'NONE',  ( 29.24999999999998579, 72.75000000000000000, 78.50196847342608919 ) ) ;
#11100 = AXIS2_PLACEMENT_3D ( 'NONE', #2883, #6791, #9576 ) ;
#11101 = ADVANCED_FACE ( 'NONE', ( #6825 ), #1914, .F. ) ;
#11102 = PLANE ( 'NONE',  #8648 ) ;
#11103 = EDGE_CURVE ( 'NONE', #5709, #1225, #8129, .T. ) ;
#11104 = DIRECTION ( 'NONE',  ( -1.299418334065024873E-16, 1.000000000000000000, 0.000000000000000000 ) ) ;
#11105 = ADVANCED_FACE ( 'NONE', ( #5907 ), #7915, .T. ) ;
#11106 = VECTOR ( 'NONE', #1158, 1000.000000000000000 ) ;
#11107 = EDGE_CURVE ( 'NONE', #3016, #6876, #9592, .T. ) ;
#11108 = ADVANCED_FACE ( 'NONE', ( #10731 ), #2121, .F. ) ;
#11109 = CARTESIAN_POINT ( 'NONE',  ( 54.34999999999999432, 24.29999999999999361, 0.5253709514437873151 ) ) ;
#11110 = CYLINDRICAL_SURFACE ( 'NONE', #10254, 0.7500000000000006661 ) ;
#11111 = CARTESIAN_POINT ( 'NONE',  ( 0.000000000000000000, 77.19999999999998863, -5.000000000000000000 ) ) ;
#11112 = AXIS2_PLACEMENT_3D ( 'NONE', #5477, #4251, #1320 ) ;
#11113 = ORIENTED_EDGE ( 'NONE', *, *, #9898, .F. ) ;
#11114 = DIRECTION ( 'NONE',  ( -1.000000000000000000, 0.000000000000000000, 0.000000000000000000 ) ) ;
#11115 = VECTOR ( 'NONE', #8133, 1000.000000000000000 ) ;
#11116 = CARTESIAN_POINT ( 'NONE',  ( 76.25000000000000000, 76.25000000000000000, -3.500000000000000000 ) ) ;
#11117 = CARTESIAN_POINT ( 'NONE',  ( 66.84999999999996589, 24.29999999999999716, 15.00000000000000000 ) ) ;
#11118 = VERTEX_POINT ( 'NONE', #1943 ) ;
#11119 = ORIENTED_EDGE ( 'NONE', *, *, #1932, .F. ) ;
#11120 = CARTESIAN_POINT ( 'NONE',  ( 76.25000000000000000, 43.24999999999999289, 3.323999333381998600 ) ) ;
#11121 = CYLINDRICAL_SURFACE ( 'NONE', #140, 1.600000000000004086 ) ;
#11122 = AXIS2_PLACEMENT_3D ( 'NONE', #713, #6448, #9374 ) ;
#11123 = DIRECTION ( 'NONE',  ( 0.000000000000000000, 0.000000000000000000, -1.000000000000000000 ) ) ;
#11124 = VECTOR ( 'NONE', #3182, 1000.000000000000000 ) ;
#11125 = EDGE_LOOP ( 'NONE', ( #1141, #8204, #9803, #1687 ) ) ;
#11126 = CARTESIAN_POINT ( 'NONE',  ( 73.75000000000000000, 25.75000000000000000, 0.02537095144378743658 ) ) ;
#11127 = LINE ( 'NONE', #8054, #11642 ) ;
#11128 = ORIENTED_EDGE ( 'NONE', *, *, #825, .T. ) ;
#11129 = CARTESIAN_POINT ( 'NONE',  ( 24.30000000000000782, 28.29999999999999005, -4.499999999999993783 ) ) ;
#11130 = VERTEX_POINT ( 'NONE', #11706 ) ;
#11131 = CYLINDRICAL_SURFACE ( 'NONE', #11980, 2.000000000000001776 ) ;
#11132 = ORIENTED_EDGE ( 'NONE', *, *, #5200, .T. ) ;
#11133 = DIRECTION ( 'NONE',  ( 0.000000000000000000, -0.000000000000000000, 1.000000000000000000 ) ) ;
#11134 = VECTOR ( 'NONE', #11165, 1000.000000000000000 ) ;
#11135 = DIRECTION ( 'NONE',  ( 0.000000000000000000, 0.000000000000000000, 1.000000000000000000 ) ) ;
#11136 = DIRECTION ( 'NONE',  ( -9.188275156155022250E-17, 0.7071067811865450192, -0.7071067811865501263 ) ) ;
#11137 = VECTOR ( 'NONE', #8774, 1000.000000000000114 ) ;
#11138 = FACE_OUTER_BOUND ( 'NONE', #5478, .T. ) ;
#11139 = VERTEX_POINT ( 'NONE', #4997 ) ;
#11140 = VECTOR ( 'NONE', #2703, 1000.000000000000000 ) ;
#11141 = PERSON_AND_ORGANIZATION ( #6428, #3852 ) ;
#11142 = VECTOR ( 'NONE', #6775, 1000.000000000000114 ) ;
#11143 = CARTESIAN_POINT ( 'NONE',  ( 77.69999999999998863, 24.29999999999999716, -0.1746290485562084771 ) ) ;
#11144 = VECTOR ( 'NONE', #10939, 1000.000000000000000 ) ;
#11145 = ORIENTED_EDGE ( 'NONE', *, *, #356, .F. ) ;
#11146 = DIRECTION ( 'NONE',  ( 1.000000000000000000, 0.000000000000000000, 0.000000000000000000 ) ) ;
#11147 = EDGE_CURVE ( 'NONE', #3812, #893, #11832, .T. ) ;
#11148 = ORIENTED_EDGE ( 'NONE', *, *, #8559, .T. ) ;
#11149 = CARTESIAN_POINT ( 'NONE',  ( 56.84999999999999432, 24.29999999999999361, 5.999999999999999112 ) ) ;
#11150 = ORIENTED_EDGE ( 'NONE', *, *, #6967, .T. ) ;
#11151 = ORIENTED_EDGE ( 'NONE', *, *, #8866, .T. ) ;
#11152 = ORIENTED_EDGE ( 'NONE', *, *, #6094, .T. ) ;
#11153 = DIRECTION ( 'NONE',  ( -1.000000000000000000, 0.000000000000000000, 0.000000000000000000 ) ) ;
#11154 = ORIENTED_EDGE ( 'NONE', *, *, #9669, .T. ) ;
#11155 = VECTOR ( 'NONE', #7333, 1000.000000000000000 ) ;
#11156 = DIRECTION ( 'NONE',  ( -1.000000000000000000, -0.000000000000000000, -0.000000000000000000 ) ) ;
#11157 = CARTESIAN_POINT ( 'NONE',  ( 59.34999999999999432, 24.29999999999999361, 5.999999999999999112 ) ) ;
#11158 = LINE ( 'NONE', #30, #8427 ) ;
#11159 = CARTESIAN_POINT ( 'NONE',  ( 62.75000043999999377, 39.24999955999999912, -5.000000000000000000 ) ) ;
#11160 = EDGE_LOOP ( 'NONE', ( #11226, #7813, #10149, #7930 ) ) ;
#11161 = EDGE_LOOP ( 'NONE', ( #11590, #2721, #9817, #7617 ) ) ;
#11162 = CARTESIAN_POINT ( 'NONE',  ( 77.69999999999998863, 24.29999999999999716, -0.1746290485562084771 ) ) ;
#11163 = ORIENTED_EDGE ( 'NONE', *, *, #200, .F. ) ;
#11164 = ORIENTED_EDGE ( 'NONE', *, *, #122, .F. ) ;
#11165 = DIRECTION ( 'NONE',  ( 0.000000000000000000, -0.000000000000000000, -1.000000000000000000 ) ) ;
#11166 = CARTESIAN_POINT ( 'NONE',  ( 77.69999999999998863, 33.00749664306601261, 2.323999333381998600 ) ) ;
#11167 = DIRECTION ( 'NONE',  ( -0.000000000000000000, -0.000000000000000000, 1.000000000000000000 ) ) ;
#11168 = CARTESIAN_POINT ( 'NONE',  ( 26.10000000000000497, 73.00000000000000000, 9.499999999999991118 ) ) ;
#11169 = EDGE_CURVE ( 'NONE', #10409, #9980, #1883, .T. ) ;
#11170 = FACE_OUTER_BOUND ( 'NONE', #6768, .T. ) ;
#11171 = EDGE_CURVE ( 'NONE', #5882, #4841, #12818, .T. ) ;
#11172 = FACE_OUTER_BOUND ( 'NONE', #9319, .T. ) ;
#11173 = CARTESIAN_POINT ( 'NONE',  ( 73.14999999999997726, 53.25000000000000000, -4.000000000000000000 ) ) ;
#11174 = ORIENTED_EDGE ( 'NONE', *, *, #7279, .T. ) ;
#11175 = DIRECTION ( 'NONE',  ( -1.000000000000000000, 0.000000000000000000, 0.000000000000000000 ) ) ;
#11176 = EDGE_CURVE ( 'NONE', #10196, #227, #2862, .T. ) ;
#11177 = DIRECTION ( 'NONE',  ( -0.000000000000000000, -1.000000000000000000, -0.000000000000000000 ) ) ;
#11178 = EDGE_CURVE ( 'NONE', #7832, #3982, #3372, .T. ) ;
#11179 = CYLINDRICAL_SURFACE ( 'NONE', #6166, 0.5000000000000004441 ) ;
#11180 = EDGE_LOOP ( 'NONE', ( #4722, #1628, #542, #159 ) ) ;
#11181 = ORIENTED_EDGE ( 'NONE', *, *, #3243, .T. ) ;
#11182 = EDGE_CURVE ( 'NONE', #3553, #2072, #8345, .T. ) ;
#11183 = DIRECTION ( 'NONE',  ( -0.7071067811865474617, -0.7071067811865474617, 0.000000000000000000 ) ) ;
#11184 = DIRECTION ( 'NONE',  ( 0.000000000000000000, 0.000000000000000000, -1.000000000000000000 ) ) ;
#11185 = CARTESIAN_POINT ( 'NONE',  ( 72.63799999999999102, 65.71099999999999852, -4.000000000000000000 ) ) ;
#11186 = EDGE_CURVE ( 'NONE', #11784, #1183, #3903, .T. ) ;
#11187 = VERTEX_POINT ( 'NONE', #5844 ) ;
#11188 = DIRECTION ( 'NONE',  ( 1.000000000000000000, 0.000000000000000000, 0.000000000000000000 ) ) ;
#11189 = DIRECTION ( 'NONE',  ( 0.000000000000000000, 0.000000000000000000, -1.000000000000000000 ) ) ;
#11190 = ORIENTED_EDGE ( 'NONE', *, *, #1313, .F. ) ;
#11191 = CARTESIAN_POINT ( 'NONE',  ( 73.00000000000000000, 29.00000000000000000, 9.500000000000001776 ) ) ;
#11192 = ORIENTED_EDGE ( 'NONE', *, *, #7764, .F. ) ;
#11193 = CARTESIAN_POINT ( 'NONE',  ( 24.80000000000000071, 73.69999999999998863, -5.000000000000000000 ) ) ;
#11194 = ORIENTED_EDGE ( 'NONE', *, *, #4537, .F. ) ;
#11195 = DIRECTION ( 'NONE',  ( -0.000000000000000000, -0.000000000000000000, 1.000000000000000000 ) ) ;
#11196 = VECTOR ( 'NONE', #12681, 1000.000000000000000 ) ;
#11197 = LINE ( 'NONE', #1506, #4366 ) ;
#11198 = CARTESIAN_POINT ( 'NONE',  ( 56.14999999999999147, 24.29999999999999361, 0.5253709514437902017 ) ) ;
#11199 = EDGE_CURVE ( 'NONE', #12737, #8595, #4749, .T. ) ;
#11200 = DIRECTION ( 'NONE',  ( -1.000000000000000000, 0.000000000000000000, -0.000000000000000000 ) ) ;
#11201 = EDGE_LOOP ( 'NONE', ( #5543, #5079, #567, #1482 ) ) ;
#11202 = AXIS2_PLACEMENT_3D ( 'NONE', #7869, #10546, #1634 ) ;
#11203 = DIRECTION ( 'NONE',  ( 0.000000000000000000, 0.000000000000000000, 1.000000000000000000 ) ) ;
#11204 = EDGE_LOOP ( 'NONE', ( #12613, #11935, #6990, #11241 ) ) ;
#11205 = DIRECTION ( 'NONE',  ( 1.000000000000000000, 1.299418334065024626E-16, 0.000000000000000000 ) ) ;
#11206 = ORIENTED_EDGE ( 'NONE', *, *, #6321, .F. ) ;
#11207 = LINE ( 'NONE', #4060, #4679 ) ;
#11208 = VERTEX_POINT ( 'NONE', #12747 ) ;
#11209 = CARTESIAN_POINT ( 'NONE',  ( 31.74999999999998579, 25.75000000000000000, 0.000000000000000000 ) ) ;
#11210 = VERTEX_POINT ( 'NONE', #3838 ) ;
#11211 = CIRCLE ( 'NONE', #10989, 2.000000000000001776 ) ;
#11212 = ORIENTED_EDGE ( 'NONE', *, *, #9264, .T. ) ;
#11213 = EDGE_LOOP ( 'NONE', ( #3602, #6049, #12390, #3918 ) ) ;
#11214 = DIRECTION ( 'NONE',  ( 1.000000000000000000, -0.000000000000000000, -0.000000000000000000 ) ) ;
#11215 = ORIENTED_EDGE ( 'NONE', *, *, #7663, .F. ) ;
#11216 = DIRECTION ( 'NONE',  ( 1.000000000000000000, 0.000000000000000000, 0.000000000000000000 ) ) ;
#11217 = ADVANCED_FACE ( 'NONE', ( #9809 ), #4936, .F. ) ;
#11218 = ORIENTED_EDGE ( 'NONE', *, *, #6818, .T. ) ;
#11219 = AXIS2_PLACEMENT_3D ( 'NONE', #1156, #7858, #5130 ) ;
#11220 = DIRECTION ( 'NONE',  ( 0.000000000000000000, 0.000000000000000000, 1.000000000000000000 ) ) ;
#11221 = LINE ( 'NONE', #12074, #5638 ) ;
#11222 = EDGE_LOOP ( 'NONE', ( #5423, #6400, #12075, #6005 ) ) ;
#11223 = ORIENTED_EDGE ( 'NONE', *, *, #3386, .T. ) ;
#11224 = CARTESIAN_POINT ( 'NONE',  ( 77.69999999999998863, 73.69999999999998863, 15.00000000000000000 ) ) ;
#11225 = VERTEX_POINT ( 'NONE', #12277 ) ;
#11226 = ORIENTED_EDGE ( 'NONE', *, *, #2438, .T. ) ;
#11227 = CARTESIAN_POINT ( 'NONE',  ( 39.24999955999999912, 36.24999955999999912, -3.100000000000000533 ) ) ;
#11228 = CIRCLE ( 'NONE', #6446, 2.000000000000001776 ) ;
#11229 = AXIS2_PLACEMENT_3D ( 'NONE', #11394, #10341, #10406 ) ;
#11230 = CARTESIAN_POINT ( 'NONE',  ( 67.25000043999999377, 51.75000000000000000, -3.100000000000000533 ) ) ;
#11231 = CARTESIAN_POINT ( 'NONE',  ( 58.64999999999999147, 25.75000000000000000, 0.5253709514437902017 ) ) ;
#11232 = CARTESIAN_POINT ( 'NONE',  ( 36.24999955999999912, 62.75000043999999377, -3.100000000000000533 ) ) ;
#11233 = DIRECTION ( 'NONE',  ( -1.000000000000000000, 0.000000000000000000, 0.000000000000000000 ) ) ;
#11234 = CYLINDRICAL_SURFACE ( 'NONE', #10041, 0.5000000000000004441 ) ;
#11235 = AXIS2_PLACEMENT_3D ( 'NONE', #11111, #11042, #3173 ) ;
#11236 = CARTESIAN_POINT ( 'NONE',  ( 73.38799999999999102, 65.71099999999999852, -3.000000000000000000 ) ) ;
#11237 = EDGE_LOOP ( 'NONE', ( #3536, #11909, #2696, #5792 ) ) ;
#11238 = DIRECTION ( 'NONE',  ( 1.000000000000000000, 0.000000000000000000, 0.000000000000000000 ) ) ;
#11239 = CARTESIAN_POINT ( 'NONE',  ( 34.24999999999998579, 74.64999999999997726, -1.599999999999997202 ) ) ;
#11240 = CYLINDRICAL_SURFACE ( 'NONE', #10743, 0.5000000000000004441 ) ;
#11241 = ORIENTED_EDGE ( 'NONE', *, *, #133, .F. ) ;
#11242 = ORIENTED_EDGE ( 'NONE', *, *, #11576, .F. ) ;
#11243 = AXIS2_PLACEMENT_3D ( 'NONE', #5237, #10103, #2244 ) ;
#11244 = CYLINDRICAL_SURFACE ( 'NONE', #8938, 0.5000000000000004441 ) ;
#11245 = CARTESIAN_POINT ( 'NONE',  ( 72.44999999999997442, 54.94999999999999574, 6.499999999999999112 ) ) ;
#11246 = CYLINDRICAL_SURFACE ( 'NONE', #12539, 2.500000000000002220 ) ;
#11247 = ADVANCED_FACE ( 'NONE', ( #8166 ), #11110, .T. ) ;
#11248 = VECTOR ( 'NONE', #10, 1000.000000000000000 ) ;
#11249 = PLANE ( 'NONE',  #3928 ) ;
#11250 = DIRECTION ( 'NONE',  ( -0.000000000000000000, -0.000000000000000000, -1.000000000000000000 ) ) ;
#11251 = EDGE_CURVE ( 'NONE', #12512, #409, #1090, .T. ) ;
#11252 = DIRECTION ( 'NONE',  ( -1.000000000000000000, 0.000000000000000000, 0.000000000000000000 ) ) ;
#11253 = ORIENTED_EDGE ( 'NONE', *, *, #684, .T. ) ;
#11254 = DIRECTION ( 'NONE',  ( 1.000000000000000000, -3.118604001756057919E-16, 0.000000000000000000 ) ) ;
#11255 = ADVANCED_FACE ( 'NONE', ( #11172 ), #12153, .F. ) ;
#11256 = VERTEX_POINT ( 'NONE', #8242 ) ;
#11257 = AXIS2_PLACEMENT_3D ( 'NONE', #7464, #8638, #3447 ) ;
#11258 = CYLINDRICAL_SURFACE ( 'NONE', #6996, 1.500000000000000000 ) ;
#11259 = VERTEX_POINT ( 'NONE', #7202 ) ;
#11260 = AXIS2_PLACEMENT_3D ( 'NONE', #830, #7793, #5786 ) ;
#11261 = CARTESIAN_POINT ( 'NONE',  ( 56.64999999999999147, 25.75000000000000000, 0.5253709514437903128 ) ) ;
#11262 = CARTESIAN_POINT ( 'NONE',  ( 52.64999999999999147, 24.49999999999999289, 6.499999999999996447 ) ) ;
#11263 = ADVANCED_FACE ( 'NONE', ( #6098 ), #3368, .F. ) ;
#11264 = CARTESIAN_POINT ( 'NONE',  ( 52.19999999999998153, 70.95000000000000284, 6.499999999999999112 ) ) ;
#11265 = ORIENTED_EDGE ( 'NONE', *, *, #6229, .T. ) ;
#11266 = ADVANCED_FACE ( 'NONE', ( #3104 ), #10050, .F. ) ;
#11267 = EDGE_CURVE ( 'NONE', #7372, #6267, #1351, .T. ) ;
#11268 = CARTESIAN_POINT ( 'NONE',  ( 48.74999999999999289, 67.25000043999999377, -4.000000000000000000 ) ) ;
#11269 = ORIENTED_EDGE ( 'NONE', *, *, #8805, .T. ) ;
#11270 = AXIS2_PLACEMENT_3D ( 'NONE', #144, #8864, #10077 ) ;
#11271 = APPLICATION_PROTOCOL_DEFINITION ( 'international standard', 'config_control_design', 1994, #6067 ) ;
#11272 = CIRCLE ( 'NONE', #3999, 0.5000000000000004441 ) ;
#11273 = DIRECTION ( 'NONE',  ( -1.000000000000000000, 0.000000000000000000, 0.000000000000000000 ) ) ;
#11274 = EDGE_LOOP ( 'NONE', ( #1108, #2581, #11148, #7408 ) ) ;
#11275 = DIRECTION ( 'NONE',  ( 0.7071067811865451302, 0.000000000000000000, 0.7071067811865500152 ) ) ;
#11276 = ORIENTED_EDGE ( 'NONE', *, *, #8699, .F. ) ;
#11277 = CARTESIAN_POINT ( 'NONE',  ( 77.69999999999998863, 24.29999999999999716, 6.699999999999995737 ) ) ;
#11278 = ORIENTED_EDGE ( 'NONE', *, *, #5135, .F. ) ;
#11279 = VERTEX_POINT ( 'NONE', #2391 ) ;
#11280 = ORIENTED_EDGE ( 'NONE', *, *, #1162, .F. ) ;
#11281 = VECTOR ( 'NONE', #6771, 1000.000000000000000 ) ;
#11282 = DIRECTION ( 'NONE',  ( -1.299418334065024873E-16, 1.000000000000000000, 0.000000000000000000 ) ) ;
#11283 = VERTEX_POINT ( 'NONE', #8099 ) ;
#11284 = PLANE ( 'NONE',  #2109 ) ;
#11285 = ORIENTED_EDGE ( 'NONE', *, *, #4792, .T. ) ;
#11286 = DIRECTION ( 'NONE',  ( 0.000000000000000000, 0.000000000000000000, -1.000000000000000000 ) ) ;
#11287 = VECTOR ( 'NONE', #4274, 1000.000000000000000 ) ;
#11288 = DIRECTION ( 'NONE',  ( 0.000000000000000000, 1.000000000000000000, 0.000000000000000000 ) ) ;
#11289 = VERTEX_POINT ( 'NONE', #9147 ) ;
#11290 = AXIS2_PLACEMENT_3D ( 'NONE', #1617, #12553, #4420 ) ;
#11291 = ORIENTED_EDGE ( 'NONE', *, *, #10383, .F. ) ;
#11292 = DIRECTION ( 'NONE',  ( 1.000000000000000000, 0.000000000000000000, 0.000000000000000000 ) ) ;
#11293 = VERTEX_POINT ( 'NONE', #4210 ) ;
#11294 = VERTEX_POINT ( 'NONE', #1276 ) ;
#11295 = LINE ( 'NONE', #12412, #4068 ) ;
#11296 = DIRECTION ( 'NONE',  ( -1.000000000000000000, 0.000000000000000000, 0.000000000000000000 ) ) ;
#11297 = DIRECTION ( 'NONE',  ( 0.000000000000000000, 0.000000000000000000, 1.000000000000000000 ) ) ;
#11298 = LINE ( 'NONE', #8363, #8781 ) ;
#11299 = AXIS2_PLACEMENT_3D ( 'NONE', #6288, #3169, #8240 ) ;
#11300 = DIRECTION ( 'NONE',  ( -0.000000000000000000, -0.000000000000000000, 1.000000000000000000 ) ) ;
#11301 = AXIS2_PLACEMENT_3D ( 'NONE', #5790, #10662, #9551 ) ;
#11302 = FACE_OUTER_BOUND ( 'NONE', #11237, .T. ) ;
#11303 = DIRECTION ( 'NONE',  ( 0.000000000000000000, -0.000000000000000000, -1.000000000000000000 ) ) ;
#11304 = ORIENTED_EDGE ( 'NONE', *, *, #5863, .T. ) ;
#11305 = FACE_OUTER_BOUND ( 'NONE', #5647, .T. ) ;
#11306 = CIRCLE ( 'NONE', #5697, 1.500000000000001332 ) ;
#11307 = VECTOR ( 'NONE', #7838, 1000.000000000000000 ) ;
#11308 = LINE ( 'NONE', #439, #9642 ) ;
#11309 = EDGE_CURVE ( 'NONE', #893, #5498, #7771, .T. ) ;
#11310 = DIRECTION ( 'NONE',  ( 1.000000000000000000, 0.000000000000000000, 0.000000000000000000 ) ) ;
#11311 = VERTEX_POINT ( 'NONE', #7261 ) ;
#11312 = CIRCLE ( 'NONE', #3214, 0.6999999999999992895 ) ;
#11313 = DIRECTION ( 'NONE',  ( 1.000000000000000000, 1.299418334065024133E-16, -0.000000000000000000 ) ) ;
#11314 = CARTESIAN_POINT ( 'NONE',  ( 53.14999999999999147, 24.29999999999999361, 0.5253709514437873151 ) ) ;
#11315 = FACE_OUTER_BOUND ( 'NONE', #12394, .T. ) ;
#11316 = VECTOR ( 'NONE', #12321, 1000.000000000000000 ) ;
#11317 = AXIS2_PLACEMENT_3D ( 'NONE', #3290, #7055, #2112 ) ;
#11318 = CONICAL_SURFACE ( 'NONE', #5710, 0.6999999999999784173, 0.7853981633974580490 ) ;
#11319 = AXIS2_PLACEMENT_3D ( 'NONE', #3408, #11342, #6395 ) ;
#11320 = FACE_OUTER_BOUND ( 'NONE', #5432, .T. ) ;
#11321 = LINE ( 'NONE', #5527, #3733 ) ;
#11322 = DIRECTION ( 'NONE',  ( 0.000000000000000000, -0.000000000000000000, -1.000000000000000000 ) ) ;
#11323 = ORIENTED_EDGE ( 'NONE', *, *, #11737, .F. ) ;
#11324 = DIRECTION ( 'NONE',  ( 0.000000000000000000, -0.000000000000000000, -1.000000000000000000 ) ) ;
#11325 = EDGE_LOOP ( 'NONE', ( #7215, #1596, #3149, #7649, #8091, #7127, #76, #458, #9309, #11615, #2715, #1190 ) ) ;
#11326 = VECTOR ( 'NONE', #12004, 1000.000000000000000 ) ;
#11327 = VECTOR ( 'NONE', #6928, 1000.000000000000000 ) ;
#11328 = DIRECTION ( 'NONE',  ( -1.299418334065024873E-16, 1.000000000000000000, 0.000000000000000000 ) ) ;
#11329 = ORIENTED_EDGE ( 'NONE', *, *, #3643, .T. ) ;
#11330 = FACE_OUTER_BOUND ( 'NONE', #1064, .T. ) ;
#11331 = PLANE ( 'NONE',  #523 ) ;
#11332 = ADVANCED_FACE ( 'NONE', ( #11302 ), #11234, .T. ) ;
#11333 = DIRECTION ( 'NONE',  ( -1.000000000000000000, 0.000000000000000000, 0.000000000000000000 ) ) ;
#11334 = ADVANCED_FACE ( 'NONE', ( #234, #6224 ), #10181, .T. ) ;
#11335 = DIRECTION ( 'NONE',  ( 0.000000000000000000, 0.000000000000000000, 1.000000000000000000 ) ) ;
#11336 = EDGE_CURVE ( 'NONE', #697, #4044, #9291, .T. ) ;
#11337 = ORIENTED_EDGE ( 'NONE', *, *, #9325, .T. ) ;
#11338 = AXIS2_PLACEMENT_3D ( 'NONE', #12073, #1198, #7961 ) ;
#11339 = DIRECTION ( 'NONE',  ( 1.000000000000000000, 0.000000000000000000, -0.000000000000000000 ) ) ;
#11340 = DIRECTION ( 'NONE',  ( -0.000000000000000000, -1.000000000000000000, -0.000000000000000000 ) ) ;
#11341 = ORIENTED_EDGE ( 'NONE', *, *, #585, .T. ) ;
#11342 = DIRECTION ( 'NONE',  ( -1.000000000000000000, 0.000000000000000000, -0.000000000000000000 ) ) ;
#11343 = ORIENTED_EDGE ( 'NONE', *, *, #4172, .F. ) ;
#11344 = AXIS2_PLACEMENT_3D ( 'NONE', #9470, #3817, #5631 ) ;
#11345 = EDGE_CURVE ( 'NONE', #2646, #10869, #4084, .T. ) ;
#11346 = CARTESIAN_POINT ( 'NONE',  ( 0.000000000000000000, 33.24999999999999289, 4.499999999999999112 ) ) ;
#11347 = VERTEX_POINT ( 'NONE', #12024 ) ;
#11348 = ORIENTED_EDGE ( 'NONE', *, *, #8310, .F. ) ;
#11349 = EDGE_CURVE ( 'NONE', #11470, #11382, #7069, .T. ) ;
#11350 = VERTEX_POINT ( 'NONE', #9083 ) ;
#11351 = CIRCLE ( 'NONE', #119, 0.7500000000000006661 ) ;
#11352 = DIRECTION ( 'NONE',  ( 1.000000000000000000, 1.299418334065024873E-16, -0.000000000000000000 ) ) ;
#11353 = EDGE_CURVE ( 'NONE', #12737, #9123, #3630, .T. ) ;
#11354 = ORIENTED_EDGE ( 'NONE', *, *, #2427, .T. ) ;
#11355 = VECTOR ( 'NONE', #6994, 1000.000000000000000 ) ;
#11356 = DIRECTION ( 'NONE',  ( -1.000000000000000000, 0.000000000000000000, -0.000000000000000000 ) ) ;
#11357 = AXIS2_PLACEMENT_3D ( 'NONE', #588, #3047, #4703 ) ;
#11358 = AXIS2_PLACEMENT_3D ( 'NONE', #12642, #11991, #11061 ) ;
#11359 = LINE ( 'NONE', #6348, #9039 ) ;
#11360 = DIRECTION ( 'NONE',  ( -1.000000000000000000, 6.484876772350056834E-16, 0.000000000000000000 ) ) ;
#11361 = ORIENTED_EDGE ( 'NONE', *, *, #9898, .T. ) ;
#11362 = ORIENTED_EDGE ( 'NONE', *, *, #7323, .F. ) ;
#11363 = VECTOR ( 'NONE', #2007, 1000.000000000000000 ) ;
#11364 = CARTESIAN_POINT ( 'NONE',  ( 76.89999999999999147, 39.40749664306598987, -0.3000000000000004885 ) ) ;
#11365 = ORIENTED_EDGE ( 'NONE', *, *, #6891, .F. ) ;
#11366 = ORIENTED_EDGE ( 'NONE', *, *, #4505, .T. ) ;
#11367 = DIRECTION ( 'NONE',  ( 0.000000000000000000, 0.7071067811865479058, 0.7071067811865472397 ) ) ;
#11368 = VECTOR ( 'NONE', #8784, 1000.000000000000000 ) ;
#11369 = CARTESIAN_POINT ( 'NONE',  ( 29.24999999999998934, 29.25000000000000000, 0.000000000000000000 ) ) ;
#11370 = VECTOR ( 'NONE', #6037, 1000.000000000000000 ) ;
#11371 = CARTESIAN_POINT ( 'NONE',  ( 76.25000000000000000, 39.77874832153298712, -3.500000000000004441 ) ) ;
#11372 = CARTESIAN_POINT ( 'NONE',  ( 64.14999999999999147, 24.49999999999997158, 0.02537095144379032663 ) ) ;
#11373 = EDGE_CURVE ( 'NONE', #393, #10432, #8625, .T. ) ;
#11374 = DIRECTION ( 'NONE',  ( 0.000000000000000000, 0.000000000000000000, 1.000000000000000000 ) ) ;
#11375 = CC_DESIGN_PERSON_AND_ORGANIZATION_ASSIGNMENT ( #12699, #5799, ( #8408 ) ) ;
#11376 = DIRECTION ( 'NONE',  ( 0.000000000000000000, -0.000000000000000000, -1.000000000000000000 ) ) ;
#11377 = PRODUCT_DEFINITION_SHAPE ( 'NONE', 'NONE',  #3468 ) ;
#11378 = CARTESIAN_POINT ( 'NONE',  ( 60.64999999999999147, 24.29999999999999361, 6.699999999999999289 ) ) ;
#11379 = ORIENTED_EDGE ( 'NONE', *, *, #12296, .T. ) ;
#11380 = DIRECTION ( 'NONE',  ( 0.000000000000000000, 0.000000000000000000, -1.000000000000000000 ) ) ;
#11381 = FACE_OUTER_BOUND ( 'NONE', #8426, .T. ) ;
#11382 = VERTEX_POINT ( 'NONE', #11626 ) ;
#11383 = VERTEX_POINT ( 'NONE', #565 ) ;
#11384 = DIRECTION ( 'NONE',  ( 0.000000000000000000, 0.000000000000000000, -1.000000000000000000 ) ) ;
#11385 = DIRECTION ( 'NONE',  ( -1.000000000000000000, 0.000000000000000000, 0.000000000000000000 ) ) ;
#11386 = DIRECTION ( 'NONE',  ( 0.7071067811865474617, -0.7071067811865474617, 0.000000000000000000 ) ) ;
#11387 = EDGE_CURVE ( 'NONE', #1851, #2646, #10382, .T. ) ;
#11388 = ORIENTED_EDGE ( 'NONE', *, *, #3072, .F. ) ;
#11389 = CARTESIAN_POINT ( 'NONE',  ( 76.25000000000000000, 25.75000000000000000, 0.02537095144379032663 ) ) ;
#11390 = CARTESIAN_POINT ( 'NONE',  ( 55.14999999999999147, 24.29998799999999548, 0.5253709514437898687 ) ) ;
#11391 = CARTESIAN_POINT ( 'NONE',  ( 76.25000000000000000, 67.24999999999998579, 3.404999829744058903 ) ) ;
#11392 = DIRECTION ( 'NONE',  ( -1.000000000000000000, 0.000000000000000000, 0.000000000000000000 ) ) ;
#11393 = ORIENTED_EDGE ( 'NONE', *, *, #4179, .T. ) ;
#11394 = CARTESIAN_POINT ( 'NONE',  ( 61.64999999999999147, 24.29998799999999548, 0.02537095144379032663 ) ) ;
#11395 = CARTESIAN_POINT ( 'NONE',  ( 37.74999955999999912, 62.75000043999999377, -4.499999999999992895 ) ) ;
#11396 = DIRECTION ( 'NONE',  ( 1.000000000000000000, 0.000000000000000000, 0.000000000000000000 ) ) ;
#11397 = EDGE_LOOP ( 'NONE', ( #4001, #12666, #6817, #10142 ) ) ;
#11398 = DIRECTION ( 'NONE',  ( 0.000000000000000000, 0.000000000000000000, 1.000000000000000000 ) ) ;
#11399 = ORIENTED_EDGE ( 'NONE', *, *, #2396, .T. ) ;
#11400 = CARTESIAN_POINT ( 'NONE',  ( 0.000000000000000000, 0.000000000000000000, 0.000000000000000000 ) ) ;
#11401 = CARTESIAN_POINT ( 'NONE',  ( 33.24999999999995737, 31.74999999999999289, 4.499999999999999112 ) ) ;
#11402 = VERTEX_POINT ( 'NONE', #4665 ) ;
#11403 = CARTESIAN_POINT ( 'NONE',  ( 52.44999999999998863, 24.29999999999999361, 0.5253709514437873151 ) ) ;
#11404 = ORIENTED_EDGE ( 'NONE', *, *, #4844, .F. ) ;
#11405 = DIRECTION ( 'NONE',  ( -1.000000000000000000, 6.484876772350056834E-16, 0.000000000000000000 ) ) ;
#11406 = ORIENTED_EDGE ( 'NONE', *, *, #10542, .T. ) ;
#11407 = EDGE_CURVE ( 'NONE', #6613, #2102, #622, .T. ) ;
#11408 = ORIENTED_EDGE ( 'NONE', *, *, #4428, .F. ) ;
#11409 = ORIENTED_EDGE ( 'NONE', *, *, #8380, .F. ) ;
#11410 = CIRCLE ( 'NONE', #10788, 0.5000000000000000000 ) ;
#11411 = CARTESIAN_POINT ( 'NONE',  ( 57.44999999999999574, 24.29999999999999361, 5.999999999999999112 ) ) ;
#11412 = VERTEX_POINT ( 'NONE', #12605 ) ;
#11413 = CARTESIAN_POINT ( 'NONE',  ( 32.24999999999998579, 29.35000000000000497, -1.600000000000000311 ) ) ;
#11414 = ORIENTED_EDGE ( 'NONE', *, *, #5521, .T. ) ;
#11415 = EDGE_CURVE ( 'NONE', #11383, #8103, #2991, .T. ) ;
#11416 = CARTESIAN_POINT ( 'NONE',  ( 29.00000000000000000, 73.00000000000000000, 0.000000000000000000 ) ) ;
#11417 = CARTESIAN_POINT ( 'NONE',  ( 52.64999999999999147, 24.49999999999999289, 6.499999999999996447 ) ) ;
#11418 = AXIS2_PLACEMENT_3D ( 'NONE', #9691, #9549, #4691 ) ;
#11419 = ORIENTED_EDGE ( 'NONE', *, *, #681, .T. ) ;
#11420 = ADVANCED_FACE ( 'NONE', ( #8558, #1477, #5636 ), #12537, .T. ) ;
#11421 = VERTEX_POINT ( 'NONE', #12346 ) ;
#11422 = CARTESIAN_POINT ( 'NONE',  ( 78.75000000000000000, 25.75000000000000000, 6.499999999999999112 ) ) ;
#11423 = ORIENTED_EDGE ( 'NONE', *, *, #12739, .F. ) ;
#11424 = EDGE_CURVE ( 'NONE', #1360, #9557, #11436, .T. ) ;
#11425 = ORIENTED_EDGE ( 'NONE', *, *, #9310, .F. ) ;
#11426 = LINE ( 'NONE', #4464, #9047 ) ;
#11427 = ADVANCED_FACE ( 'NONE', ( #5378 ), #5489, .F. ) ;
#11428 = FACE_OUTER_BOUND ( 'NONE', #6167, .T. ) ;
#11429 = CARTESIAN_POINT ( 'NONE',  ( 55.64999999999999147, 24.29998799999999548, 6.499999999999999112 ) ) ;
#11430 = CARTESIAN_POINT ( 'NONE',  ( 29.00000000000000000, 73.00000000000000000, 9.499999999999991118 ) ) ;
#11431 = VECTOR ( 'NONE', #9845, 1000.000000000000000 ) ;
#11432 = EDGE_CURVE ( 'NONE', #5801, #6981, #10510, .T. ) ;
#11433 = EDGE_CURVE ( 'NONE', #5629, #2452, #5573, .T. ) ;
#11434 = CYLINDRICAL_SURFACE ( 'NONE', #4867, 0.5000000000000004441 ) ;
#11435 = EDGE_CURVE ( 'NONE', #3053, #11421, #1968, .T. ) ;
#11436 = LINE ( 'NONE', #6609, #10679 ) ;
#11437 = DIRECTION ( 'NONE',  ( 0.000000000000000000, -1.000000000000000000, 0.000000000000000000 ) ) ;
#11438 = EDGE_LOOP ( 'NONE', ( #10295, #11879, #12194, #742 ) ) ;
#11439 = AXIS2_PLACEMENT_3D ( 'NONE', #11592, #9698, #12438 ) ;
#11440 = CARTESIAN_POINT ( 'NONE',  ( 27.35000000000000142, 32.25000000000000000, -4.000000000000000000 ) ) ;
#11441 = DIRECTION ( 'NONE',  ( 0.000000000000000000, 0.000000000000000000, -1.000000000000000000 ) ) ;
#11442 = ORIENTED_EDGE ( 'NONE', *, *, #10183, .T. ) ;
#11443 = EDGE_LOOP ( 'NONE', ( #2891, #10292, #11602, #8894 ) ) ;
#11444 = DIRECTION ( 'NONE',  ( 0.000000000000000000, 0.000000000000000000, 1.000000000000000000 ) ) ;
#11445 = FACE_OUTER_BOUND ( 'NONE', #11555, .T. ) ;
#11446 = EDGE_CURVE ( 'NONE', #12013, #1738, #703, .T. ) ;
#11447 = LINE ( 'NONE', #7597, #9214 ) ;
#11448 = CIRCLE ( 'NONE', #2713, 1.000000000000000888 ) ;
#11449 = AXIS2_PLACEMENT_3D ( 'NONE', #2267, #6301, #445 ) ;
#11450 = DIRECTION ( 'NONE',  ( -0.000000000000000000, -1.000000000000000000, -0.000000000000000000 ) ) ;
#11451 = DIRECTION ( 'NONE',  ( -1.000000000000000000, 0.000000000000000000, 0.000000000000000000 ) ) ;
#11452 = DIRECTION ( 'NONE',  ( -1.299418334065024873E-16, 1.000000000000000000, 0.000000000000000000 ) ) ;
#11453 = LINE ( 'NONE', #2472, #9002 ) ;
#11454 = FACE_OUTER_BOUND ( 'NONE', #8352, .T. ) ;
#11455 = EDGE_LOOP ( 'NONE', ( #8117, #2564, #6117, #2403 ) ) ;
#11456 = EDGE_CURVE ( 'NONE', #3020, #12758, #4874, .T. ) ;
#11457 = CARTESIAN_POINT ( 'NONE',  ( 72.09900000000000375, 64.42200000000002547, -4.000000000000000000 ) ) ;
#11458 = DIRECTION ( 'NONE',  ( -0.7071067811865536790, 0.7071067811865414665, 0.000000000000000000 ) ) ;
#11459 = CARTESIAN_POINT ( 'NONE',  ( 30.24999999999998579, 69.74999999999998579, -4.000000000000003553 ) ) ;
#11460 = ORIENTED_EDGE ( 'NONE', *, *, #4969, .T. ) ;
#11461 = VERTEX_POINT ( 'NONE', #10572 ) ;
#11462 = CALENDAR_DATE ( 2026, 2, 7 ) ;
#11463 = DIRECTION ( 'NONE',  ( 0.000000000000000000, 0.000000000000000000, -1.000000000000000000 ) ) ;
#11464 = ORIENTED_EDGE ( 'NONE', *, *, #7839, .T. ) ;
#11465 = VECTOR ( 'NONE', #8481, 1000.000000000000000 ) ;
#11466 = LINE ( 'NONE', #7488, #2389 ) ;
#11467 = ORIENTED_EDGE ( 'NONE', *, *, #1073, .F. ) ;
#11468 = LINE ( 'NONE', #4563, #1131 ) ;
#11469 = EDGE_LOOP ( 'NONE', ( #3793, #3093, #4123, #12398 ) ) ;
#11470 = VERTEX_POINT ( 'NONE', #499 ) ;
#11471 = ADVANCED_FACE ( 'NONE', ( #4402 ), #10324, .F. ) ;
#11472 = ORIENTED_EDGE ( 'NONE', *, *, #7340, .F. ) ;
#11473 = PLANE ( 'NONE',  #7892 ) ;
#11474 = EDGE_LOOP ( 'NONE', ( #2182, #8677, #6486, #7558 ) ) ;
#11475 = VECTOR ( 'NONE', #4865, 1000.000000000000000 ) ;
#11476 = AXIS2_PLACEMENT_3D ( 'NONE', #5217, #3009, #6980 ) ;
#11477 = CARTESIAN_POINT ( 'NONE',  ( 53.14999999999999147, 24.29999999999999361, -0.1746290485562119743 ) ) ;
#11478 = ORIENTED_EDGE ( 'NONE', *, *, #1960, .T. ) ;
#11479 = DIRECTION ( 'NONE',  ( -1.000000000000000000, 0.000000000000000000, 0.000000000000000000 ) ) ;
#11480 = DIRECTION ( 'NONE',  ( -1.000000000000000000, 0.000000000000000000, -0.000000000000000000 ) ) ;
#11481 = ORIENTED_EDGE ( 'NONE', *, *, #9325, .F. ) ;
#11482 = ORIENTED_EDGE ( 'NONE', *, *, #8397, .F. ) ;
#11483 = DIRECTION ( 'NONE',  ( -1.000000000000000000, 0.000000000000000000, 0.000000000000000000 ) ) ;
#11484 = ORIENTED_EDGE ( 'NONE', *, *, #11971, .T. ) ;
#11485 = ORIENTED_EDGE ( 'NONE', *, *, #2011, .F. ) ;
#11487 = PLANE ( 'NONE',  #11967 ) ;
#11486 = AXIS2_PLACEMENT_3D ( 'NONE', #8435, #7325, #429 ) ;
#11488 = CARTESIAN_POINT ( 'NONE',  ( 50.24999999999999289, 65.75000043999999377, 5.925518941756209301 ) ) ;
#11489 = LINE ( 'NONE', #6418, #6562 ) ;
#11490 = CARTESIAN_POINT ( 'NONE',  ( 28.24999999999999645, 70.25000000000000000, 0.000000000000000000 ) ) ;
#11491 = EDGE_CURVE ( 'NONE', #66, #593, #6425, .T. ) ;
#11492 = CARTESIAN_POINT ( 'NONE',  ( 83.74999999999998579, 25.75000000000000000, 6.499999999999999112 ) ) ;
#11493 = DIRECTION ( 'NONE',  ( -0.000000000000000000, -0.000000000000000000, -1.000000000000000000 ) ) ;
#11494 = EDGE_CURVE ( 'NONE', #8639, #7370, #12418, .T. ) ;
#11495 = VECTOR ( 'NONE', #9313, 1000.000000000000114 ) ;
#11496 = EDGE_CURVE ( 'NONE', #8334, #11294, #10882, .T. ) ;
#11497 = CARTESIAN_POINT ( 'NONE',  ( 58.14999999999999147, 25.75000000000000000, 6.499999999999999112 ) ) ;
#11498 = ORIENTED_EDGE ( 'NONE', *, *, #2761, .T. ) ;
#11499 = ADVANCED_FACE ( 'NONE', ( #955 ), #3889, .F. ) ;
#11500 = DIRECTION ( 'NONE',  ( -0.000000000000000000, -0.000000000000000000, 1.000000000000000000 ) ) ;
#11501 = EDGE_CURVE ( 'NONE', #10010, #9709, #6805, .T. ) ;
#11502 = EDGE_CURVE ( 'NONE', #11294, #8158, #5889, .T. ) ;
#11503 = EDGE_CURVE ( 'NONE', #12806, #3666, #5275, .T. ) ;
#11504 = CARTESIAN_POINT ( 'NONE',  ( 59.69999999999997442, 36.45000000000000284, 4.999999999999998224 ) ) ;
#11505 = EDGE_LOOP ( 'NONE', ( #555, #10022, #11681, #2305 ) ) ;
#11506 = EDGE_CURVE ( 'NONE', #8055, #1921, #4857, .T. ) ;
#11507 = CIRCLE ( 'NONE', #4436, 2.999999999999999112 ) ;
#11508 = ORIENTED_EDGE ( 'NONE', *, *, #3070, .T. ) ;
#11509 = EDGE_CURVE ( 'NONE', #9984, #3666, #3822, .T. ) ;
#11510 = DIRECTION ( 'NONE',  ( 0.000000000000000000, 0.000000000000000000, -1.000000000000000000 ) ) ;
#11511 = CARTESIAN_POINT ( 'NONE',  ( 72.63799999999999102, 68.99999999999998579, -3.000000000000000000 ) ) ;
#11512 = PLANE ( 'NONE',  #275 ) ;
#11513 = AXIS2_PLACEMENT_3D ( 'NONE', #6480, #8436, #8495 ) ;
#11514 = CARTESIAN_POINT ( 'NONE',  ( 39.24999955999999912, 37.74999955999999912, -3.100000000000000533 ) ) ;
#11515 = PLANE ( 'NONE',  #6222 ) ;
#11516 = CIRCLE ( 'NONE', #12762, 1.500000000000001332 ) ;
#11517 = DIRECTION ( 'NONE',  ( -1.000000000000000000, 0.000000000000000000, 0.000000000000000000 ) ) ;
#11518 = DIRECTION ( 'NONE',  ( -1.000000000000000000, 0.000000000000000000, 0.000000000000000000 ) ) ;
#11519 = DIRECTION ( 'NONE',  ( 0.000000000000000000, 0.000000000000000000, 1.000000000000000000 ) ) ;
#11520 = VERTEX_POINT ( 'NONE', #9667 ) ;
#11521 = DIRECTION ( 'NONE',  ( -1.000000000000000000, 0.000000000000000000, 0.000000000000000000 ) ) ;
#11522 = DIRECTION ( 'NONE',  ( -0.000000000000000000, -1.000000000000000000, -0.000000000000000000 ) ) ;
#11523 = CIRCLE ( 'NONE', #295, 0.5000000000000004441 ) ;
#11524 = VECTOR ( 'NONE', #1927, 1000.000000000000000 ) ;
#11525 = EDGE_LOOP ( 'NONE', ( #624, #1331, #7573, #1361 ) ) ;
#11526 = AXIS2_PLACEMENT_3D ( 'NONE', #9056, #8985, #11071 ) ;
#11527 = CARTESIAN_POINT ( 'NONE',  ( 73.69999999999998863, 73.69999999999998863, -5.000000000000000888 ) ) ;
#11528 = AXIS2_PLACEMENT_3D ( 'NONE', #766, #4740, #12614 ) ;
#11529 = ORIENTED_EDGE ( 'NONE', *, *, #9424, .F. ) ;
#11530 = CARTESIAN_POINT ( 'NONE',  ( 60.64999999999999147, 24.49999999999999289, 0.02537095144378989295 ) ) ;
#11531 = DIRECTION ( 'NONE',  ( 1.000000000000000000, -3.118604001756057919E-16, 0.000000000000000000 ) ) ;
#11532 = CIRCLE ( 'NONE', #5092, 1.500000000000000000 ) ;
#11533 = AXIS2_PLACEMENT_3D ( 'NONE', #3273, #9106, #8122 ) ;
#11534 = VERTEX_POINT ( 'NONE', #12862 ) ;
#11535 = DIRECTION ( 'NONE',  ( -0.000000000000000000, -0.000000000000000000, 1.000000000000000000 ) ) ;
#11536 = EDGE_LOOP ( 'NONE', ( #11988, #10435, #5755, #11917 ) ) ;
#11537 = DIRECTION ( 'NONE',  ( -1.000000000000000000, 0.000000000000000000, 0.000000000000000000 ) ) ;
#11538 = ORIENTED_EDGE ( 'NONE', *, *, #2914, .T. ) ;
#11539 = VECTOR ( 'NONE', #12058, 1000.000000000000000 ) ;
#11540 = ORIENTED_EDGE ( 'NONE', *, *, #7764, .T. ) ;
#11541 = VERTEX_POINT ( 'NONE', #28 ) ;
#11542 = LINE ( 'NONE', #8342, #4816 ) ;
#11543 = VERTEX_POINT ( 'NONE', #5703 ) ;
#11544 = AXIS2_PLACEMENT_3D ( 'NONE', #7613, #10599, #3396 ) ;
#11545 = LINE ( 'NONE', #9574, #3983 ) ;
#11546 = ORIENTED_EDGE ( 'NONE', *, *, #2230, .F. ) ;
#11547 = DIRECTION ( 'NONE',  ( -0.000000000000000000, -1.000000000000000000, -0.000000000000000000 ) ) ;
#11548 = EDGE_CURVE ( 'NONE', #1321, #9261, #502, .T. ) ;
#11549 = AXIS2_PLACEMENT_3D ( 'NONE', #1879, #2912, #5841 ) ;
#11550 = DIRECTION ( 'NONE',  ( -1.299418334065024626E-16, 1.000000000000000000, 0.000000000000000000 ) ) ;
#11551 = VERTEX_POINT ( 'NONE', #1865 ) ;
#11552 = FACE_OUTER_BOUND ( 'NONE', #12787, .T. ) ;
#11553 = EDGE_LOOP ( 'NONE', ( #5916, #4451, #1340, #9567 ) ) ;
#11554 = DIRECTION ( 'NONE',  ( -1.000000000000000000, 0.000000000000000000, 0.000000000000000000 ) ) ;
#11555 = EDGE_LOOP ( 'NONE', ( #5630, #5989, #10367, #3922 ) ) ;
#11556 = ORIENTED_EDGE ( 'NONE', *, *, #1010, .F. ) ;
#11557 = CARTESIAN_POINT ( 'NONE',  ( 77.69999999999998863, 41.90749664306598987, -0.3000000000000006550 ) ) ;
#11558 = EDGE_CURVE ( 'NONE', #7763, #9958, #2960, .T. ) ;
#11559 = AXIS2_PLACEMENT_3D ( 'NONE', #11231, #7066, #11297 ) ;
#11560 = LINE ( 'NONE', #8553, #6367 ) ;
#11561 = CIRCLE ( 'NONE', #5947, 1.500000000000001332 ) ;
#11562 = DIRECTION ( 'NONE',  ( -0.000000000000000000, 0.000000000000000000, 1.000000000000000000 ) ) ;
#11563 = FACE_OUTER_BOUND ( 'NONE', #212, .T. ) ;
#11564 = CARTESIAN_POINT ( 'NONE',  ( 29.35000000000000142, 67.74999999999998579, -1.600000000000004086 ) ) ;
#11565 = DIRECTION ( 'NONE',  ( -1.000000000000000000, 1.850371707708595943E-15, 0.000000000000000000 ) ) ;
#11566 = DIRECTION ( 'NONE',  ( 0.000000000000000000, 0.000000000000000000, 1.000000000000000000 ) ) ;
#11567 = AXIS2_PLACEMENT_3D ( 'NONE', #8643, #12486, #7594 ) ;
#11568 = ORIENTED_EDGE ( 'NONE', *, *, #10844, .F. ) ;
#11569 = VECTOR ( 'NONE', #8907, 1000.000000000000000 ) ;
#11570 = AXIS2_PLACEMENT_3D ( 'NONE', #9695, #8580, #6573 ) ;
#11571 = ORIENTED_EDGE ( 'NONE', *, *, #11017, .T. ) ;
#11572 = ORIENTED_EDGE ( 'NONE', *, *, #10543, .T. ) ;
#11573 = LINE ( 'NONE', #2717, #707 ) ;
#11574 = LINE ( 'NONE', #5645, #7721 ) ;
#11575 = ORIENTED_EDGE ( 'NONE', *, *, #6728, .F. ) ;
#11576 = EDGE_CURVE ( 'NONE', #6557, #5803, #7355, .T. ) ;
#11577 = ORIENTED_EDGE ( 'NONE', *, *, #6639, .F. ) ;
#11578 = EDGE_CURVE ( 'NONE', #2342, #4378, #7775, .T. ) ;
#11579 = DIRECTION ( 'NONE',  ( -1.000000000000000000, 0.000000000000000000, 0.000000000000000000 ) ) ;
#11580 = DIRECTION ( 'NONE',  ( 0.000000000000000000, 0.000000000000000000, -1.000000000000000000 ) ) ;
#11581 = CARTESIAN_POINT ( 'NONE',  ( 26.10000000000000497, 29.00000000000000000, 6.499999999999999112 ) ) ;
#11582 = EDGE_CURVE ( 'NONE', #6666, #9335, #3754, .T. ) ;
#11583 = CARTESIAN_POINT ( 'NONE',  ( 28.80000000000000782, 54.74999999999999289, 2.100000659999999630 ) ) ;
#11584 = ADVANCED_FACE ( 'NONE', ( #1994 ), #7706, .F. ) ;
#11585 = FACE_BOUND ( 'NONE', #7635, .T. ) ;
#11586 = DIRECTION ( 'NONE',  ( -0.000000000000000000, -0.000000000000000000, 1.000000000000000000 ) ) ;
#11587 = PLANE ( 'NONE',  #8816 ) ;
#11588 = ADVANCED_FACE ( 'NONE', ( #9731 ), #2709, .T. ) ;
#11589 = LINE ( 'NONE', #1686, #4078 ) ;
#11590 = ORIENTED_EDGE ( 'NONE', *, *, #5784, .F. ) ;
#11591 = EDGE_CURVE ( 'NONE', #2158, #9265, #3839, .T. ) ;
#11592 = CARTESIAN_POINT ( 'NONE',  ( 52.94999999999998153, 35.45000000000000284, 8.499999999999998224 ) ) ;
#11593 = DIRECTION ( 'NONE',  ( 0.000000000000000000, 0.000000000000000000, -1.000000000000000000 ) ) ;
#11594 = ORIENTED_EDGE ( 'NONE', *, *, #3470, .T. ) ;
#11595 = CARTESIAN_POINT ( 'NONE',  ( 28.24999999999998224, 31.75000000000000000, 4.500000000000003553 ) ) ;
#11596 = ADVANCED_FACE ( 'NONE', ( #6673 ), #10639, .F. ) ;
#11597 = ORIENTED_EDGE ( 'NONE', *, *, #185, .F. ) ;
#11598 = CARTESIAN_POINT ( 'NONE',  ( 69.79999999999999716, 27.35000000000000853, 35.97994811066136833 ) ) ;
#11599 = CARTESIAN_POINT ( 'NONE',  ( 29.00000000000000000, 29.00000000000000000, 6.499999999999999112 ) ) ;
#11600 = EDGE_LOOP ( 'NONE', ( #7622, #4632, #8531, #8937 ) ) ;
#11601 = PLANE ( 'NONE',  #8414 ) ;
#11602 = ORIENTED_EDGE ( 'NONE', *, *, #11373, .T. ) ;
#11603 = DIRECTION ( 'NONE',  ( -0.000000000000000000, -1.000000000000000000, -0.000000000000000000 ) ) ;
#11604 = ORIENTED_EDGE ( 'NONE', *, *, #4792, .F. ) ;
#11605 = EDGE_LOOP ( 'NONE', ( #12562, #12807, #10905, #1997 ) ) ;
#11606 = ORIENTED_EDGE ( 'NONE', *, *, #3543, .F. ) ;
#11607 = VERTEX_POINT ( 'NONE', #815 ) ;
#11608 = VERTEX_POINT ( 'NONE', #4793 ) ;
#11609 = CYLINDRICAL_SURFACE ( 'NONE', #8761, 2.999999999999999112 ) ;
#11610 = ORIENTED_EDGE ( 'NONE', *, *, #928, .F. ) ;
#11611 = CARTESIAN_POINT ( 'NONE',  ( 76.25000000000000000, 67.74999999999998579, 0.000000000000000000 ) ) ;
#11612 = CARTESIAN_POINT ( 'NONE',  ( 32.24999999999998579, 30.25000000000000000, -1.600000000000004086 ) ) ;
#11613 = ORIENTED_EDGE ( 'NONE', *, *, #493, .T. ) ;
#11614 = CARTESIAN_POINT ( 'NONE',  ( 71.34900000000000375, 0.000000000000000000, -3.000000000000000000 ) ) ;
#11615 = ORIENTED_EDGE ( 'NONE', *, *, #4125, .T. ) ;
#11616 = CARTESIAN_POINT ( 'NONE',  ( 76.25000000000000000, 43.24999999999999289, 0.000000000000000000 ) ) ;
#11617 = ORIENTED_EDGE ( 'NONE', *, *, #6735, .T. ) ;
#11618 = VECTOR ( 'NONE', #3277, 1000.000000000000114 ) ;
#11619 = ORIENTED_EDGE ( 'NONE', *, *, #6241, .T. ) ;
#11620 = FACE_OUTER_BOUND ( 'NONE', #11062, .T. ) ;
#11621 = EDGE_CURVE ( 'NONE', #6527, #12512, #2845, .T. ) ;
#11622 = DIRECTION ( 'NONE',  ( -1.000000000000000000, 0.000000000000000000, 0.000000000000000000 ) ) ;
#11623 = CARTESIAN_POINT ( 'NONE',  ( 83.74999999999998579, 25.75000000000000000, 0.02537095144379032663 ) ) ;
#11624 = CARTESIAN_POINT ( 'NONE',  ( 70.25000000000000000, 31.67905841137542922, 0.000000000000000000 ) ) ;
#11625 = VECTOR ( 'NONE', #11250, 1000.000000000000000 ) ;
#11626 = CARTESIAN_POINT ( 'NONE',  ( 34.24999999999998579, 76.25000000000000000, 0.000000000000000000 ) ) ;
#11627 = CARTESIAN_POINT ( 'NONE',  ( 57.64999999999999147, 25.75000000000000000, -3.500000000000000000 ) ) ;
#11628 = CYLINDRICAL_SURFACE ( 'NONE', #6657, 2.899999999999996358 ) ;
#11629 = EDGE_CURVE ( 'NONE', #3795, #5431, #11760, .T. ) ;
#11630 = EDGE_LOOP ( 'NONE', ( #5481, #1233, #5129, #10982 ) ) ;
#11631 = ORIENTED_EDGE ( 'NONE', *, *, #3058, .T. ) ;
#11632 = ORIENTED_EDGE ( 'NONE', *, *, #6030, .T. ) ;
#11633 = DIRECTION ( 'NONE',  ( 0.000000000000000000, 0.000000000000000000, -1.000000000000000000 ) ) ;
#11634 = DIRECTION ( 'NONE',  ( -1.000000000000000000, 0.000000000000000000, 0.000000000000000000 ) ) ;
#11635 = ORIENTED_EDGE ( 'NONE', *, *, #9018, .T. ) ;
#11636 = CIRCLE ( 'NONE', #4779, 0.5000000000000001110 ) ;
#11637 = ORIENTED_EDGE ( 'NONE', *, *, #10962, .T. ) ;
#11638 = CARTESIAN_POINT ( 'NONE',  ( 39.24999955999999912, 37.24999955999998491, -5.000000000000000000 ) ) ;
#11639 = DIRECTION ( 'NONE',  ( 0.000000000000000000, 0.7071067811865431318, -0.7071067811865517916 ) ) ;
#11640 = CYLINDRICAL_SURFACE ( 'NONE', #10027, 1.250000000000001110 ) ;
#11641 = DIRECTION ( 'NONE',  ( -0.000000000000000000, -1.000000000000000000, -0.000000000000000000 ) ) ;
#11642 = VECTOR ( 'NONE', #12037, 1000.000000000000000 ) ;
#11643 = AXIS2_PLACEMENT_3D ( 'NONE', #712, #7732, #9622 ) ;
#11644 = CIRCLE ( 'NONE', #6228, 0.7500000000000006661 ) ;
#11645 = CARTESIAN_POINT ( 'NONE',  ( 53.25000000000000000, 28.85000000000000853, -3.100000000000000533 ) ) ;
#11646 = DIRECTION ( 'NONE',  ( 0.000000000000000000, 0.000000000000000000, -1.000000000000000000 ) ) ;
#11647 = LINE ( 'NONE', #4425, #8800 ) ;
#11648 = LINE ( 'NONE', #10737, #11922 ) ;
#11649 = CARTESIAN_POINT ( 'NONE',  ( 27.34999999999999787, 53.25000000000000000, -3.100000000000000533 ) ) ;
#11650 = VERTEX_POINT ( 'NONE', #3223 ) ;
#11651 = ADVANCED_FACE ( 'NONE', ( #4069 ), #1070, .F. ) ;
#11652 = AXIS2_PLACEMENT_3D ( 'NONE', #9292, #1352, #2198 ) ;
#11653 = CARTESIAN_POINT ( 'NONE',  ( 71.44999999999997442, 51.44999999999999574, 6.499999999999999112 ) ) ;
#11654 = CARTESIAN_POINT ( 'NONE',  ( 77.19999999999998863, 28.29999999999999716, -5.000000000000000000 ) ) ;
#11655 = CIRCLE ( 'NONE', #11449, 0.5000000000000004441 ) ;
#11656 = VERTEX_POINT ( 'NONE', #12072 ) ;
#11657 = CARTESIAN_POINT ( 'NONE',  ( 60.64999999999999147, 24.29998799999999548, 6.499999999999999112 ) ) ;
#11658 = CARTESIAN_POINT ( 'NONE',  ( 66.64999999999999147, 24.49999999999997513, 0.02537095144379032663 ) ) ;
#11659 = DATE_TIME_ROLE ( 'creation_date' ) ;
#11660 = ADVANCED_FACE ( 'NONE', ( #5110 ), #8998, .F. ) ;
#11661 = EDGE_CURVE ( 'NONE', #1738, #8604, #4195, .T. ) ;
#11662 = VECTOR ( 'NONE', #12648, 1000.000000000000000 ) ;
#11663 = FACE_OUTER_BOUND ( 'NONE', #4681, .T. ) ;
#11664 = ORIENTED_EDGE ( 'NONE', *, *, #7744, .T. ) ;
#11665 = DIRECTION ( 'NONE',  ( 0.000000000000000000, 1.000000000000000000, 0.000000000000000000 ) ) ;
#11666 = ORIENTED_EDGE ( 'NONE', *, *, #2739, .T. ) ;
#11667 = CARTESIAN_POINT ( 'NONE',  ( 56.14999999999999147, 25.75000000000000000, 0.5253709514437902017 ) ) ;
#11668 = VERTEX_POINT ( 'NONE', #2177 ) ;
#11669 = EDGE_CURVE ( 'NONE', #1384, #12542, #3648, .T. ) ;
#11670 = VERTEX_POINT ( 'NONE', #6145 ) ;
#11671 = EDGE_CURVE ( 'NONE', #1392, #10311, #8147, .T. ) ;
#11672 = EDGE_CURVE ( 'NONE', #3742, #7544, #8606, .T. ) ;
#11673 = VECTOR ( 'NONE', #3870, 1000.000000000000000 ) ;
#11674 = CARTESIAN_POINT ( 'NONE',  ( 62.75000043999999377, 65.75000043999999377, -3.100000000000000533 ) ) ;
#11675 = EDGE_LOOP ( 'NONE', ( #2538, #2851, #11423, #8253 ) ) ;
#11676 = FACE_OUTER_BOUND ( 'NONE', #737, .T. ) ;
#11677 = CIRCLE ( 'NONE', #3150, 0.6999999999999992895 ) ;
#11678 = DIRECTION ( 'NONE',  ( 1.000000000000000000, 0.000000000000000000, 0.000000000000000000 ) ) ;
#11679 = ORIENTED_EDGE ( 'NONE', *, *, #11186, .T. ) ;
#11680 = DIRECTION ( 'NONE',  ( 0.000000000000000000, -0.000000000000000000, 1.000000000000000000 ) ) ;
#11681 = ORIENTED_EDGE ( 'NONE', *, *, #4978, .F. ) ;
#11682 = CARTESIAN_POINT ( 'NONE',  ( 73.43999999999998352, 66.46100000000001273, -3.000000000000000000 ) ) ;
#11683 = ORIENTED_EDGE ( 'NONE', *, *, #2407, .F. ) ;
#11684 = ORIENTED_EDGE ( 'NONE', *, *, #5845, .F. ) ;
#11685 = CYLINDRICAL_SURFACE ( 'NONE', #9270, 1.500000000000001332 ) ;
#11686 = AXIS2_PLACEMENT_3D ( 'NONE', #3299, #4138, #11296 ) ;
#11687 = VECTOR ( 'NONE', #10016, 1000.000000000000000 ) ;
#11688 = LINE ( 'NONE', #10706, #625 ) ;
#11689 = DIRECTION ( 'NONE',  ( -0.000000000000000000, -0.000000000000000000, 1.000000000000000000 ) ) ;
#11690 = DIRECTION ( 'NONE',  ( 1.000000000000000000, 1.299418334065024626E-16, 0.000000000000000000 ) ) ;
#11691 = CARTESIAN_POINT ( 'NONE',  ( 0.000000000000000000, 0.000000000000000000, -3.000000000000000000 ) ) ;
#11692 = DIRECTION ( 'NONE',  ( -0.000000000000000000, -0.000000000000000000, 1.000000000000000000 ) ) ;
#11693 = DIRECTION ( 'NONE',  ( 0.000000000000000000, 0.000000000000000000, -1.000000000000000000 ) ) ;
#11694 = VECTOR ( 'NONE', #2315, 1000.000000000000000 ) ;
#11695 = EDGE_LOOP ( 'NONE', ( #5083, #4359, #8738, #5875 ) ) ;
#11696 = CONICAL_SURFACE ( 'NONE', #10851, 2.899999999999996358, 0.7853981633974447263 ) ;
#11697 = ORIENTED_EDGE ( 'NONE', *, *, #7677, .T. ) ;
#11698 = EDGE_LOOP ( 'NONE', ( #4445, #5280, #9208, #2480 ) ) ;
#11699 = CARTESIAN_POINT ( 'NONE',  ( 66.64999999999999147, 24.29999999999999361, 0.5253709514437902017 ) ) ;
#11700 = CARTESIAN_POINT ( 'NONE',  ( 71.44999999999997442, 57.69999999999998863, 7.999999999999998224 ) ) ;
#11701 = VERTEX_POINT ( 'NONE', #7185 ) ;
#11702 = PLANE ( 'NONE',  #760 ) ;
#11703 = DIRECTION ( 'NONE',  ( -1.000000000000000000, 0.000000000000000000, 0.000000000000000000 ) ) ;
#11704 = AXIS2_PLACEMENT_3D ( 'NONE', #5985, #11908, #6962 ) ;
#11705 = DIRECTION ( 'NONE',  ( 0.000000000000000000, 0.000000000000000000, 1.000000000000000000 ) ) ;
#11706 = CARTESIAN_POINT ( 'NONE',  ( 27.75000000000000000, 73.00000000000000000, -4.500000000000000888 ) ) ;
#11707 = DIRECTION ( 'NONE',  ( -1.000000000000000000, 0.000000000000000000, 0.000000000000000000 ) ) ;
#11708 = EDGE_CURVE ( 'NONE', #11608, #5629, #5235, .T. ) ;
#11709 = VECTOR ( 'NONE', #8709, 1000.000000000000000 ) ;
#11710 = CARTESIAN_POINT ( 'NONE',  ( 51.75000000000000000, 34.74999955999999202, -3.100000000000000533 ) ) ;
#11711 = DIRECTION ( 'NONE',  ( 0.000000000000000000, -0.000000000000000000, -1.000000000000000000 ) ) ;
#11712 = VECTOR ( 'NONE', #2790, 1000.000000000000000 ) ;
#11713 = LINE ( 'NONE', #8846, #10877 ) ;
#11714 = CARTESIAN_POINT ( 'NONE',  ( 31.89999999999999858, 29.00000000000000000, 6.499999999999999112 ) ) ;
#11715 = ORIENTED_EDGE ( 'NONE', *, *, #12768, .F. ) ;
#11716 = CARTESIAN_POINT ( 'NONE',  ( 73.00000000000000000, 29.00000000000000000, -1.600000000000000311 ) ) ;
#11717 = DIRECTION ( 'NONE',  ( -0.000000000000000000, -0.000000000000000000, -1.000000000000000000 ) ) ;
#11718 = ORIENTED_EDGE ( 'NONE', *, *, #7920, .T. ) ;
#11719 = LINE ( 'NONE', #7022, #3816 ) ;
#11720 = AXIS2_PLACEMENT_3D ( 'NONE', #12085, #8165, #4082 ) ;
#11721 = AXIS2_PLACEMENT_3D ( 'NONE', #2218, #7087, #1231 ) ;
#11722 = CARTESIAN_POINT ( 'NONE',  ( 65.64999999999999147, 24.49999999999997513, 5.999999999999999112 ) ) ;
#11723 = CALENDAR_DATE ( 2026, 2, 7 ) ;
#11724 = DIRECTION ( 'NONE',  ( 0.000000000000000000, 0.000000000000000000, -1.000000000000000000 ) ) ;
#11725 = ORIENTED_EDGE ( 'NONE', *, *, #4825, .F. ) ;
#11726 = DIRECTION ( 'NONE',  ( 0.000000000000000000, 0.000000000000000000, 1.000000000000000000 ) ) ;
#11727 = EDGE_LOOP ( 'NONE', ( #4768, #7492, #6258, #10297 ) ) ;
#11728 = VECTOR ( 'NONE', #8497, 1000.000000000000114 ) ;
#11729 = CARTESIAN_POINT ( 'NONE',  ( 75.25000000000000000, 52.44999999999999574, 6.499999999999999112 ) ) ;
#11730 = ORIENTED_EDGE ( 'NONE', *, *, #9908, .F. ) ;
#11731 = VERTEX_POINT ( 'NONE', #11024 ) ;
#11732 = DIRECTION ( 'NONE',  ( -1.000000000000000000, 0.000000000000000000, 0.000000000000000000 ) ) ;
#11733 = CARTESIAN_POINT ( 'NONE',  ( 31.74999999999995737, 31.74999999999999289, 4.499999999999999112 ) ) ;
#11734 = VECTOR ( 'NONE', #3310, 1000.000000000000000 ) ;
#11735 = APPROVAL ( #7234, 'æœª' ) ;
#11736 = EDGE_CURVE ( 'NONE', #8994, #10608, #1135, .T. ) ;
#11737 = EDGE_CURVE ( 'NONE', #5385, #4576, #12010, .T. ) ;
#11738 = DIRECTION ( 'NONE',  ( 0.000000000000000000, -1.172110456741090019E-16, 1.000000000000000000 ) ) ;
#11739 = ORIENTED_EDGE ( 'NONE', *, *, #5845, .T. ) ;
#11740 = CONICAL_SURFACE ( 'NONE', #92, 3.499999999999996003, 0.7853981633974415066 ) ;
#11741 = VECTOR ( 'NONE', #8085, 1000.000000000000000 ) ;
#11742 = CARTESIAN_POINT ( 'NONE',  ( 31.74999999999997158, 68.75000000000000000, 4.499999999999999112 ) ) ;
#11743 = CARTESIAN_POINT ( 'NONE',  ( 27.40000000000000213, 73.00000000000000000, 44.50000000000000711 ) ) ;
#11744 = EDGE_CURVE ( 'NONE', #8848, #8189, #4886, .T. ) ;
#11745 = AXIS2_PLACEMENT_3D ( 'NONE', #12193, #8988, #1187 ) ;
#11746 = ORIENTED_EDGE ( 'NONE', *, *, #604, .F. ) ;
#11747 = LINE ( 'NONE', #5817, #12679 ) ;
#11748 = EDGE_CURVE ( 'NONE', #8545, #393, #7367, .T. ) ;
#11749 = VERTEX_POINT ( 'NONE', #3028 ) ;
#11750 = CARTESIAN_POINT ( 'NONE',  ( 56.64999999999999147, 24.49999999999999289, 6.499999999999999112 ) ) ;
#11751 = ORIENTED_EDGE ( 'NONE', *, *, #6532, .F. ) ;
#11752 = ORIENTED_EDGE ( 'NONE', *, *, #801, .F. ) ;
#11753 = FACE_OUTER_BOUND ( 'NONE', #5428, .T. ) ;
#11754 = ADVANCED_FACE ( 'NONE', ( #6077 ), #6998, .F. ) ;
#11755 = EDGE_CURVE ( 'NONE', #10482, #6853, #9072, .T. ) ;
#11756 = VECTOR ( 'NONE', #2421, 1000.000000000000000 ) ;
#11757 = DIRECTION ( 'NONE',  ( 1.000000000000000000, 0.000000000000000000, -0.000000000000000000 ) ) ;
#11758 = DIRECTION ( 'NONE',  ( -1.000000000000000000, 0.000000000000000000, 0.000000000000000000 ) ) ;
#11759 = DIRECTION ( 'NONE',  ( 0.000000000000000000, 0.000000000000000000, 1.000000000000000000 ) ) ;
#11760 = LINE ( 'NONE', #11157, #1542 ) ;
#11761 = DIRECTION ( 'NONE',  ( -1.000000000000000000, 0.000000000000000000, 0.000000000000000000 ) ) ;
#11762 = DIRECTION ( 'NONE',  ( -1.299418334065024626E-16, 1.000000000000000000, 0.000000000000000000 ) ) ;
#11763 = ORIENTED_EDGE ( 'NONE', *, *, #1643, .F. ) ;
#11764 = ORIENTED_EDGE ( 'NONE', *, *, #11920, .T. ) ;
#11765 = ORIENTED_EDGE ( 'NONE', *, *, #9510, .T. ) ;
#11766 = LINE ( 'NONE', #12738, #3622 ) ;
#11767 = PLANE ( 'NONE',  #5865 ) ;
#11768 = VERTEX_POINT ( 'NONE', #9835 ) ;
#11769 = EDGE_CURVE ( 'NONE', #1721, #9891, #8981, .T. ) ;
#11770 = EDGE_LOOP ( 'NONE', ( #4718, #2882, #10099, #12853 ) ) ;
#11771 = LINE ( 'NONE', #3041, #12608 ) ;
#11772 = AXIS2_PLACEMENT_3D ( 'NONE', #7857, #2919, #4810 ) ;
#11773 = CARTESIAN_POINT ( 'NONE',  ( 39.24999955999999912, 62.75000043999999377, -3.100000000000000533 ) ) ;
#11774 = DIRECTION ( 'NONE',  ( 0.000000000000000000, 0.000000000000000000, 1.000000000000000000 ) ) ;
#11775 = VECTOR ( 'NONE', #1415, 1000.000000000000114 ) ;
#11776 = CARTESIAN_POINT ( 'NONE',  ( 53.64999999999999147, 25.75000000000000000, 0.02537095144378743658 ) ) ;
#11777 = AXIS2_PLACEMENT_3D ( 'NONE', #3782, #5857, #6770 ) ;
#11778 = VECTOR ( 'NONE', #5533, 1000.000000000000000 ) ;
#11779 = DIRECTION ( 'NONE',  ( 1.000000000000000000, 1.299418334065024133E-16, -0.000000000000000000 ) ) ;
#11780 = DIRECTION ( 'NONE',  ( 0.000000000000000000, -1.000000000000000000, 0.000000000000000000 ) ) ;
#11781 = PLANE ( 'NONE',  #12331 ) ;
#11782 = LINE ( 'NONE', #2660, #4871 ) ;
#11783 = PLANE ( 'NONE',  #9069 ) ;
#11784 = VERTEX_POINT ( 'NONE', #4838 ) ;
#11785 = CARTESIAN_POINT ( 'NONE',  ( 60.14999999999999147, 24.49999999999999289, 0.5253709514437898687 ) ) ;
#11786 = DIRECTION ( 'NONE',  ( -1.000000000000000000, 0.000000000000000000, 0.000000000000000000 ) ) ;
#11787 = AXIS2_PLACEMENT_3D ( 'NONE', #1424, #3111, #377 ) ;
#11788 = DIRECTION ( 'NONE',  ( 9.188275156155114694E-17, -0.7071067811865521247, -0.7071067811865430208 ) ) ;
#11789 = EDGE_CURVE ( 'NONE', #7801, #9261, #3800, .T. ) ;
#11790 = CARTESIAN_POINT ( 'NONE',  ( 72.44999999999997442, 51.44999999999999574, 8.499999999999998224 ) ) ;
#11791 = ORIENTED_EDGE ( 'NONE', *, *, #9957, .T. ) ;
#11792 = FACE_OUTER_BOUND ( 'NONE', #9830, .T. ) ;
#11793 = ORIENTED_EDGE ( 'NONE', *, *, #7825, .T. ) ;
#11794 = LINE ( 'NONE', #3003, #11144 ) ;
#11795 = EDGE_LOOP ( 'NONE', ( #7846, #6859, #8381, #1314 ) ) ;
#11796 = CARTESIAN_POINT ( 'NONE',  ( 28.30000000000000071, 73.69999999999998863, 9.999999999999998224 ) ) ;
#11797 = CARTESIAN_POINT ( 'NONE',  ( 76.25000000000000000, 76.25000000000000000, 3.404999829744058459 ) ) ;
#11798 = PLANE ( 'NONE',  #3568 ) ;
#11799 = EDGE_LOOP ( 'NONE', ( #1398, #7682, #1933, #986 ) ) ;
#11800 = CARTESIAN_POINT ( 'NONE',  ( 28.80000000000000782, 55.74999999999999289, 1.100000659999999852 ) ) ;
#11801 = LINE ( 'NONE', #2693, #1480 ) ;
#11802 = EDGE_CURVE ( 'NONE', #4160, #12869, #5748, .T. ) ;
#11803 = ORIENTED_EDGE ( 'NONE', *, *, #3703, .F. ) ;
#11804 = DIRECTION ( 'NONE',  ( -0.000000000000000000, -0.000000000000000000, 1.000000000000000000 ) ) ;
#11805 = VERTEX_POINT ( 'NONE', #5873 ) ;
#11806 = CARTESIAN_POINT ( 'NONE',  ( 62.75000043999999377, 37.74999955999999912, -5.000000000000000000 ) ) ;
#11807 = ORIENTED_EDGE ( 'NONE', *, *, #7267, .F. ) ;
#11808 = ORIENTED_EDGE ( 'NONE', *, *, #5764, .F. ) ;
#11809 = CYLINDRICAL_SURFACE ( 'NONE', #9892, 2.899999999999999911 ) ;
#11810 = CARTESIAN_POINT ( 'NONE',  ( 66.64999999999999147, 24.29998799999999548, 0.02537095144379032663 ) ) ;
#11811 = DIRECTION ( 'NONE',  ( -0.000000000000000000, -0.000000000000000000, 1.000000000000000000 ) ) ;
#11812 = CARTESIAN_POINT ( 'NONE',  ( 67.74999999999998579, 76.25000000000000000, -3.500000000000000000 ) ) ;
#11813 = DIRECTION ( 'NONE',  ( 0.000000000000000000, -1.000000000000000000, 0.000000000000000000 ) ) ;
#11814 = CARTESIAN_POINT ( 'NONE',  ( 48.74999999999999289, 28.85000000000000853, -3.099999999999998757 ) ) ;
#11815 = EDGE_CURVE ( 'NONE', #6906, #1528, #12710, .T. ) ;
#11816 = EDGE_LOOP ( 'NONE', ( #4917, #2209 ) ) ;
#11817 = EDGE_CURVE ( 'NONE', #9507, #7586, #5939, .T. ) ;
#11818 = ORIENTED_EDGE ( 'NONE', *, *, #7596, .T. ) ;
#11819 = VERTEX_POINT ( 'NONE', #1973 ) ;
#11820 = DIRECTION ( 'NONE',  ( 1.000000000000000000, 3.700743415417189619E-16, -0.000000000000000000 ) ) ;
#11821 = CLOSED_SHELL ( 'NONE', ( #9815, #12578, #4646, #7442, #12212, #1407, #2947, #11660, #12523, #4111, #9272, #8355, #4902, #11029, #1815, #10195, #6558, #2661, #12136, #5220, #7415, #10049, #519, #11105, #9234, #11596, #10710, #9735, #7186, #4026, #9748, #9663, #12622, #3317, #9359, #8909, #8626, #11754, #2992, #4311, #10059, #2544, #8462, #5941, #12450, #8361, #3719, #7359, #7108, #5851, #3287, #3088, #9262, #2847, #11334, #10945, #3555, #6631, #10948, #2843, #6043, #5862, #5855, #8508, #10755, #1456, #4020, #11499, #7759, #1763, #2273, #12225, #9435, #12620, #6819, #11040, #12050, #9585, #47, #10307, #7050, #2899, #534, #7905, #2202, #6410, #2512, #1548, #8142, #2275, #3238, #9824, #29, #1445, #2151, #9340, #12786, #1438, #2718, #4707, #2655, #8788, #10775, #3993, #512, #12383, #3802, #3225, #9094, #2033, #438, #6175, #12525, #7046, #12396, #7532, #1852, #9581, #7280, #5227, #454, #11584, #3584, #1869, #8635, #4824, #6341, #10123, #7794, #7675, #4667, #9823, #8532, #3040, #132, #6482, #3801, #12159, #6317, #1816, #11896, #10931, #976, #4030, #3391, #7674, #10098, #5143, #7271, #5471, #4421, #12860, #12534, #11427, #8989, #5528, #6879, #11263, #277, #4090, #12293, #10615, #8803, #6495, #1196, #12061, #7913, #6855, #4748, #1555, #11897, #3882, #39, #2878, #6926, #11255, #7374, #2027, #8663, #4232, #9284, #3170, #2694, #5780, #10454, #1150, #9429, #1395, #2002, #8797, #1562, #586, #594, #1558, #916, #8306, #3107, #8873, #1962, #6254, #12627, #11332, #10457, #10540, #3716, #8236, #9087, #5001, #8802, #11900, #6884, #12660, #10785, #1075, #8223, #6807, #9491, #4900, #7446, #370, #8050, #12610, #10508, #4890, #5785, #8198, #12040, #8279, #7214, #10366, #11101, #10011, #5295, #11884, #863, #3865, #5095, #9721, #363, #11000, #9289, #4750, #11108, #287, #10465, #2624, #9107, #12717, #3788, #7875, #6978, #3864, #12023, #10978, #4583, #12219, #9426, #9274, #10621, #8239, #8494, #7831, #5503, #12855, #1017, #4812, #12683, #8065, #9582, #6890, #4264, #5776, #7028, #8401, #732, #2264, #776, #4908, #1045, #1702, #12776, #2440, #8697, #11063, #5934 ) ) ;
#11822 = DIRECTION ( 'NONE',  ( -0.000000000000000000, -0.000000000000000000, 1.000000000000000000 ) ) ;
#11823 = ORIENTED_EDGE ( 'NONE', *, *, #11178, .F. ) ;
#11824 = EDGE_CURVE ( 'NONE', #9958, #8055, #514, .T. ) ;
#11825 = ORIENTED_EDGE ( 'NONE', *, *, #2897, .F. ) ;
#11826 = LINE ( 'NONE', #10726, #2010 ) ;
#11827 = CARTESIAN_POINT ( 'NONE',  ( 39.24999955999999912, 62.75000043999999377, -4.499999999999992895 ) ) ;
#11828 = EDGE_CURVE ( 'NONE', #3742, #10871, #931, .T. ) ;
#11829 = AXIS2_PLACEMENT_3D ( 'NONE', #6196, #8013, #3990 ) ;
#11830 = ADVANCED_FACE ( 'NONE', ( #5020 ), #6977, .T. ) ;
#11831 = CARTESIAN_POINT ( 'NONE',  ( 28.30000000000001137, 24.29999999999999005, 15.00000000000000000 ) ) ;
#11832 = LINE ( 'NONE', #9929, #7723 ) ;
#11833 = CARTESIAN_POINT ( 'NONE',  ( 75.50000000000000000, 40.52874832153299423, 3.323999333381999488 ) ) ;
#11834 = DIRECTION ( 'NONE',  ( -1.000000000000000000, -1.299418334065024626E-16, 0.000000000000000000 ) ) ;
#11835 = VECTOR ( 'NONE', #2412, 1000.000000000000000 ) ;
#11836 = DIRECTION ( 'NONE',  ( -1.000000000000000000, 0.000000000000000000, 0.000000000000000000 ) ) ;
#11837 = DIRECTION ( 'NONE',  ( -1.000000000000000000, 0.000000000000000000, 0.000000000000000000 ) ) ;
#11838 = LINE ( 'NONE', #4942, #7206 ) ;
#11839 = ORIENTED_EDGE ( 'NONE', *, *, #2188, .T. ) ;
#11840 = DIRECTION ( 'NONE',  ( -1.000000000000000000, 0.000000000000000000, 0.000000000000000000 ) ) ;
#11841 = DIRECTION ( 'NONE',  ( 1.299418334065024873E-16, -1.000000000000000000, -0.000000000000000000 ) ) ;
#11842 = CARTESIAN_POINT ( 'NONE',  ( 77.69999999999998863, 24.29999999999999716, 6.699999999999978861 ) ) ;
#11843 = ORIENTED_EDGE ( 'NONE', *, *, #9451, .F. ) ;
#11844 = AXIS2_PLACEMENT_3D ( 'NONE', #10253, #1280, #5255 ) ;
#11845 = DIRECTION ( 'NONE',  ( -0.000000000000000000, 0.000000000000000000, 1.000000000000000000 ) ) ;
#11846 = EDGE_LOOP ( 'NONE', ( #4736, #9227, #6173, #5310 ) ) ;
#11847 = DIRECTION ( 'NONE',  ( 0.000000000000000000, 0.000000000000000000, -1.000000000000000000 ) ) ;
#11848 = EDGE_CURVE ( 'NONE', #3913, #12651, #8865, .T. ) ;
#11849 = AXIS2_PLACEMENT_3D ( 'NONE', #12856, #2370, #2239 ) ;
#11850 = EDGE_LOOP ( 'NONE', ( #9060, #1451, #7949, #6521, #12585, #10005, #6150, #8248 ) ) ;
#11851 = AXIS2_PLACEMENT_3D ( 'NONE', #11457, #5594, #10740 ) ;
#11852 = FACE_OUTER_BOUND ( 'NONE', #8411, .T. ) ;
#11853 = ORIENTED_EDGE ( 'NONE', *, *, #12760, .F. ) ;
#11854 = CARTESIAN_POINT ( 'NONE',  ( 28.74999999999998934, 25.75000000000000000, -5.000000000000000000 ) ) ;
#11855 = CARTESIAN_POINT ( 'NONE',  ( 60.64999999999999147, 24.29998799999999548, 0.02537095144379032663 ) ) ;
#11856 = CARTESIAN_POINT ( 'NONE',  ( 25.74999999999998934, 28.74999999999999645, 0.000000000000000000 ) ) ;
#11857 = AXIS2_PLACEMENT_3D ( 'NONE', #5510, #5441, #5380 ) ;
#11858 = ORIENTED_EDGE ( 'NONE', *, *, #11446, .F. ) ;
#11859 = CARTESIAN_POINT ( 'NONE',  ( 60.14999999999999147, 24.49999999999999289, 0.5253709514437898687 ) ) ;
#11860 = LINE ( 'NONE', #11743, #4808 ) ;
#11861 = VERTEX_POINT ( 'NONE', #797 ) ;
#11862 = CARTESIAN_POINT ( 'NONE',  ( 70.25000000000000000, 73.75000000000000000, 0.000000000000000000 ) ) ;
#11863 = EDGE_CURVE ( 'NONE', #6957, #12758, #9897, .T. ) ;
#11864 = ORIENTED_EDGE ( 'NONE', *, *, #4305, .T. ) ;
#11865 = CARTESIAN_POINT ( 'NONE',  ( 56.14999999999999147, 24.29999999999999361, 6.699999999999999289 ) ) ;
#11866 = ORIENTED_EDGE ( 'NONE', *, *, #7139, .T. ) ;
#11867 = ORIENTED_EDGE ( 'NONE', *, *, #5982, .F. ) ;
#11868 = LINE ( 'NONE', #11936, #2420 ) ;
#11869 = AXIS2_PLACEMENT_3D ( 'NONE', #6808, #4795, #12664 ) ;
#11870 = DIRECTION ( 'NONE',  ( -0.7071067811865474617, 0.7071067811865474617, 0.000000000000000000 ) ) ;
#11871 = VECTOR ( 'NONE', #5560, 1000.000000000000000 ) ;
#11872 = DIRECTION ( 'NONE',  ( 1.000000000000000000, 1.299418334065024626E-16, 0.000000000000000000 ) ) ;
#11873 = DIRECTION ( 'NONE',  ( 0.000000000000000000, 0.000000000000000000, 1.000000000000000000 ) ) ;
#11874 = PLANE ( 'NONE',  #4056 ) ;
#11875 = CARTESIAN_POINT ( 'NONE',  ( 61.84999999999998721, 24.29999999999999361, 15.00000000000000000 ) ) ;
#11876 = VERTEX_POINT ( 'NONE', #12841 ) ;
#11877 = AXIS2_PLACEMENT_3D ( 'NONE', #5777, #10970, #2059 ) ;
#11878 = ORIENTED_EDGE ( 'NONE', *, *, #4937, .F. ) ;
#11879 = ORIENTED_EDGE ( 'NONE', *, *, #8140, .F. ) ;
#11881 = CARTESIAN_POINT ( 'NONE',  ( 74.64999999999997726, 69.74999999999998579, 35.97994811066136833 ) ) ;
#11880 = AXIS2_PLACEMENT_3D ( 'NONE', #199, #8067, #4958 ) ;
#11882 = LINE ( 'NONE', #7785, #11475 ) ;
#11883 = ORIENTED_EDGE ( 'NONE', *, *, #4146, .T. ) ;
#11884 = ADVANCED_FACE ( 'NONE', ( #10686 ), #11994, .T. ) ;
#11885 = ORIENTED_EDGE ( 'NONE', *, *, #6074, .T. ) ;
#11886 = CARTESIAN_POINT ( 'NONE',  ( 71.39999999999999147, 29.00000000000000000, 0.000000000000000000 ) ) ;
#11887 = CYLINDRICAL_SURFACE ( 'NONE', #11549, 1.000000000000000888 ) ;
#11888 = EDGE_CURVE ( 'NONE', #8681, #11003, #10943, .T. ) ;
#11889 = LINE ( 'NONE', #6824, #6717 ) ;
#11890 = EDGE_CURVE ( 'NONE', #8810, #5270, #939, .T. ) ;
#11891 = VECTOR ( 'NONE', #2089, 1000.000000000000000 ) ;
#11892 = CARTESIAN_POINT ( 'NONE',  ( 62.75000043999999377, 39.24999955999999912, -4.000000000000000000 ) ) ;
#11893 = VECTOR ( 'NONE', #45, 1000.000000000000000 ) ;
#11894 = EDGE_CURVE ( 'NONE', #11293, #958, #305, .T. ) ;
#11895 = CARTESIAN_POINT ( 'NONE',  ( 64.95000000000000284, 24.29999999999999716, 5.999999999999998224 ) ) ;
#11896 = ADVANCED_FACE ( 'NONE', ( #1778 ), #10757, .T. ) ;
#11897 = ADVANCED_FACE ( 'NONE', ( #1845 ), #7750, .T. ) ;
#11898 = LINE ( 'NONE', #2979, #12262 ) ;
#11899 = EDGE_CURVE ( 'NONE', #6197, #10888, #11940, .T. ) ;
#11900 = ADVANCED_FACE ( 'NONE', ( #6055 ), #10013, .T. ) ;
#11901 = DIRECTION ( 'NONE',  ( 0.000000000000000000, 0.000000000000000000, 1.000000000000000000 ) ) ;
#11902 = EDGE_CURVE ( 'NONE', #3428, #1877, #5501, .T. ) ;
#11903 = CARTESIAN_POINT ( 'NONE',  ( 29.35000000000000142, 67.74999999999998579, -67.93053710242747911 ) ) ;
#11904 = ORIENTED_EDGE ( 'NONE', *, *, #3787, .T. ) ;
#11905 = AXIS2_PLACEMENT_3D ( 'NONE', #1181, #2351, #9175 ) ;
#11906 = DIRECTION ( 'NONE',  ( -1.000000000000000000, 0.000000000000000000, 0.000000000000000000 ) ) ;
#11907 = LINE ( 'NONE', #9761, #12820 ) ;
#11908 = DIRECTION ( 'NONE',  ( -0.000000000000000000, -1.000000000000000000, -0.000000000000000000 ) ) ;
#11909 = ORIENTED_EDGE ( 'NONE', *, *, #4737, .F. ) ;
#11910 = VECTOR ( 'NONE', #10239, 1000.000000000000000 ) ;
#11911 = AXIS2_PLACEMENT_3D ( 'NONE', #5454, #4544, #3452 ) ;
#11912 = CARTESIAN_POINT ( 'NONE',  ( 58.14999999999999147, 24.49999999999999289, 0.02537095144379032663 ) ) ;
#11913 = ORIENTED_EDGE ( 'NONE', *, *, #10603, .F. ) ;
#11914 = LINE ( 'NONE', #10073, #10280 ) ;
#11915 = EDGE_LOOP ( 'NONE', ( #6814, #1250, #1318, #6313 ) ) ;
#11916 = CARTESIAN_POINT ( 'NONE',  ( 29.00000000000000000, 29.00000000000000000, 6.499999999999999112 ) ) ;
#11917 = ORIENTED_EDGE ( 'NONE', *, *, #678, .T. ) ;
#11918 = CARTESIAN_POINT ( 'NONE',  ( 53.14999999999999147, 24.29999999999999361, 6.699999999999995737 ) ) ;
#11919 = DIRECTION ( 'NONE',  ( -0.000000000000000000, -0.000000000000000000, -1.000000000000000000 ) ) ;
#11920 = EDGE_CURVE ( 'NONE', #9209, #12116, #10208, .T. ) ;
#11921 = AXIS2_PLACEMENT_3D ( 'NONE', #9854, #5700, #11690 ) ;
#11922 = VECTOR ( 'NONE', #1622, 1000.000000000000000 ) ;
#11923 = LINE ( 'NONE', #7037, #11248 ) ;
#11924 = EDGE_LOOP ( 'NONE', ( #4785, #4766, #2563, #2453 ) ) ;
#11925 = DIRECTION ( 'NONE',  ( -1.000000000000000000, 0.000000000000000000, 0.000000000000000000 ) ) ;
#11926 = CARTESIAN_POINT ( 'NONE',  ( 59.35000000000000142, 24.29999999999999361, 0.5253709514437902017 ) ) ;
#11927 = AXIS2_PLACEMENT_3D ( 'NONE', #3623, #7582, #685 ) ;
#11928 = EDGE_LOOP ( 'NONE', ( #1284, #1583, #12514, #12173, #9321, #6462 ) ) ;
#11929 = VECTOR ( 'NONE', #7705, 1000.000000000000000 ) ;
#11930 = CARTESIAN_POINT ( 'NONE',  ( 24.80000000000000782, 28.29999999999999005, 9.999999999999998224 ) ) ;
#11931 = ORIENTED_EDGE ( 'NONE', *, *, #1798, .T. ) ;
#11932 = DIRECTION ( 'NONE',  ( 0.000000000000000000, 0.000000000000000000, -1.000000000000000000 ) ) ;
#11933 = ORIENTED_EDGE ( 'NONE', *, *, #3757, .F. ) ;
#11934 = CIRCLE ( 'NONE', #9235, 2.499999999999998668 ) ;
#11935 = ORIENTED_EDGE ( 'NONE', *, *, #4586, .T. ) ;
#11936 = CARTESIAN_POINT ( 'NONE',  ( 72.63799999999999102, 69.74999999999998579, -3.000000000000000000 ) ) ;
#11937 = DIRECTION ( 'NONE',  ( 0.000000000000000000, 1.000000000000000000, 0.000000000000000000 ) ) ;
#11938 = ORIENTED_EDGE ( 'NONE', *, *, #9396, .T. ) ;
#11939 = AXIS2_PLACEMENT_3D ( 'NONE', #7176, #2235, #6200 ) ;
#11940 = CIRCLE ( 'NONE', #3431, 2.899999999999999911 ) ;
#11941 = AXIS2_PLACEMENT_3D ( 'NONE', #5301, #8282, #11479 ) ;
#11942 = CYLINDRICAL_SURFACE ( 'NONE', #10684, 0.5000000000000004441 ) ;
#11943 = EDGE_CURVE ( 'NONE', #5831, #11421, #12243, .T. ) ;
#11944 = CIRCLE ( 'NONE', #719, 1.000000000000000888 ) ;
#11945 = CARTESIAN_POINT ( 'NONE',  ( 77.69999999999998863, 40.40749664306598987, 0.7000000000000000666 ) ) ;
#11946 = CARTESIAN_POINT ( 'NONE',  ( 70.25000000000000000, 70.25000000000000000, 8.499999999999998224 ) ) ;
#11947 = DIRECTION ( 'NONE',  ( 1.000000000000000000, 0.000000000000000000, 0.000000000000000000 ) ) ;
#11948 = ORIENTED_EDGE ( 'NONE', *, *, #12628, .T. ) ;
#11949 = EDGE_CURVE ( 'NONE', #7801, #9196, #10054, .T. ) ;
#11950 = AXIS2_PLACEMENT_3D ( 'NONE', #2766, #12791, #11554 ) ;
#11951 = AXIS2_PLACEMENT_3D ( 'NONE', #686, #9732, #7776 ) ;
#11952 = ORIENTED_EDGE ( 'NONE', *, *, #585, .F. ) ;
#11953 = APPROVAL_PERSON_ORGANIZATION ( #11141, #11735, #2292 ) ;
#11954 = ORIENTED_EDGE ( 'NONE', *, *, #7282, .T. ) ;
#11955 = CARTESIAN_POINT ( 'NONE',  ( 73.00000000000000000, 73.00000000000000000, 6.499999999999999112 ) ) ;
#11956 = DIRECTION ( 'NONE',  ( 0.000000000000000000, 0.000000000000000000, -1.000000000000000000 ) ) ;
#11957 = VECTOR ( 'NONE', #5148, 1000.000000000000114 ) ;
#11958 = EDGE_LOOP ( 'NONE', ( #8977, #346, #3858, #12868 ) ) ;
#11959 = CARTESIAN_POINT ( 'NONE',  ( 49.19999999999998153, 70.95000000000000284, 6.499999999999999112 ) ) ;
#11960 = VECTOR ( 'NONE', #2074, 1000.000000000000114 ) ;
#11961 = CARTESIAN_POINT ( 'NONE',  ( 62.64999999999998437, 24.29998799999999548, 6.499999999999999112 ) ) ;
#11962 = CARTESIAN_POINT ( 'NONE',  ( 72.63799999999999102, 63.67200000000001836, -3.000000000000000000 ) ) ;
#11963 = VECTOR ( 'NONE', #10362, 1000.000000000000000 ) ;
#11964 = DIRECTION ( 'NONE',  ( 1.000000000000000000, 0.000000000000000000, 0.000000000000000000 ) ) ;
#11965 = CARTESIAN_POINT ( 'NONE',  ( 74.18999999999998352, 65.71099999999999852, -1.599999999999997202 ) ) ;
#11966 = CARTESIAN_POINT ( 'NONE',  ( 29.00000000000000000, 73.00000000000000000, 9.999999999999998224 ) ) ;
#11968 = CYLINDRICAL_SURFACE ( 'NONE', #7883, 1.000000000000000888 ) ;
#11967 = AXIS2_PLACEMENT_3D ( 'NONE', #2702, #2565, #7574 ) ;
#11969 = ADVANCED_FACE ( 'NONE', ( #9048 ), #5274, .F. ) ;
#11970 = CARTESIAN_POINT ( 'NONE',  ( 51.75000000000000000, 28.85000000000000853, -4.000000000000000000 ) ) ;
#11971 = EDGE_CURVE ( 'NONE', #7029, #1406, #4237, .T. ) ;
#11972 = VECTOR ( 'NONE', #10657, 1000.000000000000114 ) ;
#11973 = DIRECTION ( 'NONE',  ( -1.000000000000000000, 0.000000000000000000, 0.000000000000000000 ) ) ;
#11974 = ORIENTED_EDGE ( 'NONE', *, *, #9347, .T. ) ;
#11975 = DIRECTION ( 'NONE',  ( 0.000000000000000000, 0.000000000000000000, 1.000000000000000000 ) ) ;
#11976 = CARTESIAN_POINT ( 'NONE',  ( 70.59900000000000375, 68.99999999999998579, -3.000000000000000000 ) ) ;
#11977 = AXIS2_PLACEMENT_3D ( 'NONE', #4787, #11757, #9728 ) ;
#11978 = PLANE ( 'NONE',  #6290 ) ;
#11979 = EDGE_CURVE ( 'NONE', #490, #4, #7165, .T. ) ;
#11980 = AXIS2_PLACEMENT_3D ( 'NONE', #5271, #2221, #5339 ) ;
#11981 = EDGE_CURVE ( 'NONE', #5307, #9958, #5213, .T. ) ;
#11982 = ADVANCED_FACE ( 'NONE', ( #3197 ), #4261, .F. ) ;
#11983 = DIRECTION ( 'NONE',  ( -1.000000000000000000, 0.000000000000000000, 0.000000000000000000 ) ) ;
#11984 = AXIS2_PLACEMENT_3D ( 'NONE', #3573, #2583, #4744 ) ;
#11985 = VERTEX_POINT ( 'NONE', #9312 ) ;
#11986 = CARTESIAN_POINT ( 'NONE',  ( 27.24999999999999645, 67.25000000000000000, 8.499999999999998224 ) ) ;
#11987 = EDGE_CURVE ( 'NONE', #3532, #3795, #12566, .T. ) ;
#11988 = ORIENTED_EDGE ( 'NONE', *, *, #6436, .T. ) ;
#11989 = CIRCLE ( 'NONE', #762, 2.000000000000001776 ) ;
#11990 = VECTOR ( 'NONE', #2876, 1000.000000000000000 ) ;
#11991 = DIRECTION ( 'NONE',  ( -0.000000000000000000, -0.000000000000000000, -1.000000000000000000 ) ) ;
#11992 = ORIENTED_EDGE ( 'NONE', *, *, #12142, .F. ) ;
#11993 = LINE ( 'NONE', #8980, #8094 ) ;
#11994 = PLANE ( 'NONE',  #6326 ) ;
#11995 = ADVANCED_FACE ( 'NONE', ( #4169 ), #6124, .F. ) ;
#11996 = DIRECTION ( 'NONE',  ( -1.000000000000000000, 0.000000000000000000, 0.000000000000000000 ) ) ;
#11997 = CARTESIAN_POINT ( 'NONE',  ( 27.34999999999999787, 50.24999999999999289, 5.925518941756209301 ) ) ;
#11998 = ORIENTED_EDGE ( 'NONE', *, *, #5542, .T. ) ;
#11999 = DIRECTION ( 'NONE',  ( -0.000000000000000000, 0.000000000000000000, 1.000000000000000000 ) ) ;
#12000 = DIRECTION ( 'NONE',  ( 1.000000000000000000, 0.000000000000000000, -0.000000000000000000 ) ) ;
#12001 = ORIENTED_EDGE ( 'NONE', *, *, #10368, .T. ) ;
#12002 = CARTESIAN_POINT ( 'NONE',  ( 50.19999999999998153, 75.25000000000000000, 6.499999999999999112 ) ) ;
#12003 = VERTEX_POINT ( 'NONE', #4365 ) ;
#12004 = DIRECTION ( 'NONE',  ( 0.000000000000000000, 0.000000000000000000, -1.000000000000000000 ) ) ;
#12005 = ORIENTED_EDGE ( 'NONE', *, *, #12218, .T. ) ;
#12006 = VERTEX_POINT ( 'NONE', #11065 ) ;
#12007 = EDGE_CURVE ( 'NONE', #5661, #1541, #10145, .T. ) ;
#12008 = CARTESIAN_POINT ( 'NONE',  ( 48.74999999999999289, 73.14999999999997726, 5.925518941756209301 ) ) ;
#12009 = DIRECTION ( 'NONE',  ( 1.000000000000000000, 0.000000000000000000, 0.000000000000000000 ) ) ;
#12010 = LINE ( 'NONE', #219, #8407 ) ;
#12011 = DIRECTION ( 'NONE',  ( 0.000000000000000000, 1.000000000000000000, 0.000000000000000000 ) ) ;
#12012 = DIRECTION ( 'NONE',  ( 0.000000000000000000, 0.000000000000000000, -1.000000000000000000 ) ) ;
#12013 = VERTEX_POINT ( 'NONE', #260 ) ;
#12014 = VERTEX_POINT ( 'NONE', #8195 ) ;
#12015 = ORIENTED_EDGE ( 'NONE', *, *, #7139, .F. ) ;
#12016 = DIRECTION ( 'NONE',  ( -1.000000000000000000, 0.000000000000000000, 0.000000000000000000 ) ) ;
#12017 = EDGE_CURVE ( 'NONE', #12708, #660, #12308, .T. ) ;
#12018 = CARTESIAN_POINT ( 'NONE',  ( 53.25000000000000000, 34.74999955999999202, -4.000000000000000000 ) ) ;
#12019 = EDGE_LOOP ( 'NONE', ( #2907, #10577, #8212, #2780 ) ) ;
#12020 = DIRECTION ( 'NONE',  ( 1.000000000000000000, 0.000000000000000000, 0.000000000000000000 ) ) ;
#12021 = FACE_OUTER_BOUND ( 'NONE', #8922, .T. ) ;
#12022 = PLANE ( 'NONE',  #914 ) ;
#12023 = ADVANCED_FACE ( 'NONE', ( #5153 ), #10997, .T. ) ;
#12024 = CARTESIAN_POINT ( 'NONE',  ( 53.14999999999999147, 25.75000000000000000, 6.499999999999996447 ) ) ;
#12025 = CARTESIAN_POINT ( 'NONE',  ( 27.40000000000000213, 73.00000000000000000, 0.000000000000000000 ) ) ;
#12026 = DIRECTION ( 'NONE',  ( 0.000000000000000000, -0.000000000000000000, -1.000000000000000000 ) ) ;
#12027 = LINE ( 'NONE', #9086, #6852 ) ;
#12028 = CARTESIAN_POINT ( 'NONE',  ( 53.19999999999998153, 69.95000000000000284, 4.999999999999998224 ) ) ;
#12029 = LINE ( 'NONE', #2136, #3988 ) ;
#12030 = ORIENTED_EDGE ( 'NONE', *, *, #5304, .T. ) ;
#12031 = CARTESIAN_POINT ( 'NONE',  ( 76.69999999999998863, 41.90749664306598987, 0.6999999999999999556 ) ) ;
#12032 = CARTESIAN_POINT ( 'NONE',  ( 76.25000000000000000, 43.44999999999998863, 0.000000000000000000 ) ) ;
#12033 = ORIENTED_EDGE ( 'NONE', *, *, #9578, .F. ) ;
#12034 = CARTESIAN_POINT ( 'NONE',  ( 49.44999999999998153, 35.45000000000000284, 4.999999999999998224 ) ) ;
#12035 = VECTOR ( 'NONE', #10932, 1000.000000000000000 ) ;
#12036 = DIRECTION ( 'NONE',  ( -1.000000000000000000, 0.000000000000000000, 0.000000000000000000 ) ) ;
#12037 = DIRECTION ( 'NONE',  ( -0.000000000000000000, 0.000000000000000000, 1.000000000000000000 ) ) ;
#12038 = ORIENTED_EDGE ( 'NONE', *, *, #3072, .T. ) ;
#12039 = DIRECTION ( 'NONE',  ( 0.000000000000000000, -1.000000000000000000, 9.427844978134821433E-17 ) ) ;
#12040 = ADVANCED_FACE ( 'NONE', ( #7229 ), #8839, .F. ) ;
#12041 = ORIENTED_EDGE ( 'NONE', *, *, #11435, .T. ) ;
#12042 = PLANE ( 'NONE',  #5742 ) ;
#12043 = ORIENTED_EDGE ( 'NONE', *, *, #9793, .T. ) ;
#12044 = DIRECTION ( 'NONE',  ( 0.000000000000000000, 0.000000000000000000, 1.000000000000000000 ) ) ;
#12045 = CARTESIAN_POINT ( 'NONE',  ( 74.64999999999997726, 64.96099999999999852, -3.000000000000000000 ) ) ;
#12046 = CIRCLE ( 'NONE', #824, 2.000000000000001776 ) ;
#12047 = CARTESIAN_POINT ( 'NONE',  ( 34.74999999999996447, 27.25000000000000000, 4.499999999999999112 ) ) ;
#12048 = EDGE_CURVE ( 'NONE', #1117, #4909, #6633, .T. ) ;
#12049 = CARTESIAN_POINT ( 'NONE',  ( 54.14999999999999147, 24.49999999999999289, 6.499999999999996447 ) ) ;
#12050 = ADVANCED_FACE ( 'NONE', ( #583 ), #12564, .F. ) ;
#12051 = ORIENTED_EDGE ( 'NONE', *, *, #4184, .F. ) ;
#12052 = CYLINDRICAL_SURFACE ( 'NONE', #10682, 1.250000000000001110 ) ;
#12053 = CIRCLE ( 'NONE', #11849, 1.000000000000000888 ) ;
#12054 = DIRECTION ( 'NONE',  ( -9.188275156155080182E-17, 0.7071067811865494601, -0.7071067811865456854 ) ) ;
#12055 = VECTOR ( 'NONE', #3720, 1000.000000000000000 ) ;
#12056 = EDGE_CURVE ( 'NONE', #11036, #11876, #5401, .T. ) ;
#12057 = ORIENTED_EDGE ( 'NONE', *, *, #5995, .T. ) ;
#12058 = DIRECTION ( 'NONE',  ( 0.000000000000000000, 0.000000000000000000, 1.000000000000000000 ) ) ;
#12059 = EDGE_CURVE ( 'NONE', #6876, #5556, #3522, .T. ) ;
#12060 = ORIENTED_EDGE ( 'NONE', *, *, #2977, .T. ) ;
#12061 = ADVANCED_FACE ( 'NONE', ( #3659 ), #1627, .F. ) ;
#12062 = DIRECTION ( 'NONE',  ( -0.000000000000000000, -0.000000000000000000, -1.000000000000000000 ) ) ;
#12063 = ORIENTED_EDGE ( 'NONE', *, *, #5142, .F. ) ;
#12064 = EDGE_CURVE ( 'NONE', #5431, #332, #2394, .T. ) ;
#12065 = ORIENTED_EDGE ( 'NONE', *, *, #2640, .T. ) ;
#12066 = EDGE_CURVE ( 'NONE', #6853, #8599, #10066, .T. ) ;
#12067 = CARTESIAN_POINT ( 'NONE',  ( 25.74999999999999289, 46.54999999999999716, 2.100000660000000519 ) ) ;
#12068 = VECTOR ( 'NONE', #5706, 1000.000000000000000 ) ;
#12069 = VERTEX_POINT ( 'NONE', #9623 ) ;
#12070 = VECTOR ( 'NONE', #7863, 1000.000000000000000 ) ;
#12071 = FACE_OUTER_BOUND ( 'NONE', #988, .T. ) ;
#12072 = CARTESIAN_POINT ( 'NONE',  ( 77.69999999999998863, 73.69999999999998863, 9.500000000000005329 ) ) ;
#12073 = CARTESIAN_POINT ( 'NONE',  ( 73.00000000000000000, 73.00000000000000000, 6.499999999999999112 ) ) ;
#12074 = CARTESIAN_POINT ( 'NONE',  ( 30.24999999999998579, 69.74999999999998579, -67.93053710242747911 ) ) ;
#12075 = ORIENTED_EDGE ( 'NONE', *, *, #6772, .F. ) ;
#12076 = CIRCLE ( 'NONE', #2725, 0.6999999999999992895 ) ;
#12077 = EDGE_LOOP ( 'NONE', ( #5106, #9786, #9104, #11206 ) ) ;
#12078 = FACE_OUTER_BOUND ( 'NONE', #5156, .T. ) ;
#12079 = ORIENTED_EDGE ( 'NONE', *, *, #8221, .T. ) ;
#12080 = ORIENTED_EDGE ( 'NONE', *, *, #12431, .T. ) ;
#12081 = LINE ( 'NONE', #8892, #7395 ) ;
#12082 = FACE_OUTER_BOUND ( 'NONE', #344, .T. ) ;
#12083 = FACE_OUTER_BOUND ( 'NONE', #6084, .T. ) ;
#12084 = CARTESIAN_POINT ( 'NONE',  ( 42.69999999999998863, 69.95000000000000284, 8.499999999999998224 ) ) ;
#12085 = CARTESIAN_POINT ( 'NONE',  ( 71.49999999999998579, 31.67905841137542922, 22.63822442109180244 ) ) ;
#12086 = CONICAL_SURFACE ( 'NONE', #10387, 0.6999999999999988454, 0.7853981633974482790 ) ;
#12087 = DIRECTION ( 'NONE',  ( 1.000000000000000000, 0.000000000000000000, -0.000000000000000000 ) ) ;
#12088 = PLANE ( 'NONE',  #12490 ) ;
#12089 = VERTEX_POINT ( 'NONE', #527 ) ;
#12090 = CIRCLE ( 'NONE', #9800, 1.500000000000001332 ) ;
#12091 = CYLINDRICAL_SURFACE ( 'NONE', #3953, 0.7500000000000006661 ) ;
#12092 = DIRECTION ( 'NONE',  ( -0.000000000000000000, 0.000000000000000000, -1.000000000000000000 ) ) ;
#12093 = PLANE ( 'NONE',  #4507 ) ;
#12094 = VERTEX_POINT ( 'NONE', #6577 ) ;
#12095 = ORIENTED_EDGE ( 'NONE', *, *, #8056, .F. ) ;
#12096 = PLANE ( 'NONE',  #1472 ) ;
#12097 = CARTESIAN_POINT ( 'NONE',  ( 67.25000043999999377, 48.74999999999999289, -3.100000000000000533 ) ) ;
#12098 = CIRCLE ( 'NONE', #2956, 1.250000000000001110 ) ;
#12099 = AXIS2_PLACEMENT_3D ( 'NONE', #5407, #10588, #12380 ) ;
#12100 = DIRECTION ( 'NONE',  ( -0.000000000000000000, -0.000000000000000000, 1.000000000000000000 ) ) ;
#12101 = EDGE_CURVE ( 'NONE', #9179, #7123, #9499, .T. ) ;
#12102 = CARTESIAN_POINT ( 'NONE',  ( 29.00000000000000000, 73.00000000000000000, 6.499999999999999112 ) ) ;
#12103 = CARTESIAN_POINT ( 'NONE',  ( 29.35000000000000142, 32.25000000000000000, -1.599999999999997202 ) ) ;
#12104 = DIRECTION ( 'NONE',  ( -1.000000000000000000, 0.000000000000000000, -0.000000000000000000 ) ) ;
#12105 = VERTEX_POINT ( 'NONE', #12498 ) ;
#12106 = CARTESIAN_POINT ( 'NONE',  ( 76.25000000000000000, 54.94999999999999574, 8.499999999999996447 ) ) ;
#12107 = ORIENTED_EDGE ( 'NONE', *, *, #7920, .F. ) ;
#12108 = CARTESIAN_POINT ( 'NONE',  ( 39.24999955999999912, 62.75000043999999377, -3.100000000000000533 ) ) ;
#12109 = EDGE_LOOP ( 'NONE', ( #11181, #7711, #20, #9848 ) ) ;
#12110 = LINE ( 'NONE', #8390, #4577 ) ;
#12111 = DIRECTION ( 'NONE',  ( -1.000000000000000000, -1.299418334065024380E-16, 0.000000000000000000 ) ) ;
#12112 = FACE_OUTER_BOUND ( 'NONE', #7986, .T. ) ;
#12113 = ORIENTED_EDGE ( 'NONE', *, *, #10051, .F. ) ;
#12114 = VECTOR ( 'NONE', #3588, 1000.000000000000000 ) ;
#12115 = DIRECTION ( 'NONE',  ( 0.000000000000000000, 0.000000000000000000, -1.000000000000000000 ) ) ;
#12116 = VERTEX_POINT ( 'NONE', #8660 ) ;
#12117 = FACE_OUTER_BOUND ( 'NONE', #2366, .T. ) ;
#12118 = DIRECTION ( 'NONE',  ( 0.000000000000000000, 0.000000000000000000, 1.000000000000000000 ) ) ;
#12119 = ORIENTED_EDGE ( 'NONE', *, *, #6692, .F. ) ;
#12120 = DIRECTION ( 'NONE',  ( 0.000000000000000000, -1.000000000000000000, 0.000000000000000000 ) ) ;
#12121 = ORIENTED_EDGE ( 'NONE', *, *, #8735, .T. ) ;
#12122 = AXIS2_PLACEMENT_3D ( 'NONE', #3845, #2865, #8487 ) ;
#12123 = CARTESIAN_POINT ( 'NONE',  ( 76.25000000000000000, 76.25000000000000000, 0.000000000000000000 ) ) ;
#12124 = VERTEX_POINT ( 'NONE', #646 ) ;
#12125 = ADVANCED_FACE ( 'NONE', ( #6388 ), #3586, .T. ) ;
#12126 = ORIENTED_EDGE ( 'NONE', *, *, #1890, .F. ) ;
#12127 = AXIS2_PLACEMENT_3D ( 'NONE', #8838, #12746, #9928 ) ;
#12128 = EDGE_CURVE ( 'NONE', #9709, #9453, #1139, .T. ) ;
#12129 = EDGE_LOOP ( 'NONE', ( #7826, #10258, #10232, #5666 ) ) ;
#12130 = DIRECTION ( 'NONE',  ( -0.000000000000000000, 1.000000000000000000, 0.000000000000000000 ) ) ;
#12131 = DIRECTION ( 'NONE',  ( -0.000000000000000000, -0.000000000000000000, 1.000000000000000000 ) ) ;
#12132 = EDGE_CURVE ( 'NONE', #9507, #2754, #101, .T. ) ;
#12133 = DIRECTION ( 'NONE',  ( -0.000000000000000000, -0.000000000000000000, 1.000000000000000000 ) ) ;
#12134 = LINE ( 'NONE', #162, #10275 ) ;
#12135 = AXIS2_PLACEMENT_3D ( 'NONE', #497, #7458, #1476 ) ;
#12136 = ADVANCED_FACE ( 'NONE', ( #4432 ), #5664, .T. ) ;
#12137 = CARTESIAN_POINT ( 'NONE',  ( 27.34999999999999787, 50.24999999999999289, -3.100000000000000533 ) ) ;
#12138 = AXIS2_PLACEMENT_3D ( 'NONE', #1685, #12630, #7799 ) ;
#12139 = VERTEX_POINT ( 'NONE', #10471 ) ;
#12140 = ADVANCED_FACE ( 'NONE', ( #7422 ), #11331, .T. ) ;
#12141 = VERTEX_POINT ( 'NONE', #11395 ) ;
#12142 = EDGE_CURVE ( 'NONE', #8416, #3875, #3464, .T. ) ;
#12143 = FACE_OUTER_BOUND ( 'NONE', #6386, .T. ) ;
#12144 = ORIENTED_EDGE ( 'NONE', *, *, #11178, .T. ) ;
#12145 = ORIENTED_EDGE ( 'NONE', *, *, #4254, .T. ) ;
#12146 = DIRECTION ( 'NONE',  ( -0.000000000000000000, 0.000000000000000000, 1.000000000000000000 ) ) ;
#12147 = AXIS2_PLACEMENT_3D ( 'NONE', #1419, #7399, #11376 ) ;
#12148 = LINE ( 'NONE', #3236, #1502 ) ;
#12149 = LINE ( 'NONE', #6359, #10083 ) ;
#12150 = DIRECTION ( 'NONE',  ( -1.000000000000000000, 0.000000000000000000, 0.000000000000000000 ) ) ;
#12151 = VECTOR ( 'NONE', #11633, 1000.000000000000000 ) ;
#12152 = LINE ( 'NONE', #110, #73 ) ;
#12153 = PLANE ( 'NONE',  #10894 ) ;
#12154 = DIRECTION ( 'NONE',  ( -1.000000000000000000, 0.000000000000000000, 0.000000000000000000 ) ) ;
#12155 = AXIS2_PLACEMENT_3D ( 'NONE', #1773, #11603, #3670 ) ;
#12156 = VECTOR ( 'NONE', #5993, 1000.000000000000000 ) ;
#12157 = VERTEX_POINT ( 'NONE', #1507 ) ;
#12158 = CYLINDRICAL_SURFACE ( 'NONE', #408, 4.000000000000003553 ) ;
#12159 = ADVANCED_FACE ( 'NONE', ( #5467 ), #9439, .F. ) ;
#12160 = AXIS2_PLACEMENT_3D ( 'NONE', #10808, #6643, #7742 ) ;
#12161 = DIRECTION ( 'NONE',  ( -0.000000000000000000, -0.000000000000000000, 1.000000000000000000 ) ) ;
#12162 = DIRECTION ( 'NONE',  ( 0.000000000000000000, 0.000000000000000000, -1.000000000000000000 ) ) ;
#12163 = VERTEX_POINT ( 'NONE', #1803 ) ;
#12164 = ORIENTED_EDGE ( 'NONE', *, *, #848, .F. ) ;
#12165 = FACE_OUTER_BOUND ( 'NONE', #4463, .T. ) ;
#12166 = LINE ( 'NONE', #2211, #11960 ) ;
#12167 = AXIS2_PLACEMENT_3D ( 'NONE', #5537, #11522, #4698 ) ;
#12168 = CARTESIAN_POINT ( 'NONE',  ( 72.75000000000000000, 72.75000000000000000, 78.50196847342608919 ) ) ;
#12169 = AXIS2_PLACEMENT_3D ( 'NONE', #7021, #4095, #8048 ) ;
#12170 = LINE ( 'NONE', #2276, #10352 ) ;
#12171 = CARTESIAN_POINT ( 'NONE',  ( 64.25000043999999377, 62.75000043999999377, -3.100000000000000533 ) ) ;
#12172 = PLANE ( 'NONE',  #8100 ) ;
#12173 = ORIENTED_EDGE ( 'NONE', *, *, #665, .T. ) ;
#12174 = CARTESIAN_POINT ( 'NONE',  ( 70.94999999999997442, 48.20000000000000995, 8.499999999999998224 ) ) ;
#12175 = ORIENTED_EDGE ( 'NONE', *, *, #5282, .T. ) ;
#12176 = CARTESIAN_POINT ( 'NONE',  ( 73.14999999999999147, 48.74999999999999289, 35.97994811066136833 ) ) ;
#12177 = ORIENTED_EDGE ( 'NONE', *, *, #4516, .F. ) ;
#12178 = CARTESIAN_POINT ( 'NONE',  ( 43.19999999999998863, 68.95000000000000284, 4.999999999999998224 ) ) ;
#12179 = ADVANCED_FACE ( 'NONE', ( #10573 ), #6806, .F. ) ;
#12180 = CARTESIAN_POINT ( 'NONE',  ( 60.14999999999999147, 24.29998799999999548, 6.499999999999999112 ) ) ;
#12181 = AXIS2_PLACEMENT_3D ( 'NONE', #6668, #9727, #8683 ) ;
#12182 = DIRECTION ( 'NONE',  ( -1.299418334065024626E-16, 1.000000000000000000, 0.000000000000000000 ) ) ;
#12183 = FACE_BOUND ( 'NONE', #155, .T. ) ;
#12184 = CIRCLE ( 'NONE', #9683, 1.000000000000000888 ) ;
#12185 = CARTESIAN_POINT ( 'NONE',  ( 34.24999999999998579, 27.35000000000000497, 35.97994811066136833 ) ) ;
#12186 = ORIENTED_EDGE ( 'NONE', *, *, #12442, .T. ) ;
#12187 = VECTOR ( 'NONE', #6497, 1000.000000000000114 ) ;
#12188 =( LENGTH_UNIT ( ) NAMED_UNIT ( * ) SI_UNIT ( .MILLI., .METRE. ) );
#12189 = CIRCLE ( 'NONE', #3463, 0.5000000000000004441 ) ;
#12190 = DIRECTION ( 'NONE',  ( -1.000000000000000000, -0.000000000000000000, -0.000000000000000000 ) ) ;
#12191 = AXIS2_PLACEMENT_3D ( 'NONE', #5870, #1176, #8118 ) ;
#12192 = EDGE_LOOP ( 'NONE', ( #1571, #9832, #5012, #1733, #9225 ) ) ;
#12193 = CARTESIAN_POINT ( 'NONE',  ( 55.64999999999999147, 24.49999999999999289, 0.5253709514437898687 ) ) ;
#12194 = ORIENTED_EDGE ( 'NONE', *, *, #5379, .F. ) ;
#12195 = CARTESIAN_POINT ( 'NONE',  ( 73.00000000000000000, 73.00000000000000000, 9.999999999999998224 ) ) ;
#12196 = ORIENTED_EDGE ( 'NONE', *, *, #569, .T. ) ;
#12197 = EDGE_LOOP ( 'NONE', ( #12507, #4782, #603, #334 ) ) ;
#12198 = ORIENTED_EDGE ( 'NONE', *, *, #4746, .T. ) ;
#12199 = DIRECTION ( 'NONE',  ( 1.000000000000000000, 0.000000000000000000, 0.000000000000000000 ) ) ;
#12200 = ORIENTED_EDGE ( 'NONE', *, *, #11848, .T. ) ;
#12201 = DIRECTION ( 'NONE',  ( 1.000000000000000000, 0.000000000000000000, 0.000000000000000000 ) ) ;
#12202 = EDGE_LOOP ( 'NONE', ( #4438, #5321, #10138, #3425 ) ) ;
#12203 = DIRECTION ( 'NONE',  ( 0.000000000000000000, 0.000000000000000000, 1.000000000000000000 ) ) ;
#12204 = DIRECTION ( 'NONE',  ( -0.000000000000000000, -0.000000000000000000, -1.000000000000000000 ) ) ;
#12205 = DIRECTION ( 'NONE',  ( 0.000000000000000000, 0.000000000000000000, 1.000000000000000000 ) ) ;
#12206 = ORIENTED_EDGE ( 'NONE', *, *, #4184, .T. ) ;
#12207 = ORIENTED_EDGE ( 'NONE', *, *, #1243, .F. ) ;
#12208 = CARTESIAN_POINT ( 'NONE',  ( 63.64999999999998437, 24.29999999999999361, 6.699999999999977973 ) ) ;
#12209 = ORIENTED_EDGE ( 'NONE', *, *, #1144, .F. ) ;
#12210 = ORIENTED_EDGE ( 'NONE', *, *, #1950, .T. ) ;
#12211 = DIRECTION ( 'NONE',  ( -1.299418334065024873E-16, 1.000000000000000000, 0.000000000000000000 ) ) ;
#12212 = ADVANCED_FACE ( 'NONE', ( #2898 ), #10774, .F. ) ;
#12213 = CARTESIAN_POINT ( 'NONE',  ( 55.14999999999999147, 24.29998799999999548, 6.499999999999999112 ) ) ;
#12214 = CARTESIAN_POINT ( 'NONE',  ( 32.24999999999998579, 74.64999999999997726, 35.97994811066136833 ) ) ;
#12215 = DIRECTION ( 'NONE',  ( 1.000000000000000000, 1.299418334065024873E-16, -0.000000000000000000 ) ) ;
#12216 = FACE_OUTER_BOUND ( 'NONE', #4480, .T. ) ;
#12217 = DIRECTION ( 'NONE',  ( 0.000000000000000000, 0.000000000000000000, 1.000000000000000000 ) ) ;
#12218 = EDGE_CURVE ( 'NONE', #6249, #2175, #10834, .T. ) ;
#12219 = ADVANCED_FACE ( 'NONE', ( #5829 ), #7792, .F. ) ;
#12220 = CARTESIAN_POINT ( 'NONE',  ( 65.14999999999999147, 25.75000000000000000, -3.500000000000000000 ) ) ;
#12221 = ORIENTED_EDGE ( 'NONE', *, *, #5524, .T. ) ;
#12222 = DIRECTION ( 'NONE',  ( 1.000000000000000000, 0.000000000000000000, 0.000000000000000000 ) ) ;
#12223 = EDGE_CURVE ( 'NONE', #6391, #10283, #4273, .T. ) ;
#12224 = FACE_OUTER_BOUND ( 'NONE', #1828, .T. ) ;
#12225 = ADVANCED_FACE ( 'NONE', ( #1666 ), #5704, .F. ) ;
#12226 = CARTESIAN_POINT ( 'NONE',  ( 58.14999999999999147, 25.75000000000000000, 0.02537095144379032663 ) ) ;
#12227 = ORIENTED_EDGE ( 'NONE', *, *, #11407, .F. ) ;
#12228 = EDGE_CURVE ( 'NONE', #8020, #6810, #1354, .T. ) ;
#12229 = ORIENTED_EDGE ( 'NONE', *, *, #3145, .T. ) ;
#12230 = LINE ( 'NONE', #3318, #846 ) ;
#12231 = CARTESIAN_POINT ( 'NONE',  ( 25.74999999999999645, 73.25000000000000000, -5.000000000000000000 ) ) ;
#12232 = CARTESIAN_POINT ( 'NONE',  ( 29.35000000000000142, 69.74999999999998579, -4.000000000000003553 ) ) ;
#12233 = AXIS2_PLACEMENT_3D ( 'NONE', #2410, #4751, #5587 ) ;
#12234 = ORIENTED_EDGE ( 'NONE', *, *, #7435, .F. ) ;
#12235 = CARTESIAN_POINT ( 'NONE',  ( 30.24999999999998579, 71.75000000000000000, -1.600000000000004086 ) ) ;
#12236 = DIRECTION ( 'NONE',  ( 0.000000000000000000, -0.000000000000000000, -1.000000000000000000 ) ) ;
#12237 = VERTEX_POINT ( 'NONE', #5890 ) ;
#12238 = PLANE ( 'NONE',  #10248 ) ;
#12239 = ORIENTED_EDGE ( 'NONE', *, *, #10177, .T. ) ;
#12240 = CARTESIAN_POINT ( 'NONE',  ( 76.25000000000000000, 67.74999999999998579, 3.404999829744057127 ) ) ;
#12241 = ORIENTED_EDGE ( 'NONE', *, *, #9095, .T. ) ;
#12242 = DIRECTION ( 'NONE',  ( 0.000000000000000000, -0.000000000000000000, 1.000000000000000000 ) ) ;
#12243 = LINE ( 'NONE', #4307, #2384 ) ;
#12244 = FACE_OUTER_BOUND ( 'NONE', #10954, .T. ) ;
#12245 = VECTOR ( 'NONE', #3527, 1000.000000000000000 ) ;
#12246 = CARTESIAN_POINT ( 'NONE',  ( 42.69999999999998863, 69.95000000000000284, 4.999999999999998224 ) ) ;
#12247 = ORIENTED_EDGE ( 'NONE', *, *, #7204, .T. ) ;
#12248 = APPLICATION_PROTOCOL_DEFINITION ( 'international standard', 'config_control_design', 1994, #5405 ) ;
#12249 = PLANE ( 'NONE',  #2470 ) ;
#12250 = ORIENTED_EDGE ( 'NONE', *, *, #10773, .F. ) ;
#12251 = DIRECTION ( 'NONE',  ( -1.000000000000000000, 0.000000000000000000, 0.000000000000000000 ) ) ;
#12252 = ORIENTED_EDGE ( 'NONE', *, *, #8347, .T. ) ;
#12253 = LINE ( 'NONE', #8338, #7159 ) ;
#12254 = VERTEX_POINT ( 'NONE', #816 ) ;
#12255 = CONICAL_SURFACE ( 'NONE', #3524, 2.899999999999996358, 0.7853981633974447263 ) ;
#12256 = ORIENTED_EDGE ( 'NONE', *, *, #934, .F. ) ;
#12257 = EDGE_LOOP ( 'NONE', ( #4552, #4270 ) ) ;
#12258 = DIRECTION ( 'NONE',  ( -0.000000000000000000, -1.000000000000000000, -0.000000000000000000 ) ) ;
#12259 = ORIENTED_EDGE ( 'NONE', *, *, #10532, .T. ) ;
#12260 = DIRECTION ( 'NONE',  ( 1.000000000000000000, 0.000000000000000000, 0.000000000000000000 ) ) ;
#12261 = VECTOR ( 'NONE', #4094, 1000.000000000000000 ) ;
#12262 = VECTOR ( 'NONE', #6293, 1000.000000000000000 ) ;
#12263 = DIRECTION ( 'NONE',  ( 1.000000000000000000, 0.000000000000000000, -0.000000000000000000 ) ) ;
#12264 = EDGE_CURVE ( 'NONE', #4448, #3143, #2642, .T. ) ;
#12265 = CARTESIAN_POINT ( 'NONE',  ( 51.75000000000000000, 28.85000000000000853, -3.100000000000000533 ) ) ;
#12266 = ORIENTED_EDGE ( 'NONE', *, *, #1580, .T. ) ;
#12267 = ORIENTED_EDGE ( 'NONE', *, *, #1479, .F. ) ;
#12268 = CARTESIAN_POINT ( 'NONE',  ( 29.00000000000000000, 73.00000000000000000, -8.535533905932741305 ) ) ;
#12269 = ORIENTED_EDGE ( 'NONE', *, *, #7598, .F. ) ;
#12270 = ORIENTED_EDGE ( 'NONE', *, *, #1820, .F. ) ;
#12271 = CARTESIAN_POINT ( 'NONE',  ( 62.75000043999999377, 36.24999955999999912, -4.000000000000000000 ) ) ;
#12272 = VECTOR ( 'NONE', #2849, 1000.000000000000000 ) ;
#12273 = LINE ( 'NONE', #3097, #3790 ) ;
#12274 = CARTESIAN_POINT ( 'NONE',  ( 58.64999999999999147, 24.29999999999999361, 6.699999999999999289 ) ) ;
#12275 = DIRECTION ( 'NONE',  ( 1.000000000000000000, 0.000000000000000000, 0.000000000000000000 ) ) ;
#12276 = LINE ( 'NONE', #7514, #9222 ) ;
#12277 = CARTESIAN_POINT ( 'NONE',  ( 56.14999999999999147, 24.29999999999999361, -0.1746290485562083661 ) ) ;
#12278 = CIRCLE ( 'NONE', #3771, 4.000000000000000000 ) ;
#12279 = LINE ( 'NONE', #10250, #8315 ) ;
#12280 = VERTEX_POINT ( 'NONE', #7843 ) ;
#12281 = DIRECTION ( 'NONE',  ( -0.000000000000000000, -0.000000000000000000, 1.000000000000000000 ) ) ;
#12282 = EDGE_CURVE ( 'NONE', #2925, #1721, #3655, .T. ) ;
#12283 = LINE ( 'NONE', #6294, #2168 ) ;
#12284 = CARTESIAN_POINT ( 'NONE',  ( 65.75000043999999377, 39.24999955999999912, -3.100000000000000533 ) ) ;
#12285 = ORIENTED_EDGE ( 'NONE', *, *, #78, .F. ) ;
#12286 = EDGE_CURVE ( 'NONE', #5431, #2049, #12538, .T. ) ;
#12287 = EDGE_LOOP ( 'NONE', ( #3509, #7407, #2186, #4967 ) ) ;
#12288 = EDGE_CURVE ( 'NONE', #11520, #139, #7583, .T. ) ;
#12289 = DIRECTION ( 'NONE',  ( 0.000000000000000000, 0.000000000000000000, 1.000000000000000000 ) ) ;
#12290 = CARTESIAN_POINT ( 'NONE',  ( 28.30000000000000071, 73.69999999999998863, -4.499999999999993783 ) ) ;
#12291 = DIRECTION ( 'NONE',  ( 1.000000000000000000, -0.000000000000000000, 0.000000000000000000 ) ) ;
#12292 = EDGE_CURVE ( 'NONE', #5552, #1549, #2846, .T. ) ;
#12293 = ADVANCED_FACE ( 'NONE', ( #10640 ), #8627, .F. ) ;
#12294 = EDGE_CURVE ( 'NONE', #3551, #3428, #7645, .T. ) ;
#12295 = ORIENTED_EDGE ( 'NONE', *, *, #5038, .F. ) ;
#12296 = EDGE_CURVE ( 'NONE', #8448, #12305, #12586, .T. ) ;
#12297 = LINE ( 'NONE', #6440, #2895 ) ;
#12298 = CARTESIAN_POINT ( 'NONE',  ( 36.24999955999999912, 39.24999955999999912, -4.000000000000000000 ) ) ;
#12299 = ORIENTED_EDGE ( 'NONE', *, *, #10309, .T. ) ;
#12300 = DIRECTION ( 'NONE',  ( -0.000000000000000000, -0.000000000000000000, -1.000000000000000000 ) ) ;
#12301 = EDGE_CURVE ( 'NONE', #11749, #11861, #3755, .T. ) ;
#12302 = ORIENTED_EDGE ( 'NONE', *, *, #10941, .F. ) ;
#12303 = CIRCLE ( 'NONE', #5651, 1.500000000000001332 ) ;
#12304 = DIRECTION ( 'NONE',  ( 0.000000000000000000, 0.7071067811865425767, -0.7071067811865524577 ) ) ;
#12305 = VERTEX_POINT ( 'NONE', #2776 ) ;
#12306 = AXIS2_PLACEMENT_3D ( 'NONE', #3045, #3961, #9875 ) ;
#12307 = DIRECTION ( 'NONE',  ( 0.000000000000000000, 0.000000000000000000, -1.000000000000000000 ) ) ;
#12308 = LINE ( 'NONE', #1179, #4466 ) ;
#12309 = DIRECTION ( 'NONE',  ( -1.000000000000000000, 0.000000000000000000, 0.000000000000000000 ) ) ;
#12310 = ORIENTED_EDGE ( 'NONE', *, *, #9010, .F. ) ;
#12311 = CARTESIAN_POINT ( 'NONE',  ( 51.75000000000000000, 67.25000043999999377, -4.000000000000000000 ) ) ;
#12312 = EDGE_LOOP ( 'NONE', ( #2373, #10697, #11572, #12722 ) ) ;
#12313 = AXIS2_PLACEMENT_3D ( 'NONE', #1844, #560, #5807 ) ;
#12314 = CARTESIAN_POINT ( 'NONE',  ( 25.74999999999998934, 34.74999999999999289, -3.500000000000000000 ) ) ;
#12315 = CONICAL_SURFACE ( 'NONE', #6699, 0.6999999999999775291, 0.7853981633974471688 ) ;
#12316 = PLANE ( 'NONE',  #10358 ) ;
#12317 = ORIENTED_EDGE ( 'NONE', *, *, #4052, .T. ) ;
#12318 = PLANE ( 'NONE',  #11319 ) ;
#12319 = ORIENTED_EDGE ( 'NONE', *, *, #6809, .F. ) ;
#12320 = EDGE_CURVE ( 'NONE', #8351, #4392, #1016, .T. ) ;
#12321 = DIRECTION ( 'NONE',  ( 0.000000000000000000, 1.000000000000000000, 0.000000000000000000 ) ) ;
#12322 = ORIENTED_EDGE ( 'NONE', *, *, #8559, .F. ) ;
#12323 = ORIENTED_EDGE ( 'NONE', *, *, #770, .T. ) ;
#12324 = ORIENTED_EDGE ( 'NONE', *, *, #1011, .T. ) ;
#12325 = VECTOR ( 'NONE', #11123, 1000.000000000000000 ) ;
#12326 = LINE ( 'NONE', #10488, #5429 ) ;
#12327 = EDGE_LOOP ( 'NONE', ( #7848, #10690, #12200, #156 ) ) ;
#12328 = FACE_OUTER_BOUND ( 'NONE', #12202, .T. ) ;
#12329 = ORIENTED_EDGE ( 'NONE', *, *, #6841, .T. ) ;
#12330 = DIRECTION ( 'NONE',  ( 0.000000000000000000, -0.7071067811865444641, 0.7071067811865505703 ) ) ;
#12331 = AXIS2_PLACEMENT_3D ( 'NONE', #9813, #5913, #1825 ) ;
#12332 = DIRECTION ( 'NONE',  ( -1.000000000000000000, 0.000000000000000000, 0.000000000000000000 ) ) ;
#12333 = ORIENTED_EDGE ( 'NONE', *, *, #8234, .T. ) ;
#12334 = VERTEX_POINT ( 'NONE', #6016 ) ;
#12335 = CARTESIAN_POINT ( 'NONE',  ( 54.94999999999999574, 24.29999999999999361, 5.999999999999998224 ) ) ;
#12336 = EDGE_LOOP ( 'NONE', ( #5398, #7852, #6870, #2303 ) ) ;
#12337 = ORIENTED_EDGE ( 'NONE', *, *, #5415, .T. ) ;
#12338 = DIRECTION ( 'NONE',  ( 0.000000000000000000, -1.000000000000000000, -0.000000000000000000 ) ) ;
#12339 = CARTESIAN_POINT ( 'NONE',  ( 25.74999999999999289, 47.54999999999999716, 3.600000660000000519 ) ) ;
#12340 = EDGE_CURVE ( 'NONE', #9624, #5242, #7056, .T. ) ;
#12341 = CARTESIAN_POINT ( 'NONE',  ( 76.25000000000000000, 34.00749664306601261, -0.3000000000000004885 ) ) ;
#12342 = CARTESIAN_POINT ( 'NONE',  ( 58.64999999999999147, 24.29999999999999361, -0.1746290485562078665 ) ) ;
#12343 = AXIS2_PLACEMENT_3D ( 'NONE', #12659, #5765, #1863 ) ;
#12344 = DIRECTION ( 'NONE',  ( -0.000000000000000000, 0.000000000000000000, -1.000000000000000000 ) ) ;
#12345 = CONICAL_SURFACE ( 'NONE', #2369, 2.899999999999999911, 0.7853981633974517207 ) ;
#12346 = CARTESIAN_POINT ( 'NONE',  ( 29.35000000000000142, 69.74999999999998579, -1.600000000000000311 ) ) ;
#12347 = DIRECTION ( 'NONE',  ( -0.000000000000000000, -0.000000000000000000, 1.000000000000000000 ) ) ;
#12348 = VERTEX_POINT ( 'NONE', #7897 ) ;
#12349 = LINE ( 'NONE', #9221, #7471 ) ;
#12350 = VECTOR ( 'NONE', #7881, 1000.000000000000000 ) ;
#12351 = VECTOR ( 'NONE', #6142, 1000.000000000000000 ) ;
#12352 = DIRECTION ( 'NONE',  ( -1.000000000000000000, 0.000000000000000000, 0.000000000000000000 ) ) ;
#12353 = CARTESIAN_POINT ( 'NONE',  ( 52.64999999999999147, 24.29998799999999548, 6.499999999999996447 ) ) ;
#12354 = EDGE_LOOP ( 'NONE', ( #12079, #8228, #1722, #1918, #5853, #12694, #4965, #1046 ) ) ;
#12355 = VECTOR ( 'NONE', #3830, 1000.000000000000000 ) ;
#12356 = ORIENTED_EDGE ( 'NONE', *, *, #1483, .T. ) ;
#12357 = DIRECTION ( 'NONE',  ( 1.000000000000000000, 1.299418334065024133E-16, -0.000000000000000000 ) ) ;
#12358 = CARTESIAN_POINT ( 'NONE',  ( 30.25000000000000355, 73.00000000000000000, -4.500000000000000888 ) ) ;
#12359 = LINE ( 'NONE', #5650, #10661 ) ;
#12360 = VECTOR ( 'NONE', #7490, 1000.000000000000000 ) ;
#12361 = VECTOR ( 'NONE', #7877, 1000.000000000000000 ) ;
#12362 = CC_DESIGN_SECURITY_CLASSIFICATION ( #903, ( #8408 ) ) ;
#12363 = CIRCLE ( 'NONE', #12160, 2.899999999999996358 ) ;
#12364 = EDGE_CURVE ( 'NONE', #215, #355, #9874, .T. ) ;
#12365 = ORIENTED_EDGE ( 'NONE', *, *, #5344, .T. ) ;
#12366 = CARTESIAN_POINT ( 'NONE',  ( 74.75000000000000000, 41.94999999999998863, -7.999999999999998224 ) ) ;
#12367 = DIRECTION ( 'NONE',  ( -1.000000000000000000, 0.000000000000000000, 0.000000000000000000 ) ) ;
#12368 = CARTESIAN_POINT ( 'NONE',  ( 52.94999999999998153, 35.45000000000000284, 6.499999999999999112 ) ) ;
#12369 = AXIS2_PLACEMENT_3D ( 'NONE', #6857, #2166, #10825 ) ;
#12370 = VECTOR ( 'NONE', #11458, 1000.000000000000000 ) ;
#12371 = DIRECTION ( 'NONE',  ( 1.000000000000000000, 0.000000000000000000, 0.000000000000000000 ) ) ;
#12372 = VERTEX_POINT ( 'NONE', #3090 ) ;
#12373 = DIRECTION ( 'NONE',  ( 1.000000000000000000, 1.299418334065024133E-16, -0.000000000000000000 ) ) ;
#12374 = DIRECTION ( 'NONE',  ( 0.000000000000000000, -0.000000000000000000, 1.000000000000000000 ) ) ;
#12375 = ADVANCED_FACE ( 'NONE', ( #4981 ), #8886, .F. ) ;
#12376 = LINE ( 'NONE', #2537, #5259 ) ;
#12377 = ADVANCED_FACE ( 'NONE', ( #3153 ), #11874, .F. ) ;
#12378 = VECTOR ( 'NONE', #774, 1000.000000000000000 ) ;
#12379 = ORIENTED_EDGE ( 'NONE', *, *, #367, .F. ) ;
#12380 = DIRECTION ( 'NONE',  ( 0.000000000000000000, 0.000000000000000000, 1.000000000000000000 ) ) ;
#12381 = EDGE_CURVE ( 'NONE', #11985, #4038, #12134, .T. ) ;
#12382 = PLANE ( 'NONE',  #6949 ) ;
#12383 = ADVANCED_FACE ( 'NONE', ( #4196 ), #96, .T. ) ;
#12384 = LINE ( 'NONE', #11401, #7656 ) ;
#12385 = ORIENTED_EDGE ( 'NONE', *, *, #3915, .T. ) ;
#12386 = DIRECTION ( 'NONE',  ( 1.299418334065024873E-16, -1.000000000000000000, -0.000000000000000000 ) ) ;
#12387 = EDGE_LOOP ( 'NONE', ( #7179, #8691, #12485, #2450 ) ) ;
#12388 = AXIS2_PLACEMENT_3D ( 'NONE', #11955, #7061, #3036 ) ;
#12389 = FACE_OUTER_BOUND ( 'NONE', #11605, .T. ) ;
#12390 = ORIENTED_EDGE ( 'NONE', *, *, #2355, .F. ) ;
#12391 = EDGE_CURVE ( 'NONE', #11461, #4861, #2113, .T. ) ;
#12392 = EDGE_CURVE ( 'NONE', #12406, #6957, #1769, .T. ) ;
#12393 = VERTEX_POINT ( 'NONE', #2179 ) ;
#12394 = EDGE_LOOP ( 'NONE', ( #2023, #10421, #6450, #5688 ) ) ;
#12395 = AXIS2_PLACEMENT_3D ( 'NONE', #11966, #9810, #9930 ) ;
#12396 = ADVANCED_FACE ( 'NONE', ( #4070 ), #5039, .F. ) ;
#12397 = FACE_OUTER_BOUND ( 'NONE', #3674, .T. ) ;
#12398 = ORIENTED_EDGE ( 'NONE', *, *, #8317, .T. ) ;
#12399 = VECTOR ( 'NONE', #10504, 1000.000000000000000 ) ;
#12400 = CARTESIAN_POINT ( 'NONE',  ( 39.24999955999999912, 39.24999955999999912, -4.499999999999992895 ) ) ;
#12401 = AXIS2_PLACEMENT_3D ( 'NONE', #11598, #4826, #7676 ) ;
#12402 = ORIENTED_EDGE ( 'NONE', *, *, #9825, .F. ) ;
#12403 = AXIS2_PLACEMENT_3D ( 'NONE', #580, #9620, #4617 ) ;
#12404 = DIRECTION ( 'NONE',  ( 1.000000000000000000, 0.000000000000000000, 0.000000000000000000 ) ) ;
#12405 = DIRECTION ( 'NONE',  ( -1.000000000000000000, 0.000000000000000000, 0.000000000000000000 ) ) ;
#12406 = VERTEX_POINT ( 'NONE', #12863 ) ;
#12407 = ORIENTED_EDGE ( 'NONE', *, *, #7604, .T. ) ;
#12408 = DIRECTION ( 'NONE',  ( 1.000000000000000000, 0.000000000000000000, 0.000000000000000000 ) ) ;
#12409 = ORIENTED_EDGE ( 'NONE', *, *, #2103, .T. ) ;
#12410 = EDGE_CURVE ( 'NONE', #12665, #11731, #9918, .T. ) ;
#12411 = ORIENTED_EDGE ( 'NONE', *, *, #12859, .F. ) ;
#12412 = CARTESIAN_POINT ( 'NONE',  ( 34.74999999999997868, 76.25000000000000000, 4.499999999999999112 ) ) ;
#12413 = FACE_OUTER_BOUND ( 'NONE', #11213, .T. ) ;
#12414 = AXIS2_PLACEMENT_3D ( 'NONE', #11903, #56, #11973 ) ;
#12415 = DIRECTION ( 'NONE',  ( 0.000000000000000000, 0.000000000000000000, -1.000000000000000000 ) ) ;
#12416 = DIRECTION ( 'NONE',  ( 1.000000000000000000, 1.299418334065024380E-16, 0.000000000000000000 ) ) ;
#12417 = DIRECTION ( 'NONE',  ( 0.000000000000000000, 0.000000000000000000, -1.000000000000000000 ) ) ;
#12418 = LINE ( 'NONE', #3503, #6529 ) ;
#12419 = CARTESIAN_POINT ( 'NONE',  ( 66.64999999999999147, 25.75000000000000000, 0.5253709514437903128 ) ) ;
#12420 = ORIENTED_EDGE ( 'NONE', *, *, #11736, .F. ) ;
#12421 = EDGE_CURVE ( 'NONE', #6906, #2377, #3023, .T. ) ;
#12422 = DIRECTION ( 'NONE',  ( 1.000000000000000000, 0.000000000000000000, 0.000000000000000000 ) ) ;
#12423 = CARTESIAN_POINT ( 'NONE',  ( 74.75000000000000000, 68.74999999999998579, 4.499999999999999112 ) ) ;
#12424 = ORIENTED_EDGE ( 'NONE', *, *, #2778, .F. ) ;
#12425 = ORIENTED_EDGE ( 'NONE', *, *, #1159, .T. ) ;
#12426 = CARTESIAN_POINT ( 'NONE',  ( 74.64999999999999147, 34.25000000000000000, -4.000000000000000000 ) ) ;
#12427 = CARTESIAN_POINT ( 'NONE',  ( 29.00000000000000000, 73.00000000000000000, 44.50000000000000711 ) ) ;
#12428 = FACE_OUTER_BOUND ( 'NONE', #9674, .T. ) ;
#12429 = EDGE_CURVE ( 'NONE', #7391, #3913, #11158, .T. ) ;
#12430 = LINE ( 'NONE', #8453, #8266 ) ;
#12431 = EDGE_CURVE ( 'NONE', #2028, #11551, #10286, .T. ) ;
#12432 = EDGE_CURVE ( 'NONE', #9712, #4892, #8630, .T. ) ;
#12433 = DIRECTION ( 'NONE',  ( 1.000000000000000000, 0.000000000000000000, 0.000000000000000000 ) ) ;
#12434 = CARTESIAN_POINT ( 'NONE',  ( 39.24999955999999912, 36.24999955999999912, -3.100000000000000533 ) ) ;
#12435 = CARTESIAN_POINT ( 'NONE',  ( 76.14999999999999147, 73.25000000000000000, 21.50000000000000000 ) ) ;
#12436 = CARTESIAN_POINT ( 'NONE',  ( 42.69999999999998863, 68.45000000000000284, 4.999999999999998224 ) ) ;
#12437 = ORIENTED_EDGE ( 'NONE', *, *, #4753, .T. ) ;
#12438 = DIRECTION ( 'NONE',  ( -1.000000000000000000, 0.000000000000000000, 0.000000000000000000 ) ) ;
#12439 = CARTESIAN_POINT ( 'NONE',  ( 1.272130549049662238E-13, 68.75000000000012790, 4.499999999999999112 ) ) ;
#12440 = CARTESIAN_POINT ( 'NONE',  ( 71.49999999999998579, 31.67905841137542922, 0.000000000000000000 ) ) ;
#12441 = VERTEX_POINT ( 'NONE', #10166 ) ;
#12442 = EDGE_CURVE ( 'NONE', #1117, #379, #8000, .T. ) ;
#12443 = DIRECTION ( 'NONE',  ( -0.000000000000000000, -0.000000000000000000, -1.000000000000000000 ) ) ;
#12444 = VERTEX_POINT ( 'NONE', #2052 ) ;
#12445 = DIRECTION ( 'NONE',  ( -0.000000000000000000, -0.000000000000000000, 1.000000000000000000 ) ) ;
#12446 = CLOSED_SHELL ( 'NONE', ( #7587, #9548, #5994, #7209, #8718, #7659, #2035, #8750, #11588, #12505, #913, #10541, #5134, #4182, #5615, #5216, #5364, #11830, #9421, #8951, #10539, #11471, #1001, #9626, #481, #3734, #4017, #8036, #11420, #6605, #8068, #1550, #12464, #7211, #8070, #11969, #3560, #10374, #5457, #10537, #10703, #1891, #11651, #1486, #12375, #1725, #12125, #6612, #758, #9970, #12793, #4162, #9900, #5376, #2585, #11217, #4486, #3154, #12179, #2921, #1854, #4649, #3798, #5925, #9354, #9756, #8642, #5254, #2365, #7896, #9752, #1886, #6640, #12377, #465, #4137, #12140, #10865, #2497, #372, #12466, #2270, #1496, #8463, #7518, #54, #7945, #7841, #3548, #2931, #5861, #6083, #3947, #3534, #11266, #5586, #4223, #6017, #6255, #5926, #10864, #2848, #4067, #6571, #6163, #1829, #7995, #5144, #1839, #11995, #5942, #1958, #8123, #11247, #6488, #11982, #12833, #5854, #1525, #10790, #2515, #4502 ) ) ;
#12447 = ORIENTED_EDGE ( 'NONE', *, *, #10310, .F. ) ;
#12448 = LINE ( 'NONE', #4769, #12360 ) ;
#12449 = ORIENTED_EDGE ( 'NONE', *, *, #7106, .T. ) ;
#12450 = ADVANCED_FACE ( 'NONE', ( #8999 ), #12460, .F. ) ;
#12451 = EDGE_LOOP ( 'NONE', ( #12379, #482, #3848, #11746 ) ) ;
#12452 = ORIENTED_EDGE ( 'NONE', *, *, #598, .F. ) ;
#12453 = VECTOR ( 'NONE', #11205, 1000.000000000000000 ) ;
#12454 = EDGE_CURVE ( 'NONE', #10608, #3542, #351, .T. ) ;
#12455 = EDGE_CURVE ( 'NONE', #12334, #4189, #7387, .T. ) ;
#12456 = FACE_OUTER_BOUND ( 'NONE', #1675, .T. ) ;
#12457 = VERTEX_POINT ( 'NONE', #10233 ) ;
#12458 = LINE ( 'NONE', #6465, #4192 ) ;
#12459 = ORIENTED_EDGE ( 'NONE', *, *, #2835, .T. ) ;
#12460 = CYLINDRICAL_SURFACE ( 'NONE', #5726, 1.000000000000000000 ) ;
#12461 = EDGE_CURVE ( 'NONE', #6268, #6391, #4267, .T. ) ;
#12462 = EDGE_CURVE ( 'NONE', #1097, #7822, #2306, .T. ) ;
#12463 = CARTESIAN_POINT ( 'NONE',  ( 73.25000000000000000, 76.14999999999997726, -1.600000000000000755 ) ) ;
#12464 = ADVANCED_FACE ( 'NONE', ( #9273 ), #4387, .T. ) ;
#12465 = AXIS2_PLACEMENT_3D ( 'NONE', #10069, #4227, #7931 ) ;
#12466 = ADVANCED_FACE ( 'NONE', ( #7382 ), #3291, .F. ) ;
#12467 = VERTEX_POINT ( 'NONE', #2375 ) ;
#12468 = EDGE_LOOP ( 'NONE', ( #5102, #2745, #792, #5368 ) ) ;
#12469 = CARTESIAN_POINT ( 'NONE',  ( 71.44999999999997442, 54.94999999999999574, 6.499999999999999112 ) ) ;
#12470 = ORIENTED_EDGE ( 'NONE', *, *, #1429, .F. ) ;
#12471 = ORIENTED_EDGE ( 'NONE', *, *, #4584, .F. ) ;
#12472 = DIRECTION ( 'NONE',  ( -0.000000000000000000, 0.000000000000000000, 1.000000000000000000 ) ) ;
#12473 = DIRECTION ( 'NONE',  ( -0.000000000000000000, -1.000000000000000000, -0.000000000000000000 ) ) ;
#12474 = CARTESIAN_POINT ( 'NONE',  ( 31.74999999999998579, 28.24999999999999645, 78.50196847342608919 ) ) ;
#12475 = DIRECTION ( 'NONE',  ( 1.000000000000000000, 0.000000000000000000, 0.000000000000000000 ) ) ;
#12476 = DIRECTION ( 'NONE',  ( -0.000000000000000000, -1.000000000000000000, -0.000000000000000000 ) ) ;
#12477 = CARTESIAN_POINT ( 'NONE',  ( 27.40000000000000924, 29.00000000000000000, 44.50000000000000711 ) ) ;
#12478 = CARTESIAN_POINT ( 'NONE',  ( 29.00000000000000000, 29.00000000000000000, 6.499999999999999112 ) ) ;
#12479 = ORIENTED_EDGE ( 'NONE', *, *, #7666, .T. ) ;
#12480 = CONICAL_SURFACE ( 'NONE', #12711, 0.6999999999999779732, 0.7853981633974482790 ) ;
#12481 = CIRCLE ( 'NONE', #9955, 0.5000000000000004441 ) ;
#12482 = LINE ( 'NONE', #3374, #10475 ) ;
#12483 = DIRECTION ( 'NONE',  ( 1.000000000000000000, -0.000000000000000000, 0.000000000000000000 ) ) ;
#12484 = ORIENTED_EDGE ( 'NONE', *, *, #8912, .T. ) ;
#12485 = ORIENTED_EDGE ( 'NONE', *, *, #10543, .F. ) ;
#12486 = DIRECTION ( 'NONE',  ( 1.000000000000000000, 1.299418334065024873E-16, -0.000000000000000000 ) ) ;
#12487 = DIRECTION ( 'NONE',  ( 0.000000000000000000, 0.000000000000000000, -1.000000000000000000 ) ) ;
#12488 = CC_DESIGN_PERSON_AND_ORGANIZATION_ASSIGNMENT ( #2677, #2539, ( #8408 ) ) ;
#12489 = FACE_OUTER_BOUND ( 'NONE', #3727, .T. ) ;
#12490 = AXIS2_PLACEMENT_3D ( 'NONE', #5187, #8167, #8243 ) ;
#12491 = DIRECTION ( 'NONE',  ( 1.299418334065024873E-16, -1.000000000000000000, 0.000000000000000000 ) ) ;
#12492 = DIRECTION ( 'NONE',  ( 0.000000000000000000, -0.000000000000000000, -1.000000000000000000 ) ) ;
#12493 = DIRECTION ( 'NONE',  ( 0.000000000000000000, 0.000000000000000000, -1.000000000000000000 ) ) ;
#12494 = DIRECTION ( 'NONE',  ( 1.000000000000000000, 0.000000000000000000, 0.000000000000000000 ) ) ;
#12495 = FACE_OUTER_BOUND ( 'NONE', #12468, .T. ) ;
#12496 = ORIENTED_EDGE ( 'NONE', *, *, #12292, .F. ) ;
#12497 = LINE ( 'NONE', #12633, #6024 ) ;
#12498 = CARTESIAN_POINT ( 'NONE',  ( 76.25000000000000000, 39.77874832153298712, 3.252531611353764340 ) ) ;
#12499 = AXIS2_PLACEMENT_3D ( 'NONE', #1709, #9776, #2623 ) ;
#12500 = DIRECTION ( 'NONE',  ( -1.000000000000000000, 0.000000000000000000, 0.000000000000000000 ) ) ;
#12501 = EDGE_CURVE ( 'NONE', #9557, #5816, #11359, .T. ) ;
#12502 = ORIENTED_EDGE ( 'NONE', *, *, #2595, .F. ) ;
#12503 = FACE_OUTER_BOUND ( 'NONE', #11397, .T. ) ;
#12504 = CALENDAR_DATE ( 2026, 2, 7 ) ;
#12505 = ADVANCED_FACE ( 'NONE', ( #1403 ), #552, .F. ) ;
#12506 = DIRECTION ( 'NONE',  ( -1.000000000000000000, 0.000000000000000000, 0.000000000000000000 ) ) ;
#12507 = ORIENTED_EDGE ( 'NONE', *, *, #1240, .T. ) ;
#12508 = CIRCLE ( 'NONE', #6899, 0.5000000000000004441 ) ;
#12509 = CARTESIAN_POINT ( 'NONE',  ( 59.69999999999997442, 36.95000000000000284, 4.999999999999998224 ) ) ;
#12510 = VERTEX_POINT ( 'NONE', #7499 ) ;
#12511 = DIRECTION ( 'NONE',  ( 1.000000000000000000, 0.000000000000000000, 0.000000000000000000 ) ) ;
#12512 = VERTEX_POINT ( 'NONE', #2444 ) ;
#12513 = ORIENTED_EDGE ( 'NONE', *, *, #1888, .T. ) ;
#12514 = ORIENTED_EDGE ( 'NONE', *, *, #7445, .T. ) ;
#12515 = DIRECTION ( 'NONE',  ( 0.000000000000000000, 0.000000000000000000, -1.000000000000000000 ) ) ;
#12516 = ORIENTED_EDGE ( 'NONE', *, *, #2259, .T. ) ;
#12517 = ORIENTED_EDGE ( 'NONE', *, *, #12819, .F. ) ;
#12518 = VECTOR ( 'NONE', #11001, 1000.000000000000000 ) ;
#12519 = DIRECTION ( 'NONE',  ( 0.000000000000000000, 0.7071067811865524577, -0.7071067811865426878 ) ) ;
#12520 = ORIENTED_EDGE ( 'NONE', *, *, #4027, .F. ) ;
#12521 = LINE ( 'NONE', #4578, #1748 ) ;
#12522 = DIRECTION ( 'NONE',  ( -1.000000000000000000, 0.000000000000000000, 0.000000000000000000 ) ) ;
#12523 = ADVANCED_FACE ( 'NONE', ( #7247 ), #1463, .F. ) ;
#12524 = ORIENTED_EDGE ( 'NONE', *, *, #12, .T. ) ;
#12525 = ADVANCED_FACE ( 'NONE', ( #9395 ), #6275, .F. ) ;
#12526 = ORIENTED_EDGE ( 'NONE', *, *, #6475, .F. ) ;
#12527 = CARTESIAN_POINT ( 'NONE',  ( -3.222557468481259850E-15, 24.79999999999999005, 9.999999999999998224 ) ) ;
#12528 = ORIENTED_EDGE ( 'NONE', *, *, #9890, .T. ) ;
#12529 = EDGE_LOOP ( 'NONE', ( #10008, #11460, #10681, #10260, #8155 ) ) ;
#12531 = CARTESIAN_POINT ( 'NONE',  ( 27.24999999999998934, 34.74999999999999289, 8.499999999999998224 ) ) ;
#12530 = VECTOR ( 'NONE', #2807, 1000.000000000000000 ) ;
#12532 = LINE ( 'NONE', #11429, #7182 ) ;
#12533 = FACE_OUTER_BOUND ( 'NONE', #12129, .T. ) ;
#12534 = ADVANCED_FACE ( 'NONE', ( #483 ), #4456, .F. ) ;
#12535 = DIRECTION ( 'NONE',  ( 0.000000000000000000, 0.000000000000000000, 1.000000000000000000 ) ) ;
#12536 = EDGE_CURVE ( 'NONE', #5097, #12780, #2555, .T. ) ;
#12537 = PLANE ( 'NONE',  #9636 ) ;
#12538 = LINE ( 'NONE', #12802, #8619 ) ;
#12539 = AXIS2_PLACEMENT_3D ( 'NONE', #12168, #8049, #2336 ) ;
#12540 = EDGE_CURVE ( 'NONE', #7465, #2559, #6530, .T. ) ;
#12541 = CARTESIAN_POINT ( 'NONE',  ( 69.25000000000000000, 27.25000000000000000, 8.499999999999998224 ) ) ;
#12542 = VERTEX_POINT ( 'NONE', #10494 ) ;
#12543 = ORIENTED_EDGE ( 'NONE', *, *, #1633, .F. ) ;
#12544 = ORIENTED_EDGE ( 'NONE', *, *, #5181, .F. ) ;
#12545 = CARTESIAN_POINT ( 'NONE',  ( 33.24999999999997158, 0.000000000000000000, 8.499999999999998224 ) ) ;
#12546 = DIRECTION ( 'NONE',  ( 1.000000000000000000, 0.000000000000000000, 0.000000000000000000 ) ) ;
#12547 = EDGE_LOOP ( 'NONE', ( #1871, #2165, #82, #12285 ) ) ;
#12548 = EDGE_CURVE ( 'NONE', #9323, #2498, #5236, .T. ) ;
#12549 = ORIENTED_EDGE ( 'NONE', *, *, #4024, .F. ) ;
#12550 = DIRECTION ( 'NONE',  ( 0.000000000000000000, 1.000000000000000000, 6.023345402697275068E-17 ) ) ;
#12551 = FACE_OUTER_BOUND ( 'NONE', #5419, .T. ) ;
#12552 = CONICAL_SURFACE ( 'NONE', #9217, 0.6999999999999992895, 0.7853981633974492782 ) ;
#12553 = DIRECTION ( 'NONE',  ( 0.000000000000000000, -1.000000000000000000, 0.000000000000000000 ) ) ;
#12554 = VECTOR ( 'NONE', #8687, 1000.000000000000114 ) ;
#12555 = VECTOR ( 'NONE', #1088, 1000.000000000000000 ) ;
#12556 = DIRECTION ( 'NONE',  ( -1.000000000000000000, -1.299418334065024380E-16, 0.000000000000000000 ) ) ;
#12557 = DIRECTION ( 'NONE',  ( -0.000000000000000000, 0.000000000000000000, -1.000000000000000000 ) ) ;
#12558 = VECTOR ( 'NONE', #9986, 1000.000000000000000 ) ;
#12559 = CARTESIAN_POINT ( 'NONE',  ( 59.19999999999997442, 36.45000000000000284, 4.999999999999998224 ) ) ;
#12560 = CARTESIAN_POINT ( 'NONE',  ( 24.30000000000000426, 55.74999999999999289, 3.600000660000000074 ) ) ;
#12561 = CARTESIAN_POINT ( 'NONE',  ( 63.64999999999998437, 25.75000000000000000, 0.02537095144379032663 ) ) ;
#12562 = ORIENTED_EDGE ( 'NONE', *, *, #10962, .F. ) ;
#12563 = LINE ( 'NONE', #8658, #11008 ) ;
#12564 = CYLINDRICAL_SURFACE ( 'NONE', #11122, 1.000000000000000888 ) ;
#12565 = CIRCLE ( 'NONE', #10265, 2.899999999999999911 ) ;
#12566 = CIRCLE ( 'NONE', #1132, 0.6999999999999992895 ) ;
#12567 = VERTEX_POINT ( 'NONE', #283 ) ;
#12568 = VECTOR ( 'NONE', #3353, 1000.000000000000000 ) ;
#12569 = CARTESIAN_POINT ( 'NONE',  ( 25.74999999999999289, 32.25000000000000000, -67.93053710242747911 ) ) ;
#12570 = AXIS2_PLACEMENT_3D ( 'NONE', #4561, #12445, #2432 ) ;
#12571 = ORIENTED_EDGE ( 'NONE', *, *, #6483, .T. ) ;
#12572 = FACE_OUTER_BOUND ( 'NONE', #8877, .T. ) ;
#12573 = FACE_BOUND ( 'NONE', #12257, .T. ) ;
#12574 = VECTOR ( 'NONE', #3813, 1000.000000000000000 ) ;
#12575 = AXIS2_PLACEMENT_3D ( 'NONE', #3924, #10815, #1054 ) ;
#12576 = ORIENTED_EDGE ( 'NONE', *, *, #11979, .F. ) ;
#12577 = CARTESIAN_POINT ( 'NONE',  ( 50.44999999999997442, 26.75000000000000000, 8.499999999999998224 ) ) ;
#12578 = ADVANCED_FACE ( 'NONE', ( #8674 ), #8182, .F. ) ;
#12579 = ORIENTED_EDGE ( 'NONE', *, *, #3323, .F. ) ;
#12580 = DIRECTION ( 'NONE',  ( 1.000000000000000000, 0.000000000000000000, 0.000000000000000000 ) ) ;
#12581 = ORIENTED_EDGE ( 'NONE', *, *, #261, .T. ) ;
#12582 = CIRCLE ( 'NONE', #7994, 0.6999999999999784173 ) ;
#12583 = ORIENTED_EDGE ( 'NONE', *, *, #3309, .T. ) ;
#12584 = ORIENTED_EDGE ( 'NONE', *, *, #8052, .T. ) ;
#12585 = ORIENTED_EDGE ( 'NONE', *, *, #5444, .T. ) ;
#12586 = CIRCLE ( 'NONE', #4475, 1.500000000000001332 ) ;
#12587 = EDGE_CURVE ( 'NONE', #1817, #3631, #5909, .T. ) ;
#12588 = DIRECTION ( 'NONE',  ( 0.000000000000000000, 0.000000000000000000, -1.000000000000000000 ) ) ;
#12589 = ORIENTED_EDGE ( 'NONE', *, *, #4680, .T. ) ;
#12590 = DIRECTION ( 'NONE',  ( 0.000000000000000000, 1.000000000000000000, 0.000000000000000000 ) ) ;
#12591 = CIRCLE ( 'NONE', #6976, 1.500000000000001332 ) ;
#12592 = DIRECTION ( 'NONE',  ( -0.000000000000000000, -0.000000000000000000, -1.000000000000000000 ) ) ;
#12593 = EDGE_LOOP ( 'NONE', ( #4605, #6678, #10238, #11866 ) ) ;
#12594 = LINE ( 'NONE', #8370, #2069 ) ;
#12595 = VERTEX_POINT ( 'NONE', #7823 ) ;
#12596 = CARTESIAN_POINT ( 'NONE',  ( 67.25000000000000000, 76.25000000000000000, 8.499999999999996447 ) ) ;
#12597 = ORIENTED_EDGE ( 'NONE', *, *, #9827, .F. ) ;
#12598 = ORIENTED_EDGE ( 'NONE', *, *, #10299, .T. ) ;
#12599 = PLANE ( 'NONE',  #2613 ) ;
#12600 = VECTOR ( 'NONE', #7456, 1000.000000000000000 ) ;
#12601 = LINE ( 'NONE', #5570, #3033 ) ;
#12602 = AXIS2_PLACEMENT_3D ( 'NONE', #4076, #1205, #1080 ) ;
#12603 = CARTESIAN_POINT ( 'NONE',  ( 59.19999999999997442, 36.95000000000000284, 4.999999999999998224 ) ) ;
#12604 = LINE ( 'NONE', #2959, #8170 ) ;
#12605 = CARTESIAN_POINT ( 'NONE',  ( 67.25000043999999377, 51.75000000000000000, -4.000000000000000000 ) ) ;
#12606 = CARTESIAN_POINT ( 'NONE',  ( 67.75000000000000000, 27.25000000000000000, 4.499999999999999112 ) ) ;
#12607 = CARTESIAN_POINT ( 'NONE',  ( 28.30000000000001137, 28.29999999999999005, -4.499999999999993783 ) ) ;
#12608 = VECTOR ( 'NONE', #8836, 1000.000000000000000 ) ;
#12609 = VERTEX_POINT ( 'NONE', #11611 ) ;
#12610 = ADVANCED_FACE ( 'NONE', ( #7756 ), #1782, .F. ) ;
#12611 = VECTOR ( 'NONE', #1236, 1000.000000000000000 ) ;
#12612 = VERTEX_POINT ( 'NONE', #12783 ) ;
#12613 = ORIENTED_EDGE ( 'NONE', *, *, #5679, .F. ) ;
#12614 = DIRECTION ( 'NONE',  ( -1.000000000000000000, 0.000000000000000000, 0.000000000000000000 ) ) ;
#12615 = CARTESIAN_POINT ( 'NONE',  ( 76.89999999999999147, 40.40749664306598987, 2.323999333381999488 ) ) ;
#12616 = EDGE_LOOP ( 'NONE', ( #12119, #4255, #11763, #11033 ) ) ;
#12617 = VERTEX_POINT ( 'NONE', #10559 ) ;
#12618 = DIRECTION ( 'NONE',  ( 0.000000000000000000, 0.7071067811865460184, -0.7071067811865490160 ) ) ;
#12619 = DIRECTION ( 'NONE',  ( 1.000000000000000000, 1.299418334065024626E-16, 0.000000000000000000 ) ) ;
#12620 = ADVANCED_FACE ( 'NONE', ( #3868 ), #10693, .F. ) ;
#12621 = DIRECTION ( 'NONE',  ( -0.000000000000000000, -1.000000000000000000, -0.000000000000000000 ) ) ;
#12622 = ADVANCED_FACE ( 'NONE', ( #11676 ), #2628, .F. ) ;
#12623 = DIRECTION ( 'NONE',  ( -0.000000000000000000, -0.000000000000000000, 1.000000000000000000 ) ) ;
#12624 = EDGE_CURVE ( 'NONE', #11551, #2028, #4674, .T. ) ;
#12625 = FACE_OUTER_BOUND ( 'NONE', #11505, .T. ) ;
#12626 = CARTESIAN_POINT ( 'NONE',  ( 28.30000000000000071, 73.69999999999998863, 15.00000000000000000 ) ) ;
#12627 = ADVANCED_FACE ( 'NONE', ( #8740 ), #3737, .T. ) ;
#12628 = EDGE_CURVE ( 'NONE', #8356, #8833, #9648, .T. ) ;
#12629 = FACE_OUTER_BOUND ( 'NONE', #3672, .T. ) ;
#12630 = DIRECTION ( 'NONE',  ( 0.000000000000000000, 0.000000000000000000, -1.000000000000000000 ) ) ;
#12631 = DIRECTION ( 'NONE',  ( 1.000000000000000000, 0.000000000000000000, 0.000000000000000000 ) ) ;
#12632 = ORIENTED_EDGE ( 'NONE', *, *, #430, .F. ) ;
#12633 = CARTESIAN_POINT ( 'NONE',  ( 69.79999999999999716, 29.35000000000000853, -1.599999999999997202 ) ) ;
#12634 = CARTESIAN_POINT ( 'NONE',  ( 59.19999999999998153, 69.95000000000000284, 8.499999999999998224 ) ) ;
#12635 = CARTESIAN_POINT ( 'NONE',  ( 42.69999999999998863, 69.45000000000000284, 4.999999999999998224 ) ) ;
#12636 = CARTESIAN_POINT ( 'NONE',  ( 51.94999999999998153, 36.45000000000000284, 6.499999999999999112 ) ) ;
#12637 = DATE_AND_TIME ( #12504, #3649 ) ;
#12638 = LINE ( 'NONE', #722, #3092 ) ;
#12639 = ORIENTED_EDGE ( 'NONE', *, *, #602, .T. ) ;
#12640 = CARTESIAN_POINT ( 'NONE',  ( 52.94999999999998153, 35.45000000000000284, 6.499999999999999112 ) ) ;
#12641 = ORIENTED_EDGE ( 'NONE', *, *, #4670, .F. ) ;
#12642 = CARTESIAN_POINT ( 'NONE',  ( 62.75000043999999377, 39.24999955999999912, -4.499999999999992895 ) ) ;
#12643 = ORIENTED_EDGE ( 'NONE', *, *, #4827, .T. ) ;
#12644 = EDGE_LOOP ( 'NONE', ( #6920, #9199, #11073, #3127 ) ) ;
#12645 = DIRECTION ( 'NONE',  ( -1.000000000000000000, 0.000000000000000000, 0.000000000000000000 ) ) ;
#12646 = ORIENTED_EDGE ( 'NONE', *, *, #10197, .F. ) ;
#12647 = CARTESIAN_POINT ( 'NONE',  ( 77.69999999999998863, 24.29999999999999716, 6.699999999999999289 ) ) ;
#12648 = DIRECTION ( 'NONE',  ( 0.000000000000000000, 0.7071067811865524577, -0.7071067811865426878 ) ) ;
#12649 = ORIENTED_EDGE ( 'NONE', *, *, #5662, .F. ) ;
#12650 = CARTESIAN_POINT ( 'NONE',  ( 66.14999999999999147, 24.29999999999999716, 5.999999999999999112 ) ) ;
#12651 = VERTEX_POINT ( 'NONE', #866 ) ;
#12652 = DIRECTION ( 'NONE',  ( 0.000000000000000000, 0.000000000000000000, -1.000000000000000000 ) ) ;
#12653 = VERTEX_POINT ( 'NONE', #3606 ) ;
#12654 = VECTOR ( 'NONE', #12443, 1000.000000000000000 ) ;
#12655 = ORIENTED_EDGE ( 'NONE', *, *, #7303, .T. ) ;
#12656 = DIRECTION ( 'NONE',  ( 0.000000000000000000, -0.000000000000000000, 1.000000000000000000 ) ) ;
#12657 = CARTESIAN_POINT ( 'NONE',  ( 54.34999999999998721, 24.29999999999999361, 5.999999999999996447 ) ) ;
#12658 = DIRECTION ( 'NONE',  ( -1.000000000000000000, 0.000000000000000000, 0.000000000000000000 ) ) ;
#12659 = CARTESIAN_POINT ( 'NONE',  ( 74.75000000000000000, 43.44999999999998863, 0.000000000000000000 ) ) ;
#12660 = ADVANCED_FACE ( 'NONE', ( #5753 ), #2692, .F. ) ;
#12661 = VECTOR ( 'NONE', #4424, 1000.000000000000000 ) ;
#12662 = DIRECTION ( 'NONE',  ( 1.299418334065024873E-16, -1.000000000000000000, -0.000000000000000000 ) ) ;
#12663 = DIRECTION ( 'NONE',  ( -1.000000000000000000, 0.000000000000000000, 0.000000000000000000 ) ) ;
#12664 = DIRECTION ( 'NONE',  ( -1.000000000000000000, 0.000000000000000000, 0.000000000000000000 ) ) ;
#12665 = VERTEX_POINT ( 'NONE', #9780 ) ;
#12666 = ORIENTED_EDGE ( 'NONE', *, *, #12391, .F. ) ;
#12667 = EDGE_LOOP ( 'NONE', ( #7903, #12337, #11818, #6026 ) ) ;
#12668 = CARTESIAN_POINT ( 'NONE',  ( 65.75000043999999377, 39.24999955999999912, -4.000000000000000000 ) ) ;
#12669 = DIRECTION ( 'NONE',  ( -1.000000000000000000, 0.000000000000000000, 0.000000000000000000 ) ) ;
#12670 = EDGE_LOOP ( 'NONE', ( #690, #5964, #2045, #6664 ) ) ;
#12671 = CIRCLE ( 'NONE', #9546, 2.000000000000001776 ) ;
#12672 = EDGE_LOOP ( 'NONE', ( #9501, #1843 ) ) ;
#12673 = LINE ( 'NONE', #7468, #2426 ) ;
#12674 = CARTESIAN_POINT ( 'NONE',  ( 29.00000000000000000, 73.00000000000000000, -8.535533905932741305 ) ) ;
#12675 = CARTESIAN_POINT ( 'NONE',  ( 70.49999999999998579, 31.67905841137542922, 0.000000000000000000 ) ) ;
#12676 = DIRECTION ( 'NONE',  ( 1.000000000000000000, 0.000000000000000000, 0.000000000000000000 ) ) ;
#12677 = CIRCLE ( 'NONE', #3541, 0.4999999999999995559 ) ;
#12678 = VECTOR ( 'NONE', #12044, 1000.000000000000000 ) ;
#12679 = VECTOR ( 'NONE', #1917, 1000.000000000000000 ) ;
#12680 = EDGE_CURVE ( 'NONE', #8158, #11036, #6531, .T. ) ;
#12681 = DIRECTION ( 'NONE',  ( -0.000000000000000000, -1.000000000000000000, 0.000000000000000000 ) ) ;
#12682 = CARTESIAN_POINT ( 'NONE',  ( 30.24999999999998579, 69.74999999999998579, -1.600000000000000311 ) ) ;
#12683 = ADVANCED_FACE ( 'NONE', ( #1650 ), #9717, .F. ) ;
#12684 = CARTESIAN_POINT ( 'NONE',  ( 76.25000000000000000, 25.75000000000000000, 0.000000000000000000 ) ) ;
#12685 = CYLINDRICAL_SURFACE ( 'NONE', #74, 1.000000000000000888 ) ;
#12686 = EDGE_CURVE ( 'NONE', #1721, #9335, #12521, .T. ) ;
#12687 = CARTESIAN_POINT ( 'NONE',  ( 34.24999999999998579, 74.64999999999997726, -4.000000000000000000 ) ) ;
#12688 = ORIENTED_EDGE ( 'NONE', *, *, #533, .F. ) ;
#12689 = EDGE_CURVE ( 'NONE', #10871, #1384, #4644, .T. ) ;
#12690 = AXIS2_PLACEMENT_3D ( 'NONE', #11814, #4005, #5830 ) ;
#12691 = DIRECTION ( 'NONE',  ( 0.000000000000000000, 0.000000000000000000, 1.000000000000000000 ) ) ;
#12692 = DIRECTION ( 'NONE',  ( 1.374038396813312784E-16, 1.000000000000000000, -1.178480622266852710E-16 ) ) ;
#12693 = CIRCLE ( 'NONE', #4798, 0.4999999999999995559 ) ;
#12694 = ORIENTED_EDGE ( 'NONE', *, *, #12461, .T. ) ;
#12695 = DIRECTION ( 'NONE',  ( -1.000000000000000000, 0.000000000000000000, 0.000000000000000000 ) ) ;
#12696 = EDGE_CURVE ( 'NONE', #8447, #2909, #4049, .T. ) ;
#12697 = EDGE_CURVE ( 'NONE', #6667, #11210, #503, .T. ) ;
#12698 = DIRECTION ( 'NONE',  ( 1.000000000000000000, 1.299418334065024380E-16, 0.000000000000000000 ) ) ;
#12699 = PERSON_AND_ORGANIZATION ( #6428, #3852 ) ;
#12700 = EDGE_CURVE ( 'NONE', #9323, #7224, #7151, .T. ) ;
#12701 = VECTOR ( 'NONE', #12845, 1000.000000000000000 ) ;
#12702 = CARTESIAN_POINT ( 'NONE',  ( 63.14999999999998437, 24.49999999999997158, 0.02537095144379032663 ) ) ;
#12703 = ORIENTED_EDGE ( 'NONE', *, *, #1082, .T. ) ;
#12704 = DIRECTION ( 'NONE',  ( 0.000000000000000000, -0.000000000000000000, 1.000000000000000000 ) ) ;
#12705 = ORIENTED_EDGE ( 'NONE', *, *, #5662, .T. ) ;
#12706 = CARTESIAN_POINT ( 'NONE',  ( 63.64999999999998437, 25.75000000000000000, 0.02537095144379032663 ) ) ;
#12707 = VERTEX_POINT ( 'NONE', #12844 ) ;
#12708 = VERTEX_POINT ( 'NONE', #2945 ) ;
#12709 = LINE ( 'NONE', #8360, #10004 ) ;
#12710 = LINE ( 'NONE', #11797, #10903 ) ;
#12711 = AXIS2_PLACEMENT_3D ( 'NONE', #7052, #12258, #8143 ) ;
#12712 = FACE_OUTER_BOUND ( 'NONE', #5022, .T. ) ;
#12713 = ORIENTED_EDGE ( 'NONE', *, *, #1325, .T. ) ;
#12714 = DIRECTION ( 'NONE',  ( 0.000000000000000000, 0.000000000000000000, -1.000000000000000000 ) ) ;
#12715 = AXIS2_PLACEMENT_3D ( 'NONE', #8672, #12778, #7688 ) ;
#12716 = CARTESIAN_POINT ( 'NONE',  ( 73.69999999999998863, 24.29999999999999716, -4.499999999999993783 ) ) ;
#12717 = ADVANCED_FACE ( 'NONE', ( #11004 ), #11318, .F. ) ;
#12718 = ORIENTED_EDGE ( 'NONE', *, *, #7515, .F. ) ;
#12719 = CARTESIAN_POINT ( 'NONE',  ( 74.64999999999997726, 64.96099999999999852, 2.255601768855265199 ) ) ;
#12720 = VERTEX_POINT ( 'NONE', #5094 ) ;
#12721 = DIRECTION ( 'NONE',  ( -0.000000000000000000, -1.000000000000000000, -0.000000000000000000 ) ) ;
#12722 = ORIENTED_EDGE ( 'NONE', *, *, #849, .F. ) ;
#12723 = ORIENTED_EDGE ( 'NONE', *, *, #4746, .F. ) ;
#12724 = LINE ( 'NONE', #7768, #116 ) ;
#12725 = AXIS2_PLACEMENT_3D ( 'NONE', #12213, #8160, #296 ) ;
#12726 = VECTOR ( 'NONE', #8329, 1000.000000000000000 ) ;
#12727 = DIRECTION ( 'NONE',  ( 0.000000000000000000, 0.000000000000000000, 1.000000000000000000 ) ) ;
#12728 = CARTESIAN_POINT ( 'NONE',  ( 54.14999999999999147, 25.75000000000000000, -3.500000000000003109 ) ) ;
#12729 = CARTESIAN_POINT ( 'NONE',  ( 72.63799999999999102, 66.46100000000001273, 2.255601768855265199 ) ) ;
#12730 = DIRECTION ( 'NONE',  ( 0.000000000000000000, 1.000000000000000000, 0.000000000000000000 ) ) ;
#12731 = DIRECTION ( 'NONE',  ( 0.000000000000000000, 0.000000000000000000, 1.000000000000000000 ) ) ;
#12732 = DIRECTION ( 'NONE',  ( 0.000000000000000000, -0.000000000000000000, -1.000000000000000000 ) ) ;
#12733 = CIRCLE ( 'NONE', #7109, 0.5000000000000004441 ) ;
#12734 = ORIENTED_EDGE ( 'NONE', *, *, #1317, .T. ) ;
#12735 = CIRCLE ( 'NONE', #10644, 0.5000000000000001110 ) ;
#12736 = ORIENTED_EDGE ( 'NONE', *, *, #7604, .F. ) ;
#12737 = VERTEX_POINT ( 'NONE', #10084 ) ;
#12738 = CARTESIAN_POINT ( 'NONE',  ( 57.64999999999999147, 24.49999999999999289, 6.499999999999999112 ) ) ;
#12739 = EDGE_CURVE ( 'NONE', #3020, #3307, #10819, .T. ) ;
#12740 = CARTESIAN_POINT ( 'NONE',  ( 73.25000000000000000, 76.25000000000000000, 0.000000000000000000 ) ) ;
#12741 = ORIENTED_EDGE ( 'NONE', *, *, #7694, .F. ) ;
#12742 = VERTEX_POINT ( 'NONE', #7098 ) ;
#12743 = CARTESIAN_POINT ( 'NONE',  ( 74.59999999999999432, 29.00000000000000000, 0.000000000000000000 ) ) ;
#12744 = CYLINDRICAL_SURFACE ( 'NONE', #5100, 3.000000000000002665 ) ;
#12745 = VECTOR ( 'NONE', #10343, 1000.000000000000000 ) ;
#12746 = DIRECTION ( 'NONE',  ( 1.299418334065024873E-16, -1.000000000000000000, -0.000000000000000000 ) ) ;
#12747 = CARTESIAN_POINT ( 'NONE',  ( 66.14999999999999147, 24.29999999999999716, -0.1746290485561896033 ) ) ;
#12748 = DIRECTION ( 'NONE',  ( -1.000000000000000000, 0.000000000000000000, -0.000000000000000000 ) ) ;
#12749 = VECTOR ( 'NONE', #9207, 1000.000000000000000 ) ;
#12750 = CARTESIAN_POINT ( 'NONE',  ( 77.19999999999998863, 28.29999999999999716, -5.000000000000000000 ) ) ;
#12751 = PLANE ( 'NONE',  #3185 ) ;
#12752 = CIRCLE ( 'NONE', #9837, 1.250000000000001110 ) ;
#12753 = CARTESIAN_POINT ( 'NONE',  ( 76.69999999999998863, 39.40749664306598987, 4.823999333381999932 ) ) ;
#12754 = DIRECTION ( 'NONE',  ( 0.000000000000000000, 1.000000000000000000, 0.000000000000000000 ) ) ;
#12755 = ORIENTED_EDGE ( 'NONE', *, *, #1402, .F. ) ;
#12756 = CARTESIAN_POINT ( 'NONE',  ( 63.14999999999998437, 25.75000000000000000, 6.499999999999999112 ) ) ;
#12757 = CARTESIAN_POINT ( 'NONE',  ( 76.25000000000000000, 34.00749664306601261, 3.323999333381996824 ) ) ;
#12758 = VERTEX_POINT ( 'NONE', #9840 ) ;
#12759 = DIRECTION ( 'NONE',  ( -1.000000000000000000, 0.000000000000000000, 0.000000000000000000 ) ) ;
#12760 = EDGE_CURVE ( 'NONE', #6009, #3394, #11306, .T. ) ;
#12761 = CIRCLE ( 'NONE', #6523, 2.000000000000001776 ) ;
#12762 = AXIS2_PLACEMENT_3D ( 'NONE', #6893, #4693, #8654 ) ;
#12763 = CARTESIAN_POINT ( 'NONE',  ( 37.24999955999998491, 28.74999999999999645, -5.000000000000000000 ) ) ;
#12764 = LINE ( 'NONE', #6583, #12876 ) ;
#12765 = ORIENTED_EDGE ( 'NONE', *, *, #5764, .T. ) ;
#12766 = PLANE ( 'NONE',  #3650 ) ;
#12767 = ORIENTED_EDGE ( 'NONE', *, *, #7005, .F. ) ;
#12768 = EDGE_CURVE ( 'NONE', #10497, #5745, #4247, .T. ) ;
#12769 = AXIS2_PLACEMENT_3D ( 'NONE', #755, #10713, #1802 ) ;
#12770 = LINE ( 'NONE', #7030, #551 ) ;
#12771 = ORIENTED_EDGE ( 'NONE', *, *, #8302, .T. ) ;
#12772 = AXIS2_PLACEMENT_3D ( 'NONE', #6722, #10760, #4777 ) ;
#12773 = DIRECTION ( 'NONE',  ( 0.000000000000000000, 0.000000000000000000, 1.000000000000000000 ) ) ;
#12774 = CARTESIAN_POINT ( 'NONE',  ( 73.00000000000000000, 29.00000000000000000, 6.499999999999999112 ) ) ;
#12775 = VECTOR ( 'NONE', #3506, 1000.000000000000000 ) ;
#12776 = ADVANCED_FACE ( 'NONE', ( #5157 ), #77, .F. ) ;
#12777 = EDGE_CURVE ( 'NONE', #8334, #11036, #1184, .T. ) ;
#12778 = DIRECTION ( 'NONE',  ( -0.000000000000000000, -0.000000000000000000, -1.000000000000000000 ) ) ;
#12779 = EDGE_CURVE ( 'NONE', #3427, #2489, #2794, .T. ) ;
#12780 = VERTEX_POINT ( 'NONE', #999 ) ;
#12781 = AXIS2_PLACEMENT_3D ( 'NONE', #1393, #5417, #343 ) ;
#12782 = VECTOR ( 'NONE', #95, 1000.000000000000000 ) ;
#12783 = CARTESIAN_POINT ( 'NONE',  ( 63.14999999999998437, 24.29999999999999361, 6.699999999999978861 ) ) ;
#12784 = CARTESIAN_POINT ( 'NONE',  ( 77.69999999999998863, 24.29999999999999716, 9.500000000000005329 ) ) ;
#12785 = AXIS2_PLACEMENT_3D ( 'NONE', #791, #1838, #8858 ) ;
#12786 = ADVANCED_FACE ( 'NONE', ( #9115 ), #149, .F. ) ;
#12787 = EDGE_LOOP ( 'NONE', ( #3489, #7884, #9413, #2635 ) ) ;
#12788 = CYLINDRICAL_SURFACE ( 'NONE', #416, 0.5000000000000004441 ) ;
#12789 = ORIENTED_EDGE ( 'NONE', *, *, #7248, .T. ) ;
#12790 = EDGE_CURVE ( 'NONE', #7730, #3388, #4177, .T. ) ;
#12791 = DIRECTION ( 'NONE',  ( -0.000000000000000000, 0.000000000000000000, 1.000000000000000000 ) ) ;
#12792 = ORIENTED_EDGE ( 'NONE', *, *, #238, .F. ) ;
#12793 = ADVANCED_FACE ( 'NONE', ( #12117 ), #12052, .F. ) ;
#12794 = ORIENTED_EDGE ( 'NONE', *, *, #1946, .F. ) ;
#12795 = DIRECTION ( 'NONE',  ( 0.000000000000000000, -1.000000000000000000, 0.000000000000000000 ) ) ;
#12796 = VECTOR ( 'NONE', #8583, 1000.000000000000000 ) ;
#12797 = CARTESIAN_POINT ( 'NONE',  ( 53.14999999999999147, 24.29998799999999548, 5.999999999999996447 ) ) ;
#12798 = DIRECTION ( 'NONE',  ( 1.374038396813312538E-16, 1.000000000000000000, -0.000000000000000000 ) ) ;
#12799 = CARTESIAN_POINT ( 'NONE',  ( 62.45000000000000284, 24.29999999999999361, 5.999999999999998224 ) ) ;
#12800 = AXIS2_PLACEMENT_3D ( 'NONE', #11827, #6028, #3100 ) ;
#12801 = DIRECTION ( 'NONE',  ( -0.000000000000000000, 0.000000000000000000, 1.000000000000000000 ) ) ;
#12802 = CARTESIAN_POINT ( 'NONE',  ( 59.14999999999999147, 25.75000000000000000, 5.999999999999999112 ) ) ;
#12803 = CARTESIAN_POINT ( 'NONE',  ( 77.69999999999998863, 39.40749664306598987, 4.823999333381999932 ) ) ;
#12804 = ORIENTED_EDGE ( 'NONE', *, *, #11828, .F. ) ;
#12805 = VECTOR ( 'NONE', #2566, 1000.000000000000000 ) ;
#12806 = VERTEX_POINT ( 'NONE', #10880 ) ;
#12807 = ORIENTED_EDGE ( 'NONE', *, *, #11971, .F. ) ;
#12808 = LINE ( 'NONE', #12870, #2825 ) ;
#12809 = VECTOR ( 'NONE', #8949, 1000.000000000000000 ) ;
#12810 = CARTESIAN_POINT ( 'NONE',  ( 53.25000000000000000, 73.14999999999997726, -3.099999999999998757 ) ) ;
#12811 = ORIENTED_EDGE ( 'NONE', *, *, #9174, .F. ) ;
#12812 = ORIENTED_EDGE ( 'NONE', *, *, #1471, .T. ) ;
#12813 = DIRECTION ( 'NONE',  ( -0.000000000000000000, 0.000000000000000000, 1.000000000000000000 ) ) ;
#12814 = VECTOR ( 'NONE', #12026, 1000.000000000000000 ) ;
#12815 = DIRECTION ( 'NONE',  ( 0.000000000000000000, -0.000000000000000000, -1.000000000000000000 ) ) ;
#12816 = DIRECTION ( 'NONE',  ( 0.000000000000000000, 0.000000000000000000, -1.000000000000000000 ) ) ;
#12817 = VECTOR ( 'NONE', #10846, 1000.000000000000000 ) ;
#12818 = LINE ( 'NONE', #8899, #37 ) ;
#12819 = EDGE_CURVE ( 'NONE', #12372, #9559, #9233, .T. ) ;
#12820 = VECTOR ( 'NONE', #4945, 1000.000000000000000 ) ;
#12821 = CARTESIAN_POINT ( 'NONE',  ( 52.94999999999997442, 25.75000000000000000, 6.499999999999999112 ) ) ;
#12822 = LINE ( 'NONE', #10057, #1239 ) ;
#12823 = CARTESIAN_POINT ( 'NONE',  ( 73.14999999999997726, 51.75000000000000000, -3.100000000000000533 ) ) ;
#12824 = DIRECTION ( 'NONE',  ( 0.000000000000000000, 0.000000000000000000, 1.000000000000000000 ) ) ;
#12825 = CARTESIAN_POINT ( 'NONE',  ( 33.24999999999997158, 0.000000000000000000, 4.499999999999999112 ) ) ;
#12826 = ORIENTED_EDGE ( 'NONE', *, *, #6953, .F. ) ;
#12827 = FACE_OUTER_BOUND ( 'NONE', #8993, .T. ) ;
#12828 = DIRECTION ( 'NONE',  ( -0.000000000000000000, -1.000000000000000000, -0.000000000000000000 ) ) ;
#12829 = VECTOR ( 'NONE', #12754, 1000.000000000000000 ) ;
#12830 = ORIENTED_EDGE ( 'NONE', *, *, #5698, .F. ) ;
#12831 = CARTESIAN_POINT ( 'NONE',  ( 28.74999999999998934, 32.25000000000000000, -1.600000000000000311 ) ) ;
#12832 = ORIENTED_EDGE ( 'NONE', *, *, #1144, .T. ) ;
#12833 = ADVANCED_FACE ( 'NONE', ( #8923 ), #6738, .F. ) ;
#12834 = CARTESIAN_POINT ( 'NONE',  ( 67.75000000000000000, 27.25000000000000000, 0.000000000000000000 ) ) ;
#12835 = ORIENTED_EDGE ( 'NONE', *, *, #3636, .T. ) ;
#12836 = DIRECTION ( 'NONE',  ( 0.000000000000000000, 0.000000000000000000, -1.000000000000000000 ) ) ;
#12837 = ORIENTED_EDGE ( 'NONE', *, *, #1632, .F. ) ;
#12838 = DIRECTION ( 'NONE',  ( -1.000000000000000000, 1.850371707708595943E-15, 0.000000000000000000 ) ) ;
#12839 = VERTEX_POINT ( 'NONE', #4905 ) ;
#12840 = CARTESIAN_POINT ( 'NONE',  ( 63.64999999999998437, 24.29999999999999361, -0.1746290485561864947 ) ) ;
#12841 = CARTESIAN_POINT ( 'NONE',  ( 61.64999999999999147, 24.49999999999999289, 5.999999999999999112 ) ) ;
#12842 = CARTESIAN_POINT ( 'NONE',  ( 29.00000000000000000, 29.00000000000000000, -1.600000000000000311 ) ) ;
#12843 = ORIENTED_EDGE ( 'NONE', *, *, #218, .F. ) ;
#12844 = CARTESIAN_POINT ( 'NONE',  ( 71.49999999999998579, 40.94999999999998863, 8.499999999999998224 ) ) ;
#12845 = DIRECTION ( 'NONE',  ( 0.000000000000000000, 0.000000000000000000, -1.000000000000000000 ) ) ;
#12846 = EDGE_CURVE ( 'NONE', #3538, #6853, #8871, .T. ) ;
#12847 = ORIENTED_EDGE ( 'NONE', *, *, #9939, .T. ) ;
#12848 = CARTESIAN_POINT ( 'NONE',  ( 24.30000000000000782, 28.29999999999999005, -4.499999999999993783 ) ) ;
#12849 = ORIENTED_EDGE ( 'NONE', *, *, #2039, .T. ) ;
#12850 = CARTESIAN_POINT ( 'NONE',  ( 69.79999999999999716, 29.35000000000000853, -1.600000000000000311 ) ) ;
#12851 = ORIENTED_EDGE ( 'NONE', *, *, #432, .T. ) ;
#12852 = EDGE_CURVE ( 'NONE', #7465, #188, #7040, .T. ) ;
#12853 = ORIENTED_EDGE ( 'NONE', *, *, #1975, .T. ) ;
#12854 = CARTESIAN_POINT ( 'NONE',  ( 33.24999999999997158, 70.25000000000000000, 4.499999999999999112 ) ) ;
#12855 = ADVANCED_FACE ( 'NONE', ( #1118 ), #267, .T. ) ;
#12856 = CARTESIAN_POINT ( 'NONE',  ( 24.30000000000000426, 54.74999999999999289, 3.600000660000000074 ) ) ;
#12857 = EDGE_CURVE ( 'NONE', #127, #6934, #9181, .T. ) ;
#12858 = CYLINDRICAL_SURFACE ( 'NONE', #9011, 2.000000000000001776 ) ;
#12859 = EDGE_CURVE ( 'NONE', #12444, #4044, #6392, .T. ) ;
#12860 = ADVANCED_FACE ( 'NONE', ( #1510, #4243 ), #12382, .T. ) ;
#12861 = EDGE_CURVE ( 'NONE', #1966, #8425, #1346, .T. ) ;
#12862 = CARTESIAN_POINT ( 'NONE',  ( 28.30000000000000426, 77.19999999999998863, -5.000000000000000000 ) ) ;
#12863 = CARTESIAN_POINT ( 'NONE',  ( 60.14999999999999147, 25.75000000000000000, 0.5253709514437903128 ) ) ;
#12864 = EDGE_CURVE ( 'NONE', #9575, #3350, #1311, .T. ) ;
#12865 = EDGE_CURVE ( 'NONE', #7847, #10927, #9836, .T. ) ;
#12866 = DIRECTION ( 'NONE',  ( 0.000000000000000000, 1.000000000000000000, 0.000000000000000000 ) ) ;
#12867 = VERTEX_POINT ( 'NONE', #9379 ) ;
#12868 = ORIENTED_EDGE ( 'NONE', *, *, #11578, .T. ) ;
#12869 = VERTEX_POINT ( 'NONE', #8202 ) ;
#12870 = CARTESIAN_POINT ( 'NONE',  ( 63.14999999999998437, 24.29999999999999361, -0.1746290485561876882 ) ) ;
#12871 = DIRECTION ( 'NONE',  ( -0.000000000000000000, 0.000000000000000000, 1.000000000000000000 ) ) ;
#12872 = ORIENTED_EDGE ( 'NONE', *, *, #12760, .T. ) ;
#12873 = VERTEX_POINT ( 'NONE', #466 ) ;
#12874 = DIRECTION ( 'NONE',  ( -1.000000000000000000, 0.000000000000000000, 0.000000000000000000 ) ) ;
#12875 = LINE ( 'NONE', #1940, #317 ) ;
#12876 = VECTOR ( 'NONE', #4765, 1000.000000000000000 ) ;
#12877 = CARTESIAN_POINT ( 'NONE',  ( 75.90887106545882546, 40.40749664306598987, 2.323999333381999488 ) ) ;
#12878 = DIRECTION ( 'NONE',  ( -0.000000000000000000, -1.000000000000000000, 0.000000000000000000 ) ) ;
#12879 = CARTESIAN_POINT ( 'NONE',  ( 24.30000000000000426, 46.54999999999999716, 1.100000660000000963 ) ) ;
#12880 = LINE ( 'NONE', #3965, #2288 ) ;
#12881 = CIRCLE ( 'NONE', #8293, 0.7500000000000006661 ) ;
#12882 = DIRECTION ( 'NONE',  ( -1.000000000000000000, 0.000000000000000000, 0.000000000000000000 ) ) ;
#12883 = DIRECTION ( 'NONE',  ( 0.000000000000000000, 0.000000000000000000, 1.000000000000000000 ) ) ;
#12884 = DIRECTION ( 'NONE',  ( 0.000000000000000000, 0.000000000000000000, -1.000000000000000000 ) ) ;
#12885 = VERTEX_POINT ( 'NONE', #7363 ) ;
#12886 = CARTESIAN_POINT ( 'NONE',  ( 76.89999999999999147, 31.50749664306601261, 3.323999333381999932 ) ) ;
#12887 = LINE ( 'NONE', #4884, #3046 ) ;
#12888 = CARTESIAN_POINT ( 'NONE',  ( 32.24999999999998579, 25.74999999999999645, -4.000000000000003553 ) ) ;
#12889 = ORIENTED_EDGE ( 'NONE', *, *, #2277, .T. ) ;
#12890 = AXIS2_PLACEMENT_3D ( 'NONE', #11614, #9294, #3684 ) ;
#12891 = FACE_OUTER_BOUND ( 'NONE', #10719, .T. ) ;
ENDSEC;
END-ISO-10303-21;
